path,class_name,fold,true_label,predicted_label,true_class,predicted_class,correct,confidence
data/raw/Mendeley/plantvillage/Preprocessed data/Bacterial_spot227/Bs1000.jpg,Bacterial_spot227,0,0,0,Bacterial_spot227,Bacterial_spot227,True,0.9999311
data/raw/Mendeley/plantvillage/Preprocessed data/Bacterial_spot227/Bs1004.jpg,Bacterial_spot227,0,0,0,Bacterial_spot227,Bacterial_spot227,True,0.99995565
data/raw/Mendeley/plantvillage/Preprocessed data/Bacterial_spot227/Bs1008.jpg,Bacterial_spot227,0,0,0,Bacterial_spot227,Bacterial_spot227,True,0.9999927
data/raw/Mendeley/plantvillage/Preprocessed data/Bacterial_spot227/Bs1009.jpg,Bacterial_spot227,0,0,0,Bacterial_spot227,Bacterial_spot227,True,0.999969
data/raw/Mendeley/plantvillage/Preprocessed data/Bacterial_spot227/Bs1021.jpg,Bacterial_spot227,0,0,0,Bacterial_spot227,Bacterial_spot227,True,0.99998856
data/raw/Mendeley/plantvillage/Preprocessed data/Bacterial_spot227/Bs1022.jpg,Bacterial_spot227,0,0,0,Bacterial_spot227,Bacterial_spot227,True,0.9999989
data/raw/Mendeley/plantvillage/Preprocessed data/Bacterial_spot227/Bs1023.jpg,Bacterial_spot227,0,0,0,Bacterial_spot227,Bacterial_spot227,True,0.9999995
data/raw/Mendeley/plantvillage/Preprocessed data/Bacterial_spot227/Bs1026.jpg,Bacterial_spot227,0,0,0,Bacterial_spot227,Bacterial_spot227,True,0.99999535
data/raw/Mendeley/plantvillage/Preprocessed data/Bacterial_spot227/Bs1031.jpg,Bacterial_spot227,0,0,0,Bacterial_spot227,Bacterial_spot227,True,0.99998116
data/raw/Mendeley/plantvillage/Preprocessed data/Bacterial_spot227/Bs1038.jpg,Bacterial_spot227,0,0,0,Bacterial_spot227,Bacterial_spot227,True,0.99999857
data/raw/Mendeley/plantvillage/Preprocessed data/Bacterial_spot227/Bs1047.jpg,Bacterial_spot227,0,0,0,Bacterial_spot227,Bacterial_spot227,True,0.9999999
data/raw/Mendeley/plantvillage/Preprocessed data/Bacterial_spot227/Bs1055.jpg,Bacterial_spot227,0,0,0,Bacterial_spot227,Bacterial_spot227,True,0.99995327
data/raw/Mendeley/plantvillage/Preprocessed data/Bacterial_spot227/Bs1056.jpg,Bacterial_spot227,0,0,0,Bacterial_spot227,Bacterial_spot227,True,0.9999845
data/raw/Mendeley/plantvillage/Preprocessed data/Bacterial_spot227/Bs1062.jpg,Bacterial_spot227,0,0,0,Bacterial_spot227,Bacterial_spot227,True,0.9999987
data/raw/Mendeley/plantvillage/Preprocessed data/Bacterial_spot227/Bs1066.jpg,Bacterial_spot227,0,0,0,Bacterial_spot227,Bacterial_spot227,True,0.9999614
data/raw/Mendeley/plantvillage/Preprocessed data/Bacterial_spot227/Bs1069.jpg,Bacterial_spot227,0,0,0,Bacterial_spot227,Bacterial_spot227,True,0.9998586
data/raw/Mendeley/plantvillage/Preprocessed data/Bacterial_spot227/Bs1071.jpg,Bacterial_spot227,0,0,0,Bacterial_spot227,Bacterial_spot227,True,0.9375903
data/raw/Mendeley/plantvillage/Preprocessed data/Bacterial_spot227/Bs1073.jpg,Bacterial_spot227,0,0,0,Bacterial_spot227,Bacterial_spot227,True,0.9999981
data/raw/Mendeley/plantvillage/Preprocessed data/Bacterial_spot227/Bs1074.jpg,Bacterial_spot227,0,0,0,Bacterial_spot227,Bacterial_spot227,True,0.9998493
data/raw/Mendeley/plantvillage/Preprocessed data/Bacterial_spot227/Bs1079.jpg,Bacterial_spot227,0,0,0,Bacterial_spot227,Bacterial_spot227,True,0.99990666
data/raw/Mendeley/plantvillage/Preprocessed data/Bacterial_spot227/Bs1086.jpg,Bacterial_spot227,0,0,0,Bacterial_spot227,Bacterial_spot227,True,0.99987555
data/raw/Mendeley/plantvillage/Preprocessed data/Bacterial_spot227/Bs1093.jpg,Bacterial_spot227,0,0,0,Bacterial_spot227,Bacterial_spot227,True,0.9999913
data/raw/Mendeley/plantvillage/Preprocessed data/Bacterial_spot227/Bs1100.jpg,Bacterial_spot227,0,0,0,Bacterial_spot227,Bacterial_spot227,True,0.99997866
data/raw/Mendeley/plantvillage/Preprocessed data/Bacterial_spot227/Bs1102.jpg,Bacterial_spot227,0,0,0,Bacterial_spot227,Bacterial_spot227,True,0.999998
data/raw/Mendeley/plantvillage/Preprocessed data/Bacterial_spot227/Bs1104.jpg,Bacterial_spot227,0,0,0,Bacterial_spot227,Bacterial_spot227,True,0.99999774
data/raw/Mendeley/plantvillage/Preprocessed data/Bacterial_spot227/Bs1110.jpg,Bacterial_spot227,0,0,0,Bacterial_spot227,Bacterial_spot227,True,0.9993228
data/raw/Mendeley/plantvillage/Preprocessed data/Bacterial_spot227/Bs1113.jpg,Bacterial_spot227,0,0,0,Bacterial_spot227,Bacterial_spot227,True,0.9976158
data/raw/Mendeley/plantvillage/Preprocessed data/Bacterial_spot227/Bs1118.jpg,Bacterial_spot227,0,0,0,Bacterial_spot227,Bacterial_spot227,True,0.9999846
data/raw/Mendeley/plantvillage/Preprocessed data/Bacterial_spot227/Bs1126.jpg,Bacterial_spot227,0,0,0,Bacterial_spot227,Bacterial_spot227,True,0.9999331
data/raw/Mendeley/plantvillage/Preprocessed data/Bacterial_spot227/Bs1130.jpg,Bacterial_spot227,0,0,0,Bacterial_spot227,Bacterial_spot227,True,0.9308116
data/raw/Mendeley/plantvillage/Preprocessed data/Bacterial_spot227/Bs1134.jpg,Bacterial_spot227,0,0,0,Bacterial_spot227,Bacterial_spot227,True,0.99999475
data/raw/Mendeley/plantvillage/Preprocessed data/Bacterial_spot227/Bs1140.jpg,Bacterial_spot227,0,0,0,Bacterial_spot227,Bacterial_spot227,True,0.9251345
data/raw/Mendeley/plantvillage/Preprocessed data/Bacterial_spot227/Bs1148.jpg,Bacterial_spot227,0,0,0,Bacterial_spot227,Bacterial_spot227,True,0.9999993
data/raw/Mendeley/plantvillage/Preprocessed data/Bacterial_spot227/Bs1154.jpg,Bacterial_spot227,0,0,0,Bacterial_spot227,Bacterial_spot227,True,0.9998957
data/raw/Mendeley/plantvillage/Preprocessed data/Bacterial_spot227/Bs1160.jpg,Bacterial_spot227,0,0,0,Bacterial_spot227,Bacterial_spot227,True,0.99995995
data/raw/Mendeley/plantvillage/Preprocessed data/Bacterial_spot227/Bs1163.jpg,Bacterial_spot227,0,0,0,Bacterial_spot227,Bacterial_spot227,True,0.9999989
data/raw/Mendeley/plantvillage/Preprocessed data/Bacterial_spot227/Bs1164.jpg,Bacterial_spot227,0,0,0,Bacterial_spot227,Bacterial_spot227,True,0.9988612
data/raw/Mendeley/plantvillage/Preprocessed data/Bacterial_spot227/Bs1172.jpg,Bacterial_spot227,0,0,0,Bacterial_spot227,Bacterial_spot227,True,0.9999795
data/raw/Mendeley/plantvillage/Preprocessed data/Bacterial_spot227/Bs1174.jpg,Bacterial_spot227,0,0,0,Bacterial_spot227,Bacterial_spot227,True,0.9999858
data/raw/Mendeley/plantvillage/Preprocessed data/Bacterial_spot227/Bs1175.jpg,Bacterial_spot227,0,0,0,Bacterial_spot227,Bacterial_spot227,True,0.99999404
data/raw/Mendeley/plantvillage/Preprocessed data/Bacterial_spot227/Bs1182.jpg,Bacterial_spot227,0,0,0,Bacterial_spot227,Bacterial_spot227,True,0.99991465
data/raw/Mendeley/plantvillage/Preprocessed data/Bacterial_spot227/Bs1184.jpg,Bacterial_spot227,0,0,0,Bacterial_spot227,Bacterial_spot227,True,0.99996376
data/raw/Mendeley/plantvillage/Preprocessed data/Bacterial_spot227/Bs119.jpg,Bacterial_spot227,0,0,0,Bacterial_spot227,Bacterial_spot227,True,0.998939
data/raw/Mendeley/plantvillage/Preprocessed data/Bacterial_spot227/Bs1191.jpg,Bacterial_spot227,0,0,0,Bacterial_spot227,Bacterial_spot227,True,0.9999995
data/raw/Mendeley/plantvillage/Preprocessed data/Bacterial_spot227/Bs120.jpg,Bacterial_spot227,0,0,0,Bacterial_spot227,Bacterial_spot227,True,0.99998283
data/raw/Mendeley/plantvillage/Preprocessed data/Bacterial_spot227/Bs1200.jpg,Bacterial_spot227,0,0,0,Bacterial_spot227,Bacterial_spot227,True,0.99998975
data/raw/Mendeley/plantvillage/Preprocessed data/Bacterial_spot227/Bs1202.jpg,Bacterial_spot227,0,0,0,Bacterial_spot227,Bacterial_spot227,True,0.9999714
data/raw/Mendeley/plantvillage/Preprocessed data/Bacterial_spot227/Bs1218.jpg,Bacterial_spot227,0,0,0,Bacterial_spot227,Bacterial_spot227,True,0.9998367
data/raw/Mendeley/plantvillage/Preprocessed data/Bacterial_spot227/Bs122.jpg,Bacterial_spot227,0,0,0,Bacterial_spot227,Bacterial_spot227,True,0.9999881
data/raw/Mendeley/plantvillage/Preprocessed data/Bacterial_spot227/Bs1221.jpg,Bacterial_spot227,0,0,0,Bacterial_spot227,Bacterial_spot227,True,0.9966827
data/raw/Mendeley/plantvillage/Preprocessed data/Bacterial_spot227/Bs1222.jpg,Bacterial_spot227,0,0,0,Bacterial_spot227,Bacterial_spot227,True,0.9962167
data/raw/Mendeley/plantvillage/Preprocessed data/Bacterial_spot227/Bs1227.jpg,Bacterial_spot227,0,0,0,Bacterial_spot227,Bacterial_spot227,True,0.9996136
data/raw/Mendeley/plantvillage/Preprocessed data/Bacterial_spot227/Bs1232.jpg,Bacterial_spot227,0,0,0,Bacterial_spot227,Bacterial_spot227,True,0.9987463
data/raw/Mendeley/plantvillage/Preprocessed data/Bacterial_spot227/Bs1243.jpg,Bacterial_spot227,0,0,0,Bacterial_spot227,Bacterial_spot227,True,0.98779464
data/raw/Mendeley/plantvillage/Preprocessed data/Bacterial_spot227/Bs1247.jpg,Bacterial_spot227,0,0,0,Bacterial_spot227,Bacterial_spot227,True,0.999987
data/raw/Mendeley/plantvillage/Preprocessed data/Bacterial_spot227/Bs1255.jpg,Bacterial_spot227,0,0,0,Bacterial_spot227,Bacterial_spot227,True,0.68608236
data/raw/Mendeley/plantvillage/Preprocessed data/Bacterial_spot227/Bs1262.jpg,Bacterial_spot227,0,0,0,Bacterial_spot227,Bacterial_spot227,True,0.99885046
data/raw/Mendeley/plantvillage/Preprocessed data/Bacterial_spot227/Bs1263.jpg,Bacterial_spot227,0,0,0,Bacterial_spot227,Bacterial_spot227,True,0.999998
data/raw/Mendeley/plantvillage/Preprocessed data/Bacterial_spot227/Bs1264.jpg,Bacterial_spot227,0,0,0,Bacterial_spot227,Bacterial_spot227,True,0.9999995
data/raw/Mendeley/plantvillage/Preprocessed data/Bacterial_spot227/Bs1272.jpg,Bacterial_spot227,0,0,0,Bacterial_spot227,Bacterial_spot227,True,0.9999988
data/raw/Mendeley/plantvillage/Preprocessed data/Bacterial_spot227/Bs1282.jpg,Bacterial_spot227,0,0,0,Bacterial_spot227,Bacterial_spot227,True,0.9993161
data/raw/Mendeley/plantvillage/Preprocessed data/Bacterial_spot227/Bs1285.jpg,Bacterial_spot227,0,0,0,Bacterial_spot227,Bacterial_spot227,True,0.9999641
data/raw/Mendeley/plantvillage/Preprocessed data/Bacterial_spot227/Bs1286.jpg,Bacterial_spot227,0,0,0,Bacterial_spot227,Bacterial_spot227,True,0.9999063
data/raw/Mendeley/plantvillage/Preprocessed data/Bacterial_spot227/Bs1287.jpg,Bacterial_spot227,0,0,0,Bacterial_spot227,Bacterial_spot227,True,0.99983203
data/raw/Mendeley/plantvillage/Preprocessed data/Bacterial_spot227/Bs1289.jpg,Bacterial_spot227,0,0,0,Bacterial_spot227,Bacterial_spot227,True,0.9999865
data/raw/Mendeley/plantvillage/Preprocessed data/Bacterial_spot227/Bs1290.jpg,Bacterial_spot227,0,0,0,Bacterial_spot227,Bacterial_spot227,True,0.99999976
data/raw/Mendeley/plantvillage/Preprocessed data/Bacterial_spot227/Bs13.jpg,Bacterial_spot227,0,0,0,Bacterial_spot227,Bacterial_spot227,True,0.9999347
data/raw/Mendeley/plantvillage/Preprocessed data/Bacterial_spot227/Bs132.jpg,Bacterial_spot227,0,0,0,Bacterial_spot227,Bacterial_spot227,True,0.99532264
data/raw/Mendeley/plantvillage/Preprocessed data/Bacterial_spot227/Bs1320.jpg,Bacterial_spot227,0,0,0,Bacterial_spot227,Bacterial_spot227,True,0.9999975
data/raw/Mendeley/plantvillage/Preprocessed data/Bacterial_spot227/Bs1324.jpg,Bacterial_spot227,0,0,0,Bacterial_spot227,Bacterial_spot227,True,0.999985
data/raw/Mendeley/plantvillage/Preprocessed data/Bacterial_spot227/Bs1327.jpg,Bacterial_spot227,0,0,0,Bacterial_spot227,Bacterial_spot227,True,0.99997807
data/raw/Mendeley/plantvillage/Preprocessed data/Bacterial_spot227/Bs1328.jpg,Bacterial_spot227,0,0,0,Bacterial_spot227,Bacterial_spot227,True,0.9999987
data/raw/Mendeley/plantvillage/Preprocessed data/Bacterial_spot227/Bs1332.jpg,Bacterial_spot227,0,0,0,Bacterial_spot227,Bacterial_spot227,True,0.9999888
data/raw/Mendeley/plantvillage/Preprocessed data/Bacterial_spot227/Bs1333.jpg,Bacterial_spot227,0,0,0,Bacterial_spot227,Bacterial_spot227,True,0.99877435
data/raw/Mendeley/plantvillage/Preprocessed data/Bacterial_spot227/Bs1335.jpg,Bacterial_spot227,0,0,0,Bacterial_spot227,Bacterial_spot227,True,0.9993228
data/raw/Mendeley/plantvillage/Preprocessed data/Bacterial_spot227/Bs1337.jpg,Bacterial_spot227,0,0,0,Bacterial_spot227,Bacterial_spot227,True,0.99996495
data/raw/Mendeley/plantvillage/Preprocessed data/Bacterial_spot227/Bs1346.jpg,Bacterial_spot227,0,0,0,Bacterial_spot227,Bacterial_spot227,True,0.99861443
data/raw/Mendeley/plantvillage/Preprocessed data/Bacterial_spot227/Bs1348.jpg,Bacterial_spot227,0,0,0,Bacterial_spot227,Bacterial_spot227,True,0.9999913
data/raw/Mendeley/plantvillage/Preprocessed data/Bacterial_spot227/Bs1374.jpg,Bacterial_spot227,0,0,0,Bacterial_spot227,Bacterial_spot227,True,0.99989605
data/raw/Mendeley/plantvillage/Preprocessed data/Bacterial_spot227/Bs1379.jpg,Bacterial_spot227,0,0,0,Bacterial_spot227,Bacterial_spot227,True,0.9999956
data/raw/Mendeley/plantvillage/Preprocessed data/Bacterial_spot227/Bs1385.jpg,Bacterial_spot227,0,0,0,Bacterial_spot227,Bacterial_spot227,True,0.99929845
data/raw/Mendeley/plantvillage/Preprocessed data/Bacterial_spot227/Bs1389.jpg,Bacterial_spot227,0,0,0,Bacterial_spot227,Bacterial_spot227,True,0.9999951
data/raw/Mendeley/plantvillage/Preprocessed data/Bacterial_spot227/Bs1402.jpg,Bacterial_spot227,0,0,0,Bacterial_spot227,Bacterial_spot227,True,0.99996793
data/raw/Mendeley/plantvillage/Preprocessed data/Bacterial_spot227/Bs1406.jpg,Bacterial_spot227,0,0,0,Bacterial_spot227,Bacterial_spot227,True,0.9998878
data/raw/Mendeley/plantvillage/Preprocessed data/Bacterial_spot227/Bs1409.jpg,Bacterial_spot227,0,0,0,Bacterial_spot227,Bacterial_spot227,True,0.9999999
data/raw/Mendeley/plantvillage/Preprocessed data/Bacterial_spot227/Bs1411.jpg,Bacterial_spot227,0,0,0,Bacterial_spot227,Bacterial_spot227,True,0.99974686
data/raw/Mendeley/plantvillage/Preprocessed data/Bacterial_spot227/Bs1415.jpg,Bacterial_spot227,0,0,0,Bacterial_spot227,Bacterial_spot227,True,0.9999995
data/raw/Mendeley/plantvillage/Preprocessed data/Bacterial_spot227/Bs1420.jpg,Bacterial_spot227,0,0,0,Bacterial_spot227,Bacterial_spot227,True,0.99999356
data/raw/Mendeley/plantvillage/Preprocessed data/Bacterial_spot227/Bs143.jpg,Bacterial_spot227,0,0,0,Bacterial_spot227,Bacterial_spot227,True,0.99999976
data/raw/Mendeley/plantvillage/Preprocessed data/Bacterial_spot227/Bs1439.jpg,Bacterial_spot227,0,0,0,Bacterial_spot227,Bacterial_spot227,True,0.9999896
data/raw/Mendeley/plantvillage/Preprocessed data/Bacterial_spot227/Bs1453.jpg,Bacterial_spot227,0,0,0,Bacterial_spot227,Bacterial_spot227,True,0.9999889
data/raw/Mendeley/plantvillage/Preprocessed data/Bacterial_spot227/Bs1454.jpg,Bacterial_spot227,0,0,0,Bacterial_spot227,Bacterial_spot227,True,0.99976903
data/raw/Mendeley/plantvillage/Preprocessed data/Bacterial_spot227/Bs1458.jpg,Bacterial_spot227,0,0,0,Bacterial_spot227,Bacterial_spot227,True,0.99999964
data/raw/Mendeley/plantvillage/Preprocessed data/Bacterial_spot227/Bs1463.jpg,Bacterial_spot227,0,0,0,Bacterial_spot227,Bacterial_spot227,True,0.99998605
data/raw/Mendeley/plantvillage/Preprocessed data/Bacterial_spot227/Bs1466.jpg,Bacterial_spot227,0,0,0,Bacterial_spot227,Bacterial_spot227,True,0.9998888
data/raw/Mendeley/plantvillage/Preprocessed data/Bacterial_spot227/Bs147.jpg,Bacterial_spot227,0,0,0,Bacterial_spot227,Bacterial_spot227,True,0.9999999
data/raw/Mendeley/plantvillage/Preprocessed data/Bacterial_spot227/Bs1471.jpg,Bacterial_spot227,0,0,0,Bacterial_spot227,Bacterial_spot227,True,1.0
data/raw/Mendeley/plantvillage/Preprocessed data/Bacterial_spot227/Bs1472.jpg,Bacterial_spot227,0,0,0,Bacterial_spot227,Bacterial_spot227,True,0.9999671
data/raw/Mendeley/plantvillage/Preprocessed data/Bacterial_spot227/Bs1476.jpg,Bacterial_spot227,0,0,0,Bacterial_spot227,Bacterial_spot227,True,0.9998827
data/raw/Mendeley/plantvillage/Preprocessed data/Bacterial_spot227/Bs1479.jpg,Bacterial_spot227,0,0,0,Bacterial_spot227,Bacterial_spot227,True,0.9999132
data/raw/Mendeley/plantvillage/Preprocessed data/Bacterial_spot227/Bs1481.jpg,Bacterial_spot227,0,0,0,Bacterial_spot227,Bacterial_spot227,True,0.9979962
data/raw/Mendeley/plantvillage/Preprocessed data/Bacterial_spot227/Bs1486.jpg,Bacterial_spot227,0,0,0,Bacterial_spot227,Bacterial_spot227,True,0.9998684
data/raw/Mendeley/plantvillage/Preprocessed data/Bacterial_spot227/Bs1489.jpg,Bacterial_spot227,0,0,0,Bacterial_spot227,Bacterial_spot227,True,0.98777175
data/raw/Mendeley/plantvillage/Preprocessed data/Bacterial_spot227/Bs1490.jpg,Bacterial_spot227,0,0,0,Bacterial_spot227,Bacterial_spot227,True,0.9998455
data/raw/Mendeley/plantvillage/Preprocessed data/Bacterial_spot227/Bs1495.jpg,Bacterial_spot227,0,0,0,Bacterial_spot227,Bacterial_spot227,True,0.9999958
data/raw/Mendeley/plantvillage/Preprocessed data/Bacterial_spot227/Bs1497.jpg,Bacterial_spot227,0,0,0,Bacterial_spot227,Bacterial_spot227,True,0.999905
data/raw/Mendeley/plantvillage/Preprocessed data/Bacterial_spot227/Bs1498.jpg,Bacterial_spot227,0,0,0,Bacterial_spot227,Bacterial_spot227,True,0.99997663
data/raw/Mendeley/plantvillage/Preprocessed data/Bacterial_spot227/Bs15.jpg,Bacterial_spot227,0,0,0,Bacterial_spot227,Bacterial_spot227,True,0.9999746
data/raw/Mendeley/plantvillage/Preprocessed data/Bacterial_spot227/Bs1504.jpg,Bacterial_spot227,0,0,0,Bacterial_spot227,Bacterial_spot227,True,0.9998222
data/raw/Mendeley/plantvillage/Preprocessed data/Bacterial_spot227/Bs1515.jpg,Bacterial_spot227,0,0,0,Bacterial_spot227,Bacterial_spot227,True,0.9998192
data/raw/Mendeley/plantvillage/Preprocessed data/Bacterial_spot227/Bs1518.jpg,Bacterial_spot227,0,0,0,Bacterial_spot227,Bacterial_spot227,True,0.99999964
data/raw/Mendeley/plantvillage/Preprocessed data/Bacterial_spot227/Bs1521.jpg,Bacterial_spot227,0,0,0,Bacterial_spot227,Bacterial_spot227,True,0.99999833
data/raw/Mendeley/plantvillage/Preprocessed data/Bacterial_spot227/Bs1526.jpg,Bacterial_spot227,0,0,0,Bacterial_spot227,Bacterial_spot227,True,0.9998708
data/raw/Mendeley/plantvillage/Preprocessed data/Bacterial_spot227/Bs1530.jpg,Bacterial_spot227,0,0,0,Bacterial_spot227,Bacterial_spot227,True,0.9999802
data/raw/Mendeley/plantvillage/Preprocessed data/Bacterial_spot227/Bs1537.jpg,Bacterial_spot227,0,0,0,Bacterial_spot227,Bacterial_spot227,True,0.99991393
data/raw/Mendeley/plantvillage/Preprocessed data/Bacterial_spot227/Bs1541.jpg,Bacterial_spot227,0,0,0,Bacterial_spot227,Bacterial_spot227,True,0.999998
data/raw/Mendeley/plantvillage/Preprocessed data/Bacterial_spot227/Bs1542.jpg,Bacterial_spot227,0,0,0,Bacterial_spot227,Bacterial_spot227,True,0.9999573
data/raw/Mendeley/plantvillage/Preprocessed data/Bacterial_spot227/Bs1551.jpg,Bacterial_spot227,0,0,0,Bacterial_spot227,Bacterial_spot227,True,0.9999993
data/raw/Mendeley/plantvillage/Preprocessed data/Bacterial_spot227/Bs1553.jpg,Bacterial_spot227,0,0,0,Bacterial_spot227,Bacterial_spot227,True,0.9999999
data/raw/Mendeley/plantvillage/Preprocessed data/Bacterial_spot227/Bs1554.jpg,Bacterial_spot227,0,0,0,Bacterial_spot227,Bacterial_spot227,True,0.99999714
data/raw/Mendeley/plantvillage/Preprocessed data/Bacterial_spot227/Bs1557.jpg,Bacterial_spot227,0,0,0,Bacterial_spot227,Bacterial_spot227,True,0.99999833
data/raw/Mendeley/plantvillage/Preprocessed data/Bacterial_spot227/Bs1558.jpg,Bacterial_spot227,0,0,0,Bacterial_spot227,Bacterial_spot227,True,0.99999547
data/raw/Mendeley/plantvillage/Preprocessed data/Bacterial_spot227/Bs1565.jpg,Bacterial_spot227,0,0,0,Bacterial_spot227,Bacterial_spot227,True,0.9951324
data/raw/Mendeley/plantvillage/Preprocessed data/Bacterial_spot227/Bs157.jpg,Bacterial_spot227,0,0,0,Bacterial_spot227,Bacterial_spot227,True,0.9999527
data/raw/Mendeley/plantvillage/Preprocessed data/Bacterial_spot227/Bs1573.jpg,Bacterial_spot227,0,0,0,Bacterial_spot227,Bacterial_spot227,True,0.9993988
data/raw/Mendeley/plantvillage/Preprocessed data/Bacterial_spot227/Bs1576.jpg,Bacterial_spot227,0,0,0,Bacterial_spot227,Bacterial_spot227,True,0.9998216
data/raw/Mendeley/plantvillage/Preprocessed data/Bacterial_spot227/Bs1585.jpg,Bacterial_spot227,0,0,0,Bacterial_spot227,Bacterial_spot227,True,0.99999344
data/raw/Mendeley/plantvillage/Preprocessed data/Bacterial_spot227/Bs1595.jpg,Bacterial_spot227,0,0,0,Bacterial_spot227,Bacterial_spot227,True,0.99982053
data/raw/Mendeley/plantvillage/Preprocessed data/Bacterial_spot227/Bs1600.jpg,Bacterial_spot227,0,0,0,Bacterial_spot227,Bacterial_spot227,True,0.99946266
data/raw/Mendeley/plantvillage/Preprocessed data/Bacterial_spot227/Bs1603.jpg,Bacterial_spot227,0,0,0,Bacterial_spot227,Bacterial_spot227,True,1.0
data/raw/Mendeley/plantvillage/Preprocessed data/Bacterial_spot227/Bs1604.jpg,Bacterial_spot227,0,0,0,Bacterial_spot227,Bacterial_spot227,True,0.9999975
data/raw/Mendeley/plantvillage/Preprocessed data/Bacterial_spot227/Bs1606.jpg,Bacterial_spot227,0,0,0,Bacterial_spot227,Bacterial_spot227,True,0.99999607
data/raw/Mendeley/plantvillage/Preprocessed data/Bacterial_spot227/Bs1611.jpg,Bacterial_spot227,0,0,0,Bacterial_spot227,Bacterial_spot227,True,0.99917287
data/raw/Mendeley/plantvillage/Preprocessed data/Bacterial_spot227/Bs1612.jpg,Bacterial_spot227,0,0,0,Bacterial_spot227,Bacterial_spot227,True,0.98913854
data/raw/Mendeley/plantvillage/Preprocessed data/Bacterial_spot227/Bs1624.jpg,Bacterial_spot227,0,0,0,Bacterial_spot227,Bacterial_spot227,True,0.9999747
data/raw/Mendeley/plantvillage/Preprocessed data/Bacterial_spot227/Bs1631.jpg,Bacterial_spot227,0,0,0,Bacterial_spot227,Bacterial_spot227,True,0.99981767
data/raw/Mendeley/plantvillage/Preprocessed data/Bacterial_spot227/Bs1633.jpg,Bacterial_spot227,0,0,0,Bacterial_spot227,Bacterial_spot227,True,0.99999976
data/raw/Mendeley/plantvillage/Preprocessed data/Bacterial_spot227/Bs1637.jpg,Bacterial_spot227,0,0,0,Bacterial_spot227,Bacterial_spot227,True,0.99998534
data/raw/Mendeley/plantvillage/Preprocessed data/Bacterial_spot227/Bs1638.jpg,Bacterial_spot227,0,0,0,Bacterial_spot227,Bacterial_spot227,True,0.9997384
data/raw/Mendeley/plantvillage/Preprocessed data/Bacterial_spot227/Bs1639.jpg,Bacterial_spot227,0,0,0,Bacterial_spot227,Bacterial_spot227,True,0.9999989
data/raw/Mendeley/plantvillage/Preprocessed data/Bacterial_spot227/Bs1640.jpg,Bacterial_spot227,0,0,0,Bacterial_spot227,Bacterial_spot227,True,0.9999976
data/raw/Mendeley/plantvillage/Preprocessed data/Bacterial_spot227/Bs1644.jpg,Bacterial_spot227,0,0,0,Bacterial_spot227,Bacterial_spot227,True,0.99996746
data/raw/Mendeley/plantvillage/Preprocessed data/Bacterial_spot227/Bs1646.jpg,Bacterial_spot227,0,0,0,Bacterial_spot227,Bacterial_spot227,True,0.9987866
data/raw/Mendeley/plantvillage/Preprocessed data/Bacterial_spot227/Bs1652.jpg,Bacterial_spot227,0,0,0,Bacterial_spot227,Bacterial_spot227,True,0.99999964
data/raw/Mendeley/plantvillage/Preprocessed data/Bacterial_spot227/Bs1655.jpg,Bacterial_spot227,0,0,0,Bacterial_spot227,Bacterial_spot227,True,0.9996872
data/raw/Mendeley/plantvillage/Preprocessed data/Bacterial_spot227/Bs1659.jpg,Bacterial_spot227,0,0,0,Bacterial_spot227,Bacterial_spot227,True,0.9997489
data/raw/Mendeley/plantvillage/Preprocessed data/Bacterial_spot227/Bs1660.jpg,Bacterial_spot227,0,0,0,Bacterial_spot227,Bacterial_spot227,True,0.9998988
data/raw/Mendeley/plantvillage/Preprocessed data/Bacterial_spot227/Bs1666.jpg,Bacterial_spot227,0,0,0,Bacterial_spot227,Bacterial_spot227,True,0.9999964
data/raw/Mendeley/plantvillage/Preprocessed data/Bacterial_spot227/Bs1672.jpg,Bacterial_spot227,0,0,0,Bacterial_spot227,Bacterial_spot227,True,0.99999976
data/raw/Mendeley/plantvillage/Preprocessed data/Bacterial_spot227/Bs1676.jpg,Bacterial_spot227,0,0,0,Bacterial_spot227,Bacterial_spot227,True,0.99561864
data/raw/Mendeley/plantvillage/Preprocessed data/Bacterial_spot227/Bs1677.jpg,Bacterial_spot227,0,0,0,Bacterial_spot227,Bacterial_spot227,True,0.9999925
data/raw/Mendeley/plantvillage/Preprocessed data/Bacterial_spot227/Bs1678.jpg,Bacterial_spot227,0,0,0,Bacterial_spot227,Bacterial_spot227,True,0.99541795
data/raw/Mendeley/plantvillage/Preprocessed data/Bacterial_spot227/Bs1680.jpg,Bacterial_spot227,0,0,0,Bacterial_spot227,Bacterial_spot227,True,0.9999831
data/raw/Mendeley/plantvillage/Preprocessed data/Bacterial_spot227/Bs1682.jpg,Bacterial_spot227,0,0,0,Bacterial_spot227,Bacterial_spot227,True,0.9985655
data/raw/Mendeley/plantvillage/Preprocessed data/Bacterial_spot227/Bs1684.jpg,Bacterial_spot227,0,0,0,Bacterial_spot227,Bacterial_spot227,True,1.0
data/raw/Mendeley/plantvillage/Preprocessed data/Bacterial_spot227/Bs17.jpg,Bacterial_spot227,0,0,0,Bacterial_spot227,Bacterial_spot227,True,0.9999846
data/raw/Mendeley/plantvillage/Preprocessed data/Bacterial_spot227/Bs1701.jpg,Bacterial_spot227,0,0,0,Bacterial_spot227,Bacterial_spot227,True,0.9978109
data/raw/Mendeley/plantvillage/Preprocessed data/Bacterial_spot227/Bs1702.jpg,Bacterial_spot227,0,0,0,Bacterial_spot227,Bacterial_spot227,True,0.97414905
data/raw/Mendeley/plantvillage/Preprocessed data/Bacterial_spot227/Bs183.jpg,Bacterial_spot227,0,0,0,Bacterial_spot227,Bacterial_spot227,True,1.0
data/raw/Mendeley/plantvillage/Preprocessed data/Bacterial_spot227/Bs188.jpg,Bacterial_spot227,0,0,0,Bacterial_spot227,Bacterial_spot227,True,0.99991
data/raw/Mendeley/plantvillage/Preprocessed data/Bacterial_spot227/Bs190.jpg,Bacterial_spot227,0,0,0,Bacterial_spot227,Bacterial_spot227,True,0.99999475
data/raw/Mendeley/plantvillage/Preprocessed data/Bacterial_spot227/Bs191.jpg,Bacterial_spot227,0,0,0,Bacterial_spot227,Bacterial_spot227,True,0.99996555
data/raw/Mendeley/plantvillage/Preprocessed data/Bacterial_spot227/Bs197.jpg,Bacterial_spot227,0,0,0,Bacterial_spot227,Bacterial_spot227,True,1.0
data/raw/Mendeley/plantvillage/Preprocessed data/Bacterial_spot227/Bs199.jpg,Bacterial_spot227,0,0,0,Bacterial_spot227,Bacterial_spot227,True,0.9908503
data/raw/Mendeley/plantvillage/Preprocessed data/Bacterial_spot227/Bs208.jpg,Bacterial_spot227,0,0,0,Bacterial_spot227,Bacterial_spot227,True,0.9999995
data/raw/Mendeley/plantvillage/Preprocessed data/Bacterial_spot227/Bs213.jpg,Bacterial_spot227,0,0,0,Bacterial_spot227,Bacterial_spot227,True,0.99999464
data/raw/Mendeley/plantvillage/Preprocessed data/Bacterial_spot227/Bs214.jpg,Bacterial_spot227,0,0,0,Bacterial_spot227,Bacterial_spot227,True,0.99998903
data/raw/Mendeley/plantvillage/Preprocessed data/Bacterial_spot227/Bs215.jpg,Bacterial_spot227,0,0,0,Bacterial_spot227,Bacterial_spot227,True,0.9999932
data/raw/Mendeley/plantvillage/Preprocessed data/Bacterial_spot227/Bs220.jpg,Bacterial_spot227,0,0,0,Bacterial_spot227,Bacterial_spot227,True,0.9999995
data/raw/Mendeley/plantvillage/Preprocessed data/Bacterial_spot227/Bs222.jpg,Bacterial_spot227,0,0,0,Bacterial_spot227,Bacterial_spot227,True,0.9999839
data/raw/Mendeley/plantvillage/Preprocessed data/Bacterial_spot227/Bs232.jpg,Bacterial_spot227,0,0,0,Bacterial_spot227,Bacterial_spot227,True,0.9999901
data/raw/Mendeley/plantvillage/Preprocessed data/Bacterial_spot227/Bs233.jpg,Bacterial_spot227,0,0,0,Bacterial_spot227,Bacterial_spot227,True,0.99979156
data/raw/Mendeley/plantvillage/Preprocessed data/Bacterial_spot227/Bs235.jpg,Bacterial_spot227,0,0,0,Bacterial_spot227,Bacterial_spot227,True,0.9829669
data/raw/Mendeley/plantvillage/Preprocessed data/Bacterial_spot227/Bs236.jpg,Bacterial_spot227,0,0,0,Bacterial_spot227,Bacterial_spot227,True,0.9999871
data/raw/Mendeley/plantvillage/Preprocessed data/Bacterial_spot227/Bs238.jpg,Bacterial_spot227,0,0,0,Bacterial_spot227,Bacterial_spot227,True,0.99999344
data/raw/Mendeley/plantvillage/Preprocessed data/Bacterial_spot227/Bs24.jpg,Bacterial_spot227,0,0,0,Bacterial_spot227,Bacterial_spot227,True,0.99986446
data/raw/Mendeley/plantvillage/Preprocessed data/Bacterial_spot227/Bs241.jpg,Bacterial_spot227,0,0,0,Bacterial_spot227,Bacterial_spot227,True,0.99999833
data/raw/Mendeley/plantvillage/Preprocessed data/Bacterial_spot227/Bs242.jpg,Bacterial_spot227,0,0,0,Bacterial_spot227,Bacterial_spot227,True,0.99999976
data/raw/Mendeley/plantvillage/Preprocessed data/Bacterial_spot227/Bs243.jpg,Bacterial_spot227,0,0,0,Bacterial_spot227,Bacterial_spot227,True,0.99983466
data/raw/Mendeley/plantvillage/Preprocessed data/Bacterial_spot227/Bs244.jpg,Bacterial_spot227,0,0,0,Bacterial_spot227,Bacterial_spot227,True,0.999995
data/raw/Mendeley/plantvillage/Preprocessed data/Bacterial_spot227/Bs248.jpg,Bacterial_spot227,0,0,0,Bacterial_spot227,Bacterial_spot227,True,0.99984264
data/raw/Mendeley/plantvillage/Preprocessed data/Bacterial_spot227/Bs252.jpg,Bacterial_spot227,0,0,0,Bacterial_spot227,Bacterial_spot227,True,0.9995912
data/raw/Mendeley/plantvillage/Preprocessed data/Bacterial_spot227/Bs255.jpg,Bacterial_spot227,0,0,0,Bacterial_spot227,Bacterial_spot227,True,0.99999976
data/raw/Mendeley/plantvillage/Preprocessed data/Bacterial_spot227/Bs269.jpg,Bacterial_spot227,0,0,0,Bacterial_spot227,Bacterial_spot227,True,0.99843234
data/raw/Mendeley/plantvillage/Preprocessed data/Bacterial_spot227/Bs270.jpg,Bacterial_spot227,0,0,0,Bacterial_spot227,Bacterial_spot227,True,0.9997787
data/raw/Mendeley/plantvillage/Preprocessed data/Bacterial_spot227/Bs274.jpg,Bacterial_spot227,0,0,0,Bacterial_spot227,Bacterial_spot227,True,0.99998045
data/raw/Mendeley/plantvillage/Preprocessed data/Bacterial_spot227/Bs275.jpg,Bacterial_spot227,0,0,0,Bacterial_spot227,Bacterial_spot227,True,0.999619
data/raw/Mendeley/plantvillage/Preprocessed data/Bacterial_spot227/Bs283.jpg,Bacterial_spot227,0,0,0,Bacterial_spot227,Bacterial_spot227,True,0.99999785
data/raw/Mendeley/plantvillage/Preprocessed data/Bacterial_spot227/Bs286.jpg,Bacterial_spot227,0,0,0,Bacterial_spot227,Bacterial_spot227,True,0.99995494
data/raw/Mendeley/plantvillage/Preprocessed data/Bacterial_spot227/Bs289.jpg,Bacterial_spot227,0,0,0,Bacterial_spot227,Bacterial_spot227,True,0.999866
data/raw/Mendeley/plantvillage/Preprocessed data/Bacterial_spot227/Bs290.jpg,Bacterial_spot227,0,0,0,Bacterial_spot227,Bacterial_spot227,True,0.99999654
data/raw/Mendeley/plantvillage/Preprocessed data/Bacterial_spot227/Bs291.jpg,Bacterial_spot227,0,0,0,Bacterial_spot227,Bacterial_spot227,True,0.99999046
data/raw/Mendeley/plantvillage/Preprocessed data/Bacterial_spot227/Bs293.jpg,Bacterial_spot227,0,0,0,Bacterial_spot227,Bacterial_spot227,True,0.99999344
data/raw/Mendeley/plantvillage/Preprocessed data/Bacterial_spot227/Bs296.jpg,Bacterial_spot227,0,0,0,Bacterial_spot227,Bacterial_spot227,True,0.9993192
data/raw/Mendeley/plantvillage/Preprocessed data/Bacterial_spot227/Bs3.jpg,Bacterial_spot227,0,0,0,Bacterial_spot227,Bacterial_spot227,True,0.9999747
data/raw/Mendeley/plantvillage/Preprocessed data/Bacterial_spot227/Bs300.jpg,Bacterial_spot227,0,0,0,Bacterial_spot227,Bacterial_spot227,True,0.9999975
data/raw/Mendeley/plantvillage/Preprocessed data/Bacterial_spot227/Bs301.jpg,Bacterial_spot227,0,0,0,Bacterial_spot227,Bacterial_spot227,True,0.99988127
data/raw/Mendeley/plantvillage/Preprocessed data/Bacterial_spot227/Bs304.jpg,Bacterial_spot227,0,0,0,Bacterial_spot227,Bacterial_spot227,True,0.9999993
data/raw/Mendeley/plantvillage/Preprocessed data/Bacterial_spot227/Bs305.jpg,Bacterial_spot227,0,0,0,Bacterial_spot227,Bacterial_spot227,True,0.9999989
data/raw/Mendeley/plantvillage/Preprocessed data/Bacterial_spot227/Bs307.jpg,Bacterial_spot227,0,0,0,Bacterial_spot227,Bacterial_spot227,True,0.9998803
data/raw/Mendeley/plantvillage/Preprocessed data/Bacterial_spot227/Bs311.jpg,Bacterial_spot227,0,0,0,Bacterial_spot227,Bacterial_spot227,True,0.99999785
data/raw/Mendeley/plantvillage/Preprocessed data/Bacterial_spot227/Bs312.jpg,Bacterial_spot227,0,0,0,Bacterial_spot227,Bacterial_spot227,True,0.9999951
data/raw/Mendeley/plantvillage/Preprocessed data/Bacterial_spot227/Bs313.jpg,Bacterial_spot227,0,0,0,Bacterial_spot227,Bacterial_spot227,True,0.99999785
data/raw/Mendeley/plantvillage/Preprocessed data/Bacterial_spot227/Bs317.jpg,Bacterial_spot227,0,0,0,Bacterial_spot227,Bacterial_spot227,True,0.9999784
data/raw/Mendeley/plantvillage/Preprocessed data/Bacterial_spot227/Bs32.jpg,Bacterial_spot227,0,0,0,Bacterial_spot227,Bacterial_spot227,True,0.9998342
data/raw/Mendeley/plantvillage/Preprocessed data/Bacterial_spot227/Bs326.jpg,Bacterial_spot227,0,0,0,Bacterial_spot227,Bacterial_spot227,True,0.99948967
data/raw/Mendeley/plantvillage/Preprocessed data/Bacterial_spot227/Bs328.jpg,Bacterial_spot227,0,0,0,Bacterial_spot227,Bacterial_spot227,True,0.9999683
data/raw/Mendeley/plantvillage/Preprocessed data/Bacterial_spot227/Bs331.jpg,Bacterial_spot227,0,0,0,Bacterial_spot227,Bacterial_spot227,True,0.9587032
data/raw/Mendeley/plantvillage/Preprocessed data/Bacterial_spot227/Bs334.jpg,Bacterial_spot227,0,0,0,Bacterial_spot227,Bacterial_spot227,True,0.99973303
data/raw/Mendeley/plantvillage/Preprocessed data/Bacterial_spot227/Bs341.jpg,Bacterial_spot227,0,0,0,Bacterial_spot227,Bacterial_spot227,True,0.9999583
data/raw/Mendeley/plantvillage/Preprocessed data/Bacterial_spot227/Bs344.jpg,Bacterial_spot227,0,0,0,Bacterial_spot227,Bacterial_spot227,True,0.7102315
data/raw/Mendeley/plantvillage/Preprocessed data/Bacterial_spot227/Bs345.jpg,Bacterial_spot227,0,0,0,Bacterial_spot227,Bacterial_spot227,True,0.9755609
data/raw/Mendeley/plantvillage/Preprocessed data/Bacterial_spot227/Bs348.jpg,Bacterial_spot227,0,0,0,Bacterial_spot227,Bacterial_spot227,True,0.99996865
data/raw/Mendeley/plantvillage/Preprocessed data/Bacterial_spot227/Bs350.jpg,Bacterial_spot227,0,0,0,Bacterial_spot227,Bacterial_spot227,True,0.9999993
data/raw/Mendeley/plantvillage/Preprocessed data/Bacterial_spot227/Bs353.jpg,Bacterial_spot227,0,0,0,Bacterial_spot227,Bacterial_spot227,True,0.9999994
data/raw/Mendeley/plantvillage/Preprocessed data/Bacterial_spot227/Bs354.jpg,Bacterial_spot227,0,0,0,Bacterial_spot227,Bacterial_spot227,True,0.99999666
data/raw/Mendeley/plantvillage/Preprocessed data/Bacterial_spot227/Bs356.jpg,Bacterial_spot227,0,0,0,Bacterial_spot227,Bacterial_spot227,True,0.9999852
data/raw/Mendeley/plantvillage/Preprocessed data/Bacterial_spot227/Bs365.jpg,Bacterial_spot227,0,0,0,Bacterial_spot227,Bacterial_spot227,True,0.9999995
data/raw/Mendeley/plantvillage/Preprocessed data/Bacterial_spot227/Bs368.jpg,Bacterial_spot227,0,0,0,Bacterial_spot227,Bacterial_spot227,True,0.99999607
data/raw/Mendeley/plantvillage/Preprocessed data/Bacterial_spot227/Bs369.jpg,Bacterial_spot227,0,0,0,Bacterial_spot227,Bacterial_spot227,True,0.9998474
data/raw/Mendeley/plantvillage/Preprocessed data/Bacterial_spot227/Bs37.jpg,Bacterial_spot227,0,0,0,Bacterial_spot227,Bacterial_spot227,True,0.9991246
data/raw/Mendeley/plantvillage/Preprocessed data/Bacterial_spot227/Bs370.jpg,Bacterial_spot227,0,0,0,Bacterial_spot227,Bacterial_spot227,True,0.9999906
data/raw/Mendeley/plantvillage/Preprocessed data/Bacterial_spot227/Bs39.jpg,Bacterial_spot227,0,0,0,Bacterial_spot227,Bacterial_spot227,True,0.9999999
data/raw/Mendeley/plantvillage/Preprocessed data/Bacterial_spot227/Bs393.jpg,Bacterial_spot227,0,0,0,Bacterial_spot227,Bacterial_spot227,True,0.9999982
data/raw/Mendeley/plantvillage/Preprocessed data/Bacterial_spot227/Bs396.jpg,Bacterial_spot227,0,0,0,Bacterial_spot227,Bacterial_spot227,True,0.9999962
data/raw/Mendeley/plantvillage/Preprocessed data/Bacterial_spot227/Bs397.jpg,Bacterial_spot227,0,0,0,Bacterial_spot227,Bacterial_spot227,True,0.99960977
data/raw/Mendeley/plantvillage/Preprocessed data/Bacterial_spot227/Bs402.jpg,Bacterial_spot227,0,0,0,Bacterial_spot227,Bacterial_spot227,True,0.99996626
data/raw/Mendeley/plantvillage/Preprocessed data/Bacterial_spot227/Bs405.jpg,Bacterial_spot227,0,0,0,Bacterial_spot227,Bacterial_spot227,True,0.9977132
data/raw/Mendeley/plantvillage/Preprocessed data/Bacterial_spot227/Bs437.jpg,Bacterial_spot227,0,0,0,Bacterial_spot227,Bacterial_spot227,True,0.9962321
data/raw/Mendeley/plantvillage/Preprocessed data/Bacterial_spot227/Bs441.jpg,Bacterial_spot227,0,0,0,Bacterial_spot227,Bacterial_spot227,True,0.9999924
data/raw/Mendeley/plantvillage/Preprocessed data/Bacterial_spot227/Bs442.jpg,Bacterial_spot227,0,0,0,Bacterial_spot227,Bacterial_spot227,True,0.9999995
data/raw/Mendeley/plantvillage/Preprocessed data/Bacterial_spot227/Bs457.jpg,Bacterial_spot227,0,0,0,Bacterial_spot227,Bacterial_spot227,True,0.99988556
data/raw/Mendeley/plantvillage/Preprocessed data/Bacterial_spot227/Bs458.jpg,Bacterial_spot227,0,0,0,Bacterial_spot227,Bacterial_spot227,True,0.99999976
data/raw/Mendeley/plantvillage/Preprocessed data/Bacterial_spot227/Bs46.jpg,Bacterial_spot227,0,0,0,Bacterial_spot227,Bacterial_spot227,True,0.9999995
data/raw/Mendeley/plantvillage/Preprocessed data/Bacterial_spot227/Bs467.jpg,Bacterial_spot227,0,0,0,Bacterial_spot227,Bacterial_spot227,True,1.0
data/raw/Mendeley/plantvillage/Preprocessed data/Bacterial_spot227/Bs468.jpg,Bacterial_spot227,0,0,0,Bacterial_spot227,Bacterial_spot227,True,0.9999703
data/raw/Mendeley/plantvillage/Preprocessed data/Bacterial_spot227/Bs471.jpg,Bacterial_spot227,0,0,0,Bacterial_spot227,Bacterial_spot227,True,0.99997735
data/raw/Mendeley/plantvillage/Preprocessed data/Bacterial_spot227/Bs48.jpg,Bacterial_spot227,0,0,0,Bacterial_spot227,Bacterial_spot227,True,0.999041
data/raw/Mendeley/plantvillage/Preprocessed data/Bacterial_spot227/Bs485.jpg,Bacterial_spot227,0,0,0,Bacterial_spot227,Bacterial_spot227,True,0.99999475
data/raw/Mendeley/plantvillage/Preprocessed data/Bacterial_spot227/Bs499.jpg,Bacterial_spot227,0,0,0,Bacterial_spot227,Bacterial_spot227,True,0.9999399
data/raw/Mendeley/plantvillage/Preprocessed data/Bacterial_spot227/Bs5.jpg,Bacterial_spot227,0,0,0,Bacterial_spot227,Bacterial_spot227,True,0.99998176
data/raw/Mendeley/plantvillage/Preprocessed data/Bacterial_spot227/Bs501.jpg,Bacterial_spot227,0,0,0,Bacterial_spot227,Bacterial_spot227,True,0.99872094
data/raw/Mendeley/plantvillage/Preprocessed data/Bacterial_spot227/Bs507.jpg,Bacterial_spot227,0,0,0,Bacterial_spot227,Bacterial_spot227,True,0.96722096
data/raw/Mendeley/plantvillage/Preprocessed data/Bacterial_spot227/Bs510.jpg,Bacterial_spot227,0,0,0,Bacterial_spot227,Bacterial_spot227,True,0.9999908
data/raw/Mendeley/plantvillage/Preprocessed data/Bacterial_spot227/Bs511.jpg,Bacterial_spot227,0,0,0,Bacterial_spot227,Bacterial_spot227,True,0.9999995
data/raw/Mendeley/plantvillage/Preprocessed data/Bacterial_spot227/Bs518.jpg,Bacterial_spot227,0,0,0,Bacterial_spot227,Bacterial_spot227,True,0.9999876
data/raw/Mendeley/plantvillage/Preprocessed data/Bacterial_spot227/Bs528.jpg,Bacterial_spot227,0,0,0,Bacterial_spot227,Bacterial_spot227,True,0.999998
data/raw/Mendeley/plantvillage/Preprocessed data/Bacterial_spot227/Bs533.jpg,Bacterial_spot227,0,0,0,Bacterial_spot227,Bacterial_spot227,True,0.999995
data/raw/Mendeley/plantvillage/Preprocessed data/Bacterial_spot227/Bs539.jpg,Bacterial_spot227,0,0,0,Bacterial_spot227,Bacterial_spot227,True,0.99941623
data/raw/Mendeley/plantvillage/Preprocessed data/Bacterial_spot227/Bs540.jpg,Bacterial_spot227,0,0,0,Bacterial_spot227,Bacterial_spot227,True,0.9997695
data/raw/Mendeley/plantvillage/Preprocessed data/Bacterial_spot227/Bs548.jpg,Bacterial_spot227,0,0,0,Bacterial_spot227,Bacterial_spot227,True,0.99997604
data/raw/Mendeley/plantvillage/Preprocessed data/Bacterial_spot227/Bs550.jpg,Bacterial_spot227,0,0,0,Bacterial_spot227,Bacterial_spot227,True,0.9999919
data/raw/Mendeley/plantvillage/Preprocessed data/Bacterial_spot227/Bs551.jpg,Bacterial_spot227,0,0,0,Bacterial_spot227,Bacterial_spot227,True,0.9999865
data/raw/Mendeley/plantvillage/Preprocessed data/Bacterial_spot227/Bs562.jpg,Bacterial_spot227,0,0,0,Bacterial_spot227,Bacterial_spot227,True,0.99999917
data/raw/Mendeley/plantvillage/Preprocessed data/Bacterial_spot227/Bs565.jpg,Bacterial_spot227,0,0,0,Bacterial_spot227,Bacterial_spot227,True,0.9999993
data/raw/Mendeley/plantvillage/Preprocessed data/Bacterial_spot227/Bs568.jpg,Bacterial_spot227,0,0,0,Bacterial_spot227,Bacterial_spot227,True,0.99999464
data/raw/Mendeley/plantvillage/Preprocessed data/Bacterial_spot227/Bs572.jpg,Bacterial_spot227,0,0,0,Bacterial_spot227,Bacterial_spot227,True,0.99999106
data/raw/Mendeley/plantvillage/Preprocessed data/Bacterial_spot227/Bs579.jpg,Bacterial_spot227,0,0,0,Bacterial_spot227,Bacterial_spot227,True,1.0
data/raw/Mendeley/plantvillage/Preprocessed data/Bacterial_spot227/Bs597.jpg,Bacterial_spot227,0,0,0,Bacterial_spot227,Bacterial_spot227,True,0.9999999
data/raw/Mendeley/plantvillage/Preprocessed data/Bacterial_spot227/Bs60.jpg,Bacterial_spot227,0,0,0,Bacterial_spot227,Bacterial_spot227,True,0.99999714
data/raw/Mendeley/plantvillage/Preprocessed data/Bacterial_spot227/Bs604.jpg,Bacterial_spot227,0,0,0,Bacterial_spot227,Bacterial_spot227,True,0.98602074
data/raw/Mendeley/plantvillage/Preprocessed data/Bacterial_spot227/Bs609.jpg,Bacterial_spot227,0,0,0,Bacterial_spot227,Bacterial_spot227,True,0.9999994
data/raw/Mendeley/plantvillage/Preprocessed data/Bacterial_spot227/Bs615.jpg,Bacterial_spot227,0,0,0,Bacterial_spot227,Bacterial_spot227,True,0.99998426
data/raw/Mendeley/plantvillage/Preprocessed data/Bacterial_spot227/Bs618.jpg,Bacterial_spot227,0,0,0,Bacterial_spot227,Bacterial_spot227,True,0.9845014
data/raw/Mendeley/plantvillage/Preprocessed data/Bacterial_spot227/Bs625.jpg,Bacterial_spot227,0,0,0,Bacterial_spot227,Bacterial_spot227,True,0.9999995
data/raw/Mendeley/plantvillage/Preprocessed data/Bacterial_spot227/Bs627.jpg,Bacterial_spot227,0,0,0,Bacterial_spot227,Bacterial_spot227,True,0.99999535
data/raw/Mendeley/plantvillage/Preprocessed data/Bacterial_spot227/Bs628.jpg,Bacterial_spot227,0,0,0,Bacterial_spot227,Bacterial_spot227,True,0.66201085
data/raw/Mendeley/plantvillage/Preprocessed data/Bacterial_spot227/Bs631.jpg,Bacterial_spot227,0,0,0,Bacterial_spot227,Bacterial_spot227,True,0.9999894
data/raw/Mendeley/plantvillage/Preprocessed data/Bacterial_spot227/Bs641.jpg,Bacterial_spot227,0,0,0,Bacterial_spot227,Bacterial_spot227,True,0.9999982
data/raw/Mendeley/plantvillage/Preprocessed data/Bacterial_spot227/Bs642.jpg,Bacterial_spot227,0,0,0,Bacterial_spot227,Bacterial_spot227,True,0.9999932
data/raw/Mendeley/plantvillage/Preprocessed data/Bacterial_spot227/Bs644.jpg,Bacterial_spot227,0,0,0,Bacterial_spot227,Bacterial_spot227,True,0.9999995
data/raw/Mendeley/plantvillage/Preprocessed data/Bacterial_spot227/Bs653.jpg,Bacterial_spot227,0,0,0,Bacterial_spot227,Bacterial_spot227,True,0.99999595
data/raw/Mendeley/plantvillage/Preprocessed data/Bacterial_spot227/Bs657.jpg,Bacterial_spot227,0,0,0,Bacterial_spot227,Bacterial_spot227,True,0.9999982
data/raw/Mendeley/plantvillage/Preprocessed data/Bacterial_spot227/Bs664.jpg,Bacterial_spot227,0,0,0,Bacterial_spot227,Bacterial_spot227,True,0.999997
data/raw/Mendeley/plantvillage/Preprocessed data/Bacterial_spot227/Bs665.jpg,Bacterial_spot227,0,0,0,Bacterial_spot227,Bacterial_spot227,True,0.9999956
data/raw/Mendeley/plantvillage/Preprocessed data/Bacterial_spot227/Bs670.jpg,Bacterial_spot227,0,0,0,Bacterial_spot227,Bacterial_spot227,True,0.9999999
data/raw/Mendeley/plantvillage/Preprocessed data/Bacterial_spot227/Bs676.jpg,Bacterial_spot227,0,0,0,Bacterial_spot227,Bacterial_spot227,True,0.9973695
data/raw/Mendeley/plantvillage/Preprocessed data/Bacterial_spot227/Bs677.jpg,Bacterial_spot227,0,0,2,Bacterial_spot227,healthy227,False,0.5141348
data/raw/Mendeley/plantvillage/Preprocessed data/Bacterial_spot227/Bs684.jpg,Bacterial_spot227,0,0,0,Bacterial_spot227,Bacterial_spot227,True,0.9999999
data/raw/Mendeley/plantvillage/Preprocessed data/Bacterial_spot227/Bs687.jpg,Bacterial_spot227,0,0,0,Bacterial_spot227,Bacterial_spot227,True,0.9999876
data/raw/Mendeley/plantvillage/Preprocessed data/Bacterial_spot227/Bs696.jpg,Bacterial_spot227,0,0,0,Bacterial_spot227,Bacterial_spot227,True,0.99999213
data/raw/Mendeley/plantvillage/Preprocessed data/Bacterial_spot227/Bs699.jpg,Bacterial_spot227,0,0,0,Bacterial_spot227,Bacterial_spot227,True,0.9999671
data/raw/Mendeley/plantvillage/Preprocessed data/Bacterial_spot227/Bs7.jpg,Bacterial_spot227,0,0,0,Bacterial_spot227,Bacterial_spot227,True,0.9999778
data/raw/Mendeley/plantvillage/Preprocessed data/Bacterial_spot227/Bs702.jpg,Bacterial_spot227,0,0,0,Bacterial_spot227,Bacterial_spot227,True,0.99999845
data/raw/Mendeley/plantvillage/Preprocessed data/Bacterial_spot227/Bs703.jpg,Bacterial_spot227,0,0,0,Bacterial_spot227,Bacterial_spot227,True,0.9999982
data/raw/Mendeley/plantvillage/Preprocessed data/Bacterial_spot227/Bs718.jpg,Bacterial_spot227,0,0,0,Bacterial_spot227,Bacterial_spot227,True,0.9999505
data/raw/Mendeley/plantvillage/Preprocessed data/Bacterial_spot227/Bs724.jpg,Bacterial_spot227,0,0,0,Bacterial_spot227,Bacterial_spot227,True,0.99999833
data/raw/Mendeley/plantvillage/Preprocessed data/Bacterial_spot227/Bs73.jpg,Bacterial_spot227,0,0,0,Bacterial_spot227,Bacterial_spot227,True,0.9999981
data/raw/Mendeley/plantvillage/Preprocessed data/Bacterial_spot227/Bs733.jpg,Bacterial_spot227,0,0,0,Bacterial_spot227,Bacterial_spot227,True,0.9995845
data/raw/Mendeley/plantvillage/Preprocessed data/Bacterial_spot227/Bs734.jpg,Bacterial_spot227,0,0,0,Bacterial_spot227,Bacterial_spot227,True,0.9999906
data/raw/Mendeley/plantvillage/Preprocessed data/Bacterial_spot227/Bs737.jpg,Bacterial_spot227,0,0,0,Bacterial_spot227,Bacterial_spot227,True,0.999972
data/raw/Mendeley/plantvillage/Preprocessed data/Bacterial_spot227/Bs740.jpg,Bacterial_spot227,0,0,0,Bacterial_spot227,Bacterial_spot227,True,0.9999598
data/raw/Mendeley/plantvillage/Preprocessed data/Bacterial_spot227/Bs745.jpg,Bacterial_spot227,0,0,0,Bacterial_spot227,Bacterial_spot227,True,0.99998116
data/raw/Mendeley/plantvillage/Preprocessed data/Bacterial_spot227/Bs753.jpg,Bacterial_spot227,0,0,0,Bacterial_spot227,Bacterial_spot227,True,0.9999963
data/raw/Mendeley/plantvillage/Preprocessed data/Bacterial_spot227/Bs755.jpg,Bacterial_spot227,0,0,0,Bacterial_spot227,Bacterial_spot227,True,0.9999999
data/raw/Mendeley/plantvillage/Preprocessed data/Bacterial_spot227/Bs764.jpg,Bacterial_spot227,0,0,0,Bacterial_spot227,Bacterial_spot227,True,0.9999213
data/raw/Mendeley/plantvillage/Preprocessed data/Bacterial_spot227/Bs772.jpg,Bacterial_spot227,0,0,0,Bacterial_spot227,Bacterial_spot227,True,0.9999851
data/raw/Mendeley/plantvillage/Preprocessed data/Bacterial_spot227/Bs776.jpg,Bacterial_spot227,0,0,0,Bacterial_spot227,Bacterial_spot227,True,0.99602926
data/raw/Mendeley/plantvillage/Preprocessed data/Bacterial_spot227/Bs779.jpg,Bacterial_spot227,0,0,0,Bacterial_spot227,Bacterial_spot227,True,0.9999988
data/raw/Mendeley/plantvillage/Preprocessed data/Bacterial_spot227/Bs780.jpg,Bacterial_spot227,0,0,0,Bacterial_spot227,Bacterial_spot227,True,0.9999989
data/raw/Mendeley/plantvillage/Preprocessed data/Bacterial_spot227/Bs781.jpg,Bacterial_spot227,0,0,0,Bacterial_spot227,Bacterial_spot227,True,0.9984413
data/raw/Mendeley/plantvillage/Preprocessed data/Bacterial_spot227/Bs784.jpg,Bacterial_spot227,0,0,0,Bacterial_spot227,Bacterial_spot227,True,0.9999995
data/raw/Mendeley/plantvillage/Preprocessed data/Bacterial_spot227/Bs786.jpg,Bacterial_spot227,0,0,0,Bacterial_spot227,Bacterial_spot227,True,0.99998033
data/raw/Mendeley/plantvillage/Preprocessed data/Bacterial_spot227/Bs789.jpg,Bacterial_spot227,0,0,0,Bacterial_spot227,Bacterial_spot227,True,0.99994373
data/raw/Mendeley/plantvillage/Preprocessed data/Bacterial_spot227/Bs797.jpg,Bacterial_spot227,0,0,0,Bacterial_spot227,Bacterial_spot227,True,0.99995553
data/raw/Mendeley/plantvillage/Preprocessed data/Bacterial_spot227/Bs799.jpg,Bacterial_spot227,0,0,0,Bacterial_spot227,Bacterial_spot227,True,0.99985754
data/raw/Mendeley/plantvillage/Preprocessed data/Bacterial_spot227/Bs8.jpg,Bacterial_spot227,0,0,0,Bacterial_spot227,Bacterial_spot227,True,0.99987996
data/raw/Mendeley/plantvillage/Preprocessed data/Bacterial_spot227/Bs814.jpg,Bacterial_spot227,0,0,0,Bacterial_spot227,Bacterial_spot227,True,0.9999995
data/raw/Mendeley/plantvillage/Preprocessed data/Bacterial_spot227/Bs849.jpg,Bacterial_spot227,0,0,0,Bacterial_spot227,Bacterial_spot227,True,0.9999559
data/raw/Mendeley/plantvillage/Preprocessed data/Bacterial_spot227/Bs857.jpg,Bacterial_spot227,0,0,0,Bacterial_spot227,Bacterial_spot227,True,0.99990225
data/raw/Mendeley/plantvillage/Preprocessed data/Bacterial_spot227/Bs870.jpg,Bacterial_spot227,0,0,0,Bacterial_spot227,Bacterial_spot227,True,0.999984
data/raw/Mendeley/plantvillage/Preprocessed data/Bacterial_spot227/Bs878.jpg,Bacterial_spot227,0,0,0,Bacterial_spot227,Bacterial_spot227,True,0.99999523
data/raw/Mendeley/plantvillage/Preprocessed data/Bacterial_spot227/Bs879.jpg,Bacterial_spot227,0,0,0,Bacterial_spot227,Bacterial_spot227,True,0.99999976
data/raw/Mendeley/plantvillage/Preprocessed data/Bacterial_spot227/Bs880.jpg,Bacterial_spot227,0,0,0,Bacterial_spot227,Bacterial_spot227,True,0.9999987
data/raw/Mendeley/plantvillage/Preprocessed data/Bacterial_spot227/Bs882.jpg,Bacterial_spot227,0,0,0,Bacterial_spot227,Bacterial_spot227,True,0.9999932
data/raw/Mendeley/plantvillage/Preprocessed data/Bacterial_spot227/Bs885.jpg,Bacterial_spot227,0,0,0,Bacterial_spot227,Bacterial_spot227,True,0.9999931
data/raw/Mendeley/plantvillage/Preprocessed data/Bacterial_spot227/Bs896.jpg,Bacterial_spot227,0,0,0,Bacterial_spot227,Bacterial_spot227,True,0.9999442
data/raw/Mendeley/plantvillage/Preprocessed data/Bacterial_spot227/Bs897.jpg,Bacterial_spot227,0,0,0,Bacterial_spot227,Bacterial_spot227,True,0.99978
data/raw/Mendeley/plantvillage/Preprocessed data/Bacterial_spot227/Bs900.jpg,Bacterial_spot227,0,0,0,Bacterial_spot227,Bacterial_spot227,True,0.99999666
data/raw/Mendeley/plantvillage/Preprocessed data/Bacterial_spot227/Bs902.jpg,Bacterial_spot227,0,0,0,Bacterial_spot227,Bacterial_spot227,True,0.9999968
data/raw/Mendeley/plantvillage/Preprocessed data/Bacterial_spot227/Bs906.jpg,Bacterial_spot227,0,0,0,Bacterial_spot227,Bacterial_spot227,True,0.9999912
data/raw/Mendeley/plantvillage/Preprocessed data/Bacterial_spot227/Bs908.jpg,Bacterial_spot227,0,0,0,Bacterial_spot227,Bacterial_spot227,True,0.9999875
data/raw/Mendeley/plantvillage/Preprocessed data/Bacterial_spot227/Bs914.jpg,Bacterial_spot227,0,0,0,Bacterial_spot227,Bacterial_spot227,True,0.9999895
data/raw/Mendeley/plantvillage/Preprocessed data/Bacterial_spot227/Bs916.jpg,Bacterial_spot227,0,0,0,Bacterial_spot227,Bacterial_spot227,True,0.9999447
data/raw/Mendeley/plantvillage/Preprocessed data/Bacterial_spot227/Bs917.jpg,Bacterial_spot227,0,0,0,Bacterial_spot227,Bacterial_spot227,True,0.9965245
data/raw/Mendeley/plantvillage/Preprocessed data/Bacterial_spot227/Bs93.jpg,Bacterial_spot227,0,0,0,Bacterial_spot227,Bacterial_spot227,True,0.99999464
data/raw/Mendeley/plantvillage/Preprocessed data/Bacterial_spot227/Bs930.jpg,Bacterial_spot227,0,0,0,Bacterial_spot227,Bacterial_spot227,True,0.9999924
data/raw/Mendeley/plantvillage/Preprocessed data/Bacterial_spot227/Bs937.jpg,Bacterial_spot227,0,0,0,Bacterial_spot227,Bacterial_spot227,True,0.99999106
data/raw/Mendeley/plantvillage/Preprocessed data/Bacterial_spot227/Bs942.jpg,Bacterial_spot227,0,0,0,Bacterial_spot227,Bacterial_spot227,True,0.97748965
data/raw/Mendeley/plantvillage/Preprocessed data/Bacterial_spot227/Bs943.jpg,Bacterial_spot227,0,0,0,Bacterial_spot227,Bacterial_spot227,True,0.99917406
data/raw/Mendeley/plantvillage/Preprocessed data/Bacterial_spot227/Bs944.jpg,Bacterial_spot227,0,0,0,Bacterial_spot227,Bacterial_spot227,True,0.99961156
data/raw/Mendeley/plantvillage/Preprocessed data/Bacterial_spot227/Bs948.jpg,Bacterial_spot227,0,0,0,Bacterial_spot227,Bacterial_spot227,True,0.99999785
data/raw/Mendeley/plantvillage/Preprocessed data/Bacterial_spot227/Bs95.jpg,Bacterial_spot227,0,0,0,Bacterial_spot227,Bacterial_spot227,True,0.99956506
data/raw/Mendeley/plantvillage/Preprocessed data/Bacterial_spot227/Bs960.jpg,Bacterial_spot227,0,0,0,Bacterial_spot227,Bacterial_spot227,True,0.99999535
data/raw/Mendeley/plantvillage/Preprocessed data/Bacterial_spot227/Bs97.jpg,Bacterial_spot227,0,0,0,Bacterial_spot227,Bacterial_spot227,True,0.99999595
data/raw/Mendeley/plantvillage/Preprocessed data/Bacterial_spot227/Bs970.jpg,Bacterial_spot227,0,0,0,Bacterial_spot227,Bacterial_spot227,True,0.99934787
data/raw/Mendeley/plantvillage/Preprocessed data/Bacterial_spot227/Bs974.jpg,Bacterial_spot227,0,0,0,Bacterial_spot227,Bacterial_spot227,True,0.99907756
data/raw/Mendeley/plantvillage/Preprocessed data/Bacterial_spot227/Bs983.jpg,Bacterial_spot227,0,0,0,Bacterial_spot227,Bacterial_spot227,True,0.9999784
data/raw/Mendeley/plantvillage/Preprocessed data/Bacterial_spot227/Bs987.jpg,Bacterial_spot227,0,0,0,Bacterial_spot227,Bacterial_spot227,True,0.9999999
data/raw/Mendeley/plantvillage/Preprocessed data/Bacterial_spot227/Bs989.jpg,Bacterial_spot227,0,0,0,Bacterial_spot227,Bacterial_spot227,True,0.99999344
data/raw/Mendeley/plantvillage/Preprocessed data/Bacterial_spot227/Bs991.jpg,Bacterial_spot227,0,0,0,Bacterial_spot227,Bacterial_spot227,True,0.999913
data/raw/Mendeley/plantvillage/Preprocessed data/Early_blight227/Eb103.jpg,Early_blight227,0,1,1,Early_blight227,Early_blight227,True,0.99999785
data/raw/Mendeley/plantvillage/Preprocessed data/Early_blight227/Eb105.jpg,Early_blight227,0,1,1,Early_blight227,Early_blight227,True,0.99998975
data/raw/Mendeley/plantvillage/Preprocessed data/Early_blight227/Eb115.jpg,Early_blight227,0,1,1,Early_blight227,Early_blight227,True,0.9998622
data/raw/Mendeley/plantvillage/Preprocessed data/Early_blight227/Eb123.jpg,Early_blight227,0,1,1,Early_blight227,Early_blight227,True,0.9998975
data/raw/Mendeley/plantvillage/Preprocessed data/Early_blight227/Eb124.jpg,Early_blight227,0,1,1,Early_blight227,Early_blight227,True,0.99998677
data/raw/Mendeley/plantvillage/Preprocessed data/Early_blight227/Eb13.jpg,Early_blight227,0,1,1,Early_blight227,Early_blight227,True,0.9999801
data/raw/Mendeley/plantvillage/Preprocessed data/Early_blight227/Eb130.jpg,Early_blight227,0,1,1,Early_blight227,Early_blight227,True,0.99970347
data/raw/Mendeley/plantvillage/Preprocessed data/Early_blight227/Eb131.jpg,Early_blight227,0,1,1,Early_blight227,Early_blight227,True,0.99472
data/raw/Mendeley/plantvillage/Preprocessed data/Early_blight227/Eb145.jpg,Early_blight227,0,1,1,Early_blight227,Early_blight227,True,0.99997437
data/raw/Mendeley/plantvillage/Preprocessed data/Early_blight227/Eb146.jpg,Early_blight227,0,1,1,Early_blight227,Early_blight227,True,0.8430199
data/raw/Mendeley/plantvillage/Preprocessed data/Early_blight227/Eb149.jpg,Early_blight227,0,1,1,Early_blight227,Early_blight227,True,0.9991104
data/raw/Mendeley/plantvillage/Preprocessed data/Early_blight227/Eb15.jpg,Early_blight227,0,1,1,Early_blight227,Early_blight227,True,0.99778026
data/raw/Mendeley/plantvillage/Preprocessed data/Early_blight227/Eb151.jpg,Early_blight227,0,1,1,Early_blight227,Early_blight227,True,0.9993955
data/raw/Mendeley/plantvillage/Preprocessed data/Early_blight227/Eb162.jpg,Early_blight227,0,1,1,Early_blight227,Early_blight227,True,0.99999833
data/raw/Mendeley/plantvillage/Preprocessed data/Early_blight227/Eb164.jpg,Early_blight227,0,1,1,Early_blight227,Early_blight227,True,0.9730401
data/raw/Mendeley/plantvillage/Preprocessed data/Early_blight227/Eb17.jpg,Early_blight227,0,1,1,Early_blight227,Early_blight227,True,0.9999969
data/raw/Mendeley/plantvillage/Preprocessed data/Early_blight227/Eb181.jpg,Early_blight227,0,1,1,Early_blight227,Early_blight227,True,0.99997294
data/raw/Mendeley/plantvillage/Preprocessed data/Early_blight227/Eb182.jpg,Early_blight227,0,1,1,Early_blight227,Early_blight227,True,0.99961853
data/raw/Mendeley/plantvillage/Preprocessed data/Early_blight227/Eb188.jpg,Early_blight227,0,1,1,Early_blight227,Early_blight227,True,0.99819356
data/raw/Mendeley/plantvillage/Preprocessed data/Early_blight227/Eb190.jpg,Early_blight227,0,1,1,Early_blight227,Early_blight227,True,0.9976872
data/raw/Mendeley/plantvillage/Preprocessed data/Early_blight227/Eb191.jpg,Early_blight227,0,1,1,Early_blight227,Early_blight227,True,0.99999356
data/raw/Mendeley/plantvillage/Preprocessed data/Early_blight227/Eb194.jpg,Early_blight227,0,1,1,Early_blight227,Early_blight227,True,0.99891293
data/raw/Mendeley/plantvillage/Preprocessed data/Early_blight227/Eb195.jpg,Early_blight227,0,1,1,Early_blight227,Early_blight227,True,0.99998784
data/raw/Mendeley/plantvillage/Preprocessed data/Early_blight227/Eb2.jpg,Early_blight227,0,1,1,Early_blight227,Early_blight227,True,0.99999905
data/raw/Mendeley/plantvillage/Preprocessed data/Early_blight227/Eb200.jpg,Early_blight227,0,1,1,Early_blight227,Early_blight227,True,0.99970216
data/raw/Mendeley/plantvillage/Preprocessed data/Early_blight227/Eb202.jpg,Early_blight227,0,1,1,Early_blight227,Early_blight227,True,0.9999447
data/raw/Mendeley/plantvillage/Preprocessed data/Early_blight227/Eb204.jpg,Early_blight227,0,1,1,Early_blight227,Early_blight227,True,0.9999585
data/raw/Mendeley/plantvillage/Preprocessed data/Early_blight227/Eb207.jpg,Early_blight227,0,1,1,Early_blight227,Early_blight227,True,0.9818605
data/raw/Mendeley/plantvillage/Preprocessed data/Early_blight227/Eb208.jpg,Early_blight227,0,1,1,Early_blight227,Early_blight227,True,0.99988604
data/raw/Mendeley/plantvillage/Preprocessed data/Early_blight227/Eb217.jpg,Early_blight227,0,1,1,Early_blight227,Early_blight227,True,0.99997795
data/raw/Mendeley/plantvillage/Preprocessed data/Early_blight227/Eb220.jpg,Early_blight227,0,1,1,Early_blight227,Early_blight227,True,0.9832063
data/raw/Mendeley/plantvillage/Preprocessed data/Early_blight227/Eb224.jpg,Early_blight227,0,1,1,Early_blight227,Early_blight227,True,0.99990654
data/raw/Mendeley/plantvillage/Preprocessed data/Early_blight227/Eb227.jpg,Early_blight227,0,1,1,Early_blight227,Early_blight227,True,0.9999877
data/raw/Mendeley/plantvillage/Preprocessed data/Early_blight227/Eb228.jpg,Early_blight227,0,1,1,Early_blight227,Early_blight227,True,0.9999919
data/raw/Mendeley/plantvillage/Preprocessed data/Early_blight227/Eb231.jpg,Early_blight227,0,1,1,Early_blight227,Early_blight227,True,0.99989605
data/raw/Mendeley/plantvillage/Preprocessed data/Early_blight227/Eb239.jpg,Early_blight227,0,1,1,Early_blight227,Early_blight227,True,0.8798246
data/raw/Mendeley/plantvillage/Preprocessed data/Early_blight227/Eb245.jpg,Early_blight227,0,1,1,Early_blight227,Early_blight227,True,0.99999404
data/raw/Mendeley/plantvillage/Preprocessed data/Early_blight227/Eb246.jpg,Early_blight227,0,1,1,Early_blight227,Early_blight227,True,0.999918
data/raw/Mendeley/plantvillage/Preprocessed data/Early_blight227/Eb247.jpg,Early_blight227,0,1,1,Early_blight227,Early_blight227,True,0.99999845
data/raw/Mendeley/plantvillage/Preprocessed data/Early_blight227/Eb249.jpg,Early_blight227,0,1,1,Early_blight227,Early_blight227,True,0.999801
data/raw/Mendeley/plantvillage/Preprocessed data/Early_blight227/Eb253.jpg,Early_blight227,0,1,1,Early_blight227,Early_blight227,True,0.9999573
data/raw/Mendeley/plantvillage/Preprocessed data/Early_blight227/Eb260.jpg,Early_blight227,0,1,1,Early_blight227,Early_blight227,True,0.9999862
data/raw/Mendeley/plantvillage/Preprocessed data/Early_blight227/Eb262.jpg,Early_blight227,0,1,1,Early_blight227,Early_blight227,True,0.9834163
data/raw/Mendeley/plantvillage/Preprocessed data/Early_blight227/Eb271.jpg,Early_blight227,0,1,1,Early_blight227,Early_blight227,True,0.9987882
data/raw/Mendeley/plantvillage/Preprocessed data/Early_blight227/Eb278.jpg,Early_blight227,0,1,1,Early_blight227,Early_blight227,True,0.99997926
data/raw/Mendeley/plantvillage/Preprocessed data/Early_blight227/Eb285.jpg,Early_blight227,0,1,1,Early_blight227,Early_blight227,True,0.9999993
data/raw/Mendeley/plantvillage/Preprocessed data/Early_blight227/Eb29.jpg,Early_blight227,0,1,1,Early_blight227,Early_blight227,True,0.9939791
data/raw/Mendeley/plantvillage/Preprocessed data/Early_blight227/Eb295.jpg,Early_blight227,0,1,1,Early_blight227,Early_blight227,True,0.9999932
data/raw/Mendeley/plantvillage/Preprocessed data/Early_blight227/Eb297.jpg,Early_blight227,0,1,1,Early_blight227,Early_blight227,True,0.99008244
data/raw/Mendeley/plantvillage/Preprocessed data/Early_blight227/Eb299.jpg,Early_blight227,0,1,1,Early_blight227,Early_blight227,True,0.9999893
data/raw/Mendeley/plantvillage/Preprocessed data/Early_blight227/Eb311.jpg,Early_blight227,0,1,1,Early_blight227,Early_blight227,True,0.9998988
data/raw/Mendeley/plantvillage/Preprocessed data/Early_blight227/Eb312.jpg,Early_blight227,0,1,1,Early_blight227,Early_blight227,True,0.9998753
data/raw/Mendeley/plantvillage/Preprocessed data/Early_blight227/Eb314.jpg,Early_blight227,0,1,1,Early_blight227,Early_blight227,True,0.9999583
data/raw/Mendeley/plantvillage/Preprocessed data/Early_blight227/Eb316.jpg,Early_blight227,0,1,1,Early_blight227,Early_blight227,True,0.9999989
data/raw/Mendeley/plantvillage/Preprocessed data/Early_blight227/Eb320.jpg,Early_blight227,0,1,1,Early_blight227,Early_blight227,True,0.99999964
data/raw/Mendeley/plantvillage/Preprocessed data/Early_blight227/Eb325.jpg,Early_blight227,0,1,1,Early_blight227,Early_blight227,True,0.9999974
data/raw/Mendeley/plantvillage/Preprocessed data/Early_blight227/Eb34.jpg,Early_blight227,0,1,1,Early_blight227,Early_blight227,True,0.99999833
data/raw/Mendeley/plantvillage/Preprocessed data/Early_blight227/Eb340.jpg,Early_blight227,0,1,1,Early_blight227,Early_blight227,True,0.9999994
data/raw/Mendeley/plantvillage/Preprocessed data/Early_blight227/Eb348.jpg,Early_blight227,0,1,1,Early_blight227,Early_blight227,True,0.99999106
data/raw/Mendeley/plantvillage/Preprocessed data/Early_blight227/Eb352.jpg,Early_blight227,0,1,1,Early_blight227,Early_blight227,True,0.99992204
data/raw/Mendeley/plantvillage/Preprocessed data/Early_blight227/Eb359.jpg,Early_blight227,0,1,1,Early_blight227,Early_blight227,True,0.9999993
data/raw/Mendeley/plantvillage/Preprocessed data/Early_blight227/Eb370.jpg,Early_blight227,0,1,1,Early_blight227,Early_blight227,True,0.9991755
data/raw/Mendeley/plantvillage/Preprocessed data/Early_blight227/Eb378.jpg,Early_blight227,0,1,1,Early_blight227,Early_blight227,True,0.9983772
data/raw/Mendeley/plantvillage/Preprocessed data/Early_blight227/Eb379.jpg,Early_blight227,0,1,1,Early_blight227,Early_blight227,True,0.99976104
data/raw/Mendeley/plantvillage/Preprocessed data/Early_blight227/Eb380.jpg,Early_blight227,0,1,1,Early_blight227,Early_blight227,True,0.9999943
data/raw/Mendeley/plantvillage/Preprocessed data/Early_blight227/Eb383.jpg,Early_blight227,0,1,3,Early_blight227,Late_blight227,False,0.9645168
data/raw/Mendeley/plantvillage/Preprocessed data/Early_blight227/Eb384.jpg,Early_blight227,0,1,1,Early_blight227,Early_blight227,True,0.9999932
data/raw/Mendeley/plantvillage/Preprocessed data/Early_blight227/Eb4.jpg,Early_blight227,0,1,1,Early_blight227,Early_blight227,True,0.9999999
data/raw/Mendeley/plantvillage/Preprocessed data/Early_blight227/Eb40.jpg,Early_blight227,0,1,1,Early_blight227,Early_blight227,True,0.9961194
data/raw/Mendeley/plantvillage/Preprocessed data/Early_blight227/Eb402.jpg,Early_blight227,0,1,1,Early_blight227,Early_blight227,True,0.9999945
data/raw/Mendeley/plantvillage/Preprocessed data/Early_blight227/Eb407.jpg,Early_blight227,0,1,1,Early_blight227,Early_blight227,True,0.99998224
data/raw/Mendeley/plantvillage/Preprocessed data/Early_blight227/Eb415.jpg,Early_blight227,0,1,1,Early_blight227,Early_blight227,True,0.99673367
data/raw/Mendeley/plantvillage/Preprocessed data/Early_blight227/Eb417.jpg,Early_blight227,0,1,1,Early_blight227,Early_blight227,True,0.9999789
data/raw/Mendeley/plantvillage/Preprocessed data/Early_blight227/Eb422.jpg,Early_blight227,0,1,1,Early_blight227,Early_blight227,True,0.99994457
data/raw/Mendeley/plantvillage/Preprocessed data/Early_blight227/Eb426.jpg,Early_blight227,0,1,1,Early_blight227,Early_blight227,True,0.99741155
data/raw/Mendeley/plantvillage/Preprocessed data/Early_blight227/Eb429.jpg,Early_blight227,0,1,1,Early_blight227,Early_blight227,True,0.9991553
data/raw/Mendeley/plantvillage/Preprocessed data/Early_blight227/Eb43.jpg,Early_blight227,0,1,1,Early_blight227,Early_blight227,True,0.99998236
data/raw/Mendeley/plantvillage/Preprocessed data/Early_blight227/Eb438.jpg,Early_blight227,0,1,1,Early_blight227,Early_blight227,True,0.98207283
data/raw/Mendeley/plantvillage/Preprocessed data/Early_blight227/Eb439.jpg,Early_blight227,0,1,1,Early_blight227,Early_blight227,True,0.99997747
data/raw/Mendeley/plantvillage/Preprocessed data/Early_blight227/Eb440.jpg,Early_blight227,0,1,1,Early_blight227,Early_blight227,True,0.999997
data/raw/Mendeley/plantvillage/Preprocessed data/Early_blight227/Eb445.jpg,Early_blight227,0,1,1,Early_blight227,Early_blight227,True,0.99502325
data/raw/Mendeley/plantvillage/Preprocessed data/Early_blight227/Eb447.jpg,Early_blight227,0,1,1,Early_blight227,Early_blight227,True,0.9999844
data/raw/Mendeley/plantvillage/Preprocessed data/Early_blight227/Eb452.jpg,Early_blight227,0,1,1,Early_blight227,Early_blight227,True,0.9999676
data/raw/Mendeley/plantvillage/Preprocessed data/Early_blight227/Eb456.jpg,Early_blight227,0,1,1,Early_blight227,Early_blight227,True,0.9916985
data/raw/Mendeley/plantvillage/Preprocessed data/Early_blight227/Eb460.jpg,Early_blight227,0,1,1,Early_blight227,Early_blight227,True,0.999995
data/raw/Mendeley/plantvillage/Preprocessed data/Early_blight227/Eb471.jpg,Early_blight227,0,1,1,Early_blight227,Early_blight227,True,0.9999989
data/raw/Mendeley/plantvillage/Preprocessed data/Early_blight227/Eb48.jpg,Early_blight227,0,1,1,Early_blight227,Early_blight227,True,0.99999774
data/raw/Mendeley/plantvillage/Preprocessed data/Early_blight227/Eb486.jpg,Early_blight227,0,1,1,Early_blight227,Early_blight227,True,0.99999607
data/raw/Mendeley/plantvillage/Preprocessed data/Early_blight227/Eb487.jpg,Early_blight227,0,1,1,Early_blight227,Early_blight227,True,0.99969256
data/raw/Mendeley/plantvillage/Preprocessed data/Early_blight227/Eb490.jpg,Early_blight227,0,1,1,Early_blight227,Early_blight227,True,0.9999126
data/raw/Mendeley/plantvillage/Preprocessed data/Early_blight227/Eb504.jpg,Early_blight227,0,1,1,Early_blight227,Early_blight227,True,0.9999888
data/raw/Mendeley/plantvillage/Preprocessed data/Early_blight227/Eb515.jpg,Early_blight227,0,1,1,Early_blight227,Early_blight227,True,0.9980236
data/raw/Mendeley/plantvillage/Preprocessed data/Early_blight227/Eb517.jpg,Early_blight227,0,1,1,Early_blight227,Early_blight227,True,0.9999932
data/raw/Mendeley/plantvillage/Preprocessed data/Early_blight227/Eb519.jpg,Early_blight227,0,1,1,Early_blight227,Early_blight227,True,0.9999944
data/raw/Mendeley/plantvillage/Preprocessed data/Early_blight227/Eb521.jpg,Early_blight227,0,1,1,Early_blight227,Early_blight227,True,0.99999845
data/raw/Mendeley/plantvillage/Preprocessed data/Early_blight227/Eb525.jpg,Early_blight227,0,1,1,Early_blight227,Early_blight227,True,0.9999844
data/raw/Mendeley/plantvillage/Preprocessed data/Early_blight227/Eb53.jpg,Early_blight227,0,1,1,Early_blight227,Early_blight227,True,0.9997552
data/raw/Mendeley/plantvillage/Preprocessed data/Early_blight227/Eb533.jpg,Early_blight227,0,1,1,Early_blight227,Early_blight227,True,0.9999924
data/raw/Mendeley/plantvillage/Preprocessed data/Early_blight227/Eb540.jpg,Early_blight227,0,1,1,Early_blight227,Early_blight227,True,0.9999888
data/raw/Mendeley/plantvillage/Preprocessed data/Early_blight227/Eb542.jpg,Early_blight227,0,1,1,Early_blight227,Early_blight227,True,0.9999629
data/raw/Mendeley/plantvillage/Preprocessed data/Early_blight227/Eb543.jpg,Early_blight227,0,1,1,Early_blight227,Early_blight227,True,0.99999225
data/raw/Mendeley/plantvillage/Preprocessed data/Early_blight227/Eb553.jpg,Early_blight227,0,1,1,Early_blight227,Early_blight227,True,0.99999964
data/raw/Mendeley/plantvillage/Preprocessed data/Early_blight227/Eb557.jpg,Early_blight227,0,1,1,Early_blight227,Early_blight227,True,0.99999905
data/raw/Mendeley/plantvillage/Preprocessed data/Early_blight227/Eb558.jpg,Early_blight227,0,1,1,Early_blight227,Early_blight227,True,0.9005918
data/raw/Mendeley/plantvillage/Preprocessed data/Early_blight227/Eb560.jpg,Early_blight227,0,1,1,Early_blight227,Early_blight227,True,0.99982846
data/raw/Mendeley/plantvillage/Preprocessed data/Early_blight227/Eb572.jpg,Early_blight227,0,1,1,Early_blight227,Early_blight227,True,0.9921503
data/raw/Mendeley/plantvillage/Preprocessed data/Early_blight227/Eb574.jpg,Early_blight227,0,1,1,Early_blight227,Early_blight227,True,0.999995
data/raw/Mendeley/plantvillage/Preprocessed data/Early_blight227/Eb579.jpg,Early_blight227,0,1,1,Early_blight227,Early_blight227,True,0.9999529
data/raw/Mendeley/plantvillage/Preprocessed data/Early_blight227/Eb586.jpg,Early_blight227,0,1,1,Early_blight227,Early_blight227,True,0.99989843
data/raw/Mendeley/plantvillage/Preprocessed data/Early_blight227/Eb59.jpg,Early_blight227,0,1,1,Early_blight227,Early_blight227,True,0.99657
data/raw/Mendeley/plantvillage/Preprocessed data/Early_blight227/Eb600.jpg,Early_blight227,0,1,1,Early_blight227,Early_blight227,True,0.99999976
data/raw/Mendeley/plantvillage/Preprocessed data/Early_blight227/Eb601.jpg,Early_blight227,0,1,0,Early_blight227,Bacterial_spot227,False,0.5603039
data/raw/Mendeley/plantvillage/Preprocessed data/Early_blight227/Eb603.jpg,Early_blight227,0,1,1,Early_blight227,Early_blight227,True,0.9999728
data/raw/Mendeley/plantvillage/Preprocessed data/Early_blight227/Eb609.jpg,Early_blight227,0,1,1,Early_blight227,Early_blight227,True,0.99998486
data/raw/Mendeley/plantvillage/Preprocessed data/Early_blight227/Eb614.jpg,Early_blight227,0,1,1,Early_blight227,Early_blight227,True,0.999918
data/raw/Mendeley/plantvillage/Preprocessed data/Early_blight227/Eb615.jpg,Early_blight227,0,1,1,Early_blight227,Early_blight227,True,0.99975353
data/raw/Mendeley/plantvillage/Preprocessed data/Early_blight227/Eb620.jpg,Early_blight227,0,1,1,Early_blight227,Early_blight227,True,0.97957397
data/raw/Mendeley/plantvillage/Preprocessed data/Early_blight227/Eb624.jpg,Early_blight227,0,1,1,Early_blight227,Early_blight227,True,0.9292365
data/raw/Mendeley/plantvillage/Preprocessed data/Early_blight227/Eb634.jpg,Early_blight227,0,1,1,Early_blight227,Early_blight227,True,0.99999535
data/raw/Mendeley/plantvillage/Preprocessed data/Early_blight227/Eb635.jpg,Early_blight227,0,1,1,Early_blight227,Early_blight227,True,0.9999713
data/raw/Mendeley/plantvillage/Preprocessed data/Early_blight227/Eb636.jpg,Early_blight227,0,1,1,Early_blight227,Early_blight227,True,0.9999708
data/raw/Mendeley/plantvillage/Preprocessed data/Early_blight227/Eb637.jpg,Early_blight227,0,1,1,Early_blight227,Early_blight227,True,0.9999143
data/raw/Mendeley/plantvillage/Preprocessed data/Early_blight227/Eb652.jpg,Early_blight227,0,1,1,Early_blight227,Early_blight227,True,0.9999565
data/raw/Mendeley/plantvillage/Preprocessed data/Early_blight227/Eb671.jpg,Early_blight227,0,1,1,Early_blight227,Early_blight227,True,0.999987
data/raw/Mendeley/plantvillage/Preprocessed data/Early_blight227/Eb677.jpg,Early_blight227,0,1,1,Early_blight227,Early_blight227,True,0.99991417
data/raw/Mendeley/plantvillage/Preprocessed data/Early_blight227/Eb678.jpg,Early_blight227,0,1,1,Early_blight227,Early_blight227,True,0.99979335
data/raw/Mendeley/plantvillage/Preprocessed data/Early_blight227/Eb681.jpg,Early_blight227,0,1,1,Early_blight227,Early_blight227,True,0.99999917
data/raw/Mendeley/plantvillage/Preprocessed data/Early_blight227/Eb683.jpg,Early_blight227,0,1,1,Early_blight227,Early_blight227,True,0.9999814
data/raw/Mendeley/plantvillage/Preprocessed data/Early_blight227/Eb685.jpg,Early_blight227,0,1,1,Early_blight227,Early_blight227,True,0.9999907
data/raw/Mendeley/plantvillage/Preprocessed data/Early_blight227/Eb695.jpg,Early_blight227,0,1,1,Early_blight227,Early_blight227,True,0.9999082
data/raw/Mendeley/plantvillage/Preprocessed data/Early_blight227/Eb70.jpg,Early_blight227,0,1,1,Early_blight227,Early_blight227,True,0.9997929
data/raw/Mendeley/plantvillage/Preprocessed data/Early_blight227/Eb700.jpg,Early_blight227,0,1,1,Early_blight227,Early_blight227,True,0.9999939
data/raw/Mendeley/plantvillage/Preprocessed data/Early_blight227/Eb701.jpg,Early_blight227,0,1,1,Early_blight227,Early_blight227,True,0.9994086
data/raw/Mendeley/plantvillage/Preprocessed data/Early_blight227/Eb702.jpg,Early_blight227,0,1,1,Early_blight227,Early_blight227,True,0.9999993
data/raw/Mendeley/plantvillage/Preprocessed data/Early_blight227/Eb705.jpg,Early_blight227,0,1,1,Early_blight227,Early_blight227,True,1.0
data/raw/Mendeley/plantvillage/Preprocessed data/Early_blight227/Eb710.jpg,Early_blight227,0,1,1,Early_blight227,Early_blight227,True,0.9997111
data/raw/Mendeley/plantvillage/Preprocessed data/Early_blight227/Eb713.jpg,Early_blight227,0,1,1,Early_blight227,Early_blight227,True,0.9999696
data/raw/Mendeley/plantvillage/Preprocessed data/Early_blight227/Eb722.jpg,Early_blight227,0,1,1,Early_blight227,Early_blight227,True,0.99999976
data/raw/Mendeley/plantvillage/Preprocessed data/Early_blight227/Eb723.jpg,Early_blight227,0,1,1,Early_blight227,Early_blight227,True,0.9999318
data/raw/Mendeley/plantvillage/Preprocessed data/Early_blight227/Eb728.jpg,Early_blight227,0,1,1,Early_blight227,Early_blight227,True,0.99638605
data/raw/Mendeley/plantvillage/Preprocessed data/Early_blight227/Eb729.jpg,Early_blight227,0,1,1,Early_blight227,Early_blight227,True,0.99999
data/raw/Mendeley/plantvillage/Preprocessed data/Early_blight227/Eb73.jpg,Early_blight227,0,1,1,Early_blight227,Early_blight227,True,0.999951
data/raw/Mendeley/plantvillage/Preprocessed data/Early_blight227/Eb731.jpg,Early_blight227,0,1,1,Early_blight227,Early_blight227,True,0.9999994
data/raw/Mendeley/plantvillage/Preprocessed data/Early_blight227/Eb734.jpg,Early_blight227,0,1,1,Early_blight227,Early_blight227,True,0.9996761
data/raw/Mendeley/plantvillage/Preprocessed data/Early_blight227/Eb736.jpg,Early_blight227,0,1,1,Early_blight227,Early_blight227,True,0.99990094
data/raw/Mendeley/plantvillage/Preprocessed data/Early_blight227/Eb739.jpg,Early_blight227,0,1,1,Early_blight227,Early_blight227,True,0.99996483
data/raw/Mendeley/plantvillage/Preprocessed data/Early_blight227/Eb742.jpg,Early_blight227,0,1,1,Early_blight227,Early_blight227,True,0.9992847
data/raw/Mendeley/plantvillage/Preprocessed data/Early_blight227/Eb743.jpg,Early_blight227,0,1,1,Early_blight227,Early_blight227,True,0.99993753
data/raw/Mendeley/plantvillage/Preprocessed data/Early_blight227/Eb748.jpg,Early_blight227,0,1,1,Early_blight227,Early_blight227,True,0.999998
data/raw/Mendeley/plantvillage/Preprocessed data/Early_blight227/Eb751.jpg,Early_blight227,0,1,1,Early_blight227,Early_blight227,True,0.996585
data/raw/Mendeley/plantvillage/Preprocessed data/Early_blight227/Eb756.jpg,Early_blight227,0,1,1,Early_blight227,Early_blight227,True,0.996451
data/raw/Mendeley/plantvillage/Preprocessed data/Early_blight227/Eb759.jpg,Early_blight227,0,1,1,Early_blight227,Early_blight227,True,0.9999999
data/raw/Mendeley/plantvillage/Preprocessed data/Early_blight227/Eb767.jpg,Early_blight227,0,1,1,Early_blight227,Early_blight227,True,0.99608815
data/raw/Mendeley/plantvillage/Preprocessed data/Early_blight227/Eb77.jpg,Early_blight227,0,1,1,Early_blight227,Early_blight227,True,0.99942756
data/raw/Mendeley/plantvillage/Preprocessed data/Early_blight227/Eb774.jpg,Early_blight227,0,1,1,Early_blight227,Early_blight227,True,0.9993488
data/raw/Mendeley/plantvillage/Preprocessed data/Early_blight227/Eb784.jpg,Early_blight227,0,1,1,Early_blight227,Early_blight227,True,0.99001336
data/raw/Mendeley/plantvillage/Preprocessed data/Early_blight227/Eb794.jpg,Early_blight227,0,1,1,Early_blight227,Early_blight227,True,1.0
data/raw/Mendeley/plantvillage/Preprocessed data/Early_blight227/Eb80.jpg,Early_blight227,0,1,1,Early_blight227,Early_blight227,True,0.99600154
data/raw/Mendeley/plantvillage/Preprocessed data/Early_blight227/Eb95.jpg,Early_blight227,0,1,1,Early_blight227,Early_blight227,True,0.999813
data/raw/Mendeley/plantvillage/Preprocessed data/Early_blight227/Eb97.jpg,Early_blight227,0,1,1,Early_blight227,Early_blight227,True,0.99989665
data/raw/Mendeley/plantvillage/Preprocessed data/Late_blight227/Lb1000.jpg,Late_blight227,0,3,3,Late_blight227,Late_blight227,True,0.99999404
data/raw/Mendeley/plantvillage/Preprocessed data/Late_blight227/Lb1002.jpg,Late_blight227,0,3,3,Late_blight227,Late_blight227,True,0.99964786
data/raw/Mendeley/plantvillage/Preprocessed data/Late_blight227/Lb1012.jpg,Late_blight227,0,3,3,Late_blight227,Late_blight227,True,0.9999815
data/raw/Mendeley/plantvillage/Preprocessed data/Late_blight227/Lb1014.jpg,Late_blight227,0,3,3,Late_blight227,Late_blight227,True,0.99721354
data/raw/Mendeley/plantvillage/Preprocessed data/Late_blight227/Lb1021.jpg,Late_blight227,0,3,3,Late_blight227,Late_blight227,True,0.99998426
data/raw/Mendeley/plantvillage/Preprocessed data/Late_blight227/Lb103.jpg,Late_blight227,0,3,3,Late_blight227,Late_blight227,True,0.99996924
data/raw/Mendeley/plantvillage/Preprocessed data/Late_blight227/Lb1035.jpg,Late_blight227,0,3,3,Late_blight227,Late_blight227,True,0.9994004
data/raw/Mendeley/plantvillage/Preprocessed data/Late_blight227/Lb1040.jpg,Late_blight227,0,3,3,Late_blight227,Late_blight227,True,0.99998844
data/raw/Mendeley/plantvillage/Preprocessed data/Late_blight227/Lb1051.jpg,Late_blight227,0,3,3,Late_blight227,Late_blight227,True,0.999962
data/raw/Mendeley/plantvillage/Preprocessed data/Late_blight227/Lb1052.jpg,Late_blight227,0,3,3,Late_blight227,Late_blight227,True,0.9999496
data/raw/Mendeley/plantvillage/Preprocessed data/Late_blight227/Lb1056.jpg,Late_blight227,0,3,3,Late_blight227,Late_blight227,True,0.99999845
data/raw/Mendeley/plantvillage/Preprocessed data/Late_blight227/Lb1058.jpg,Late_blight227,0,3,3,Late_blight227,Late_blight227,True,0.9999192
data/raw/Mendeley/plantvillage/Preprocessed data/Late_blight227/Lb1066.jpg,Late_blight227,0,3,3,Late_blight227,Late_blight227,True,0.9999943
data/raw/Mendeley/plantvillage/Preprocessed data/Late_blight227/Lb1067.jpg,Late_blight227,0,3,3,Late_blight227,Late_blight227,True,0.99997306
data/raw/Mendeley/plantvillage/Preprocessed data/Late_blight227/Lb1070.jpg,Late_blight227,0,3,3,Late_blight227,Late_blight227,True,0.9999988
data/raw/Mendeley/plantvillage/Preprocessed data/Late_blight227/Lb1075.jpg,Late_blight227,0,3,3,Late_blight227,Late_blight227,True,0.99998355
data/raw/Mendeley/plantvillage/Preprocessed data/Late_blight227/Lb1080.jpg,Late_blight227,0,3,3,Late_blight227,Late_blight227,True,0.9999591
data/raw/Mendeley/plantvillage/Preprocessed data/Late_blight227/Lb1082.jpg,Late_blight227,0,3,3,Late_blight227,Late_blight227,True,0.9999429
data/raw/Mendeley/plantvillage/Preprocessed data/Late_blight227/Lb1085.jpg,Late_blight227,0,3,3,Late_blight227,Late_blight227,True,0.99978095
data/raw/Mendeley/plantvillage/Preprocessed data/Late_blight227/Lb1086.jpg,Late_blight227,0,3,3,Late_blight227,Late_blight227,True,0.9999987
data/raw/Mendeley/plantvillage/Preprocessed data/Late_blight227/Lb1092.jpg,Late_blight227,0,3,3,Late_blight227,Late_blight227,True,0.996935
data/raw/Mendeley/plantvillage/Preprocessed data/Late_blight227/Lb1093.jpg,Late_blight227,0,3,3,Late_blight227,Late_blight227,True,0.99960154
data/raw/Mendeley/plantvillage/Preprocessed data/Late_blight227/Lb1099.jpg,Late_blight227,0,3,3,Late_blight227,Late_blight227,True,0.9919985
data/raw/Mendeley/plantvillage/Preprocessed data/Late_blight227/Lb1103.jpg,Late_blight227,0,3,3,Late_blight227,Late_blight227,True,0.9998808
data/raw/Mendeley/plantvillage/Preprocessed data/Late_blight227/Lb1105.jpg,Late_blight227,0,3,3,Late_blight227,Late_blight227,True,0.9990889
data/raw/Mendeley/plantvillage/Preprocessed data/Late_blight227/Lb1106.jpg,Late_blight227,0,3,3,Late_blight227,Late_blight227,True,0.9999479
data/raw/Mendeley/plantvillage/Preprocessed data/Late_blight227/Lb1108.jpg,Late_blight227,0,3,3,Late_blight227,Late_blight227,True,0.9999647
data/raw/Mendeley/plantvillage/Preprocessed data/Late_blight227/Lb1109.jpg,Late_blight227,0,3,3,Late_blight227,Late_blight227,True,0.99990046
data/raw/Mendeley/plantvillage/Preprocessed data/Late_blight227/Lb1110.jpg,Late_blight227,0,3,3,Late_blight227,Late_blight227,True,0.9999931
data/raw/Mendeley/plantvillage/Preprocessed data/Late_blight227/Lb1111.jpg,Late_blight227,0,3,3,Late_blight227,Late_blight227,True,0.9999957
data/raw/Mendeley/plantvillage/Preprocessed data/Late_blight227/Lb1114.jpg,Late_blight227,0,3,3,Late_blight227,Late_blight227,True,0.9999995
data/raw/Mendeley/plantvillage/Preprocessed data/Late_blight227/Lb1125.jpg,Late_blight227,0,3,3,Late_blight227,Late_blight227,True,0.9999944
data/raw/Mendeley/plantvillage/Preprocessed data/Late_blight227/Lb1132.jpg,Late_blight227,0,3,3,Late_blight227,Late_blight227,True,0.9991091
data/raw/Mendeley/plantvillage/Preprocessed data/Late_blight227/Lb1135.jpg,Late_blight227,0,3,3,Late_blight227,Late_blight227,True,0.9999728
data/raw/Mendeley/plantvillage/Preprocessed data/Late_blight227/Lb1138.jpg,Late_blight227,0,3,3,Late_blight227,Late_blight227,True,0.99999917
data/raw/Mendeley/plantvillage/Preprocessed data/Late_blight227/Lb114.jpg,Late_blight227,0,3,3,Late_blight227,Late_blight227,True,0.99999344
data/raw/Mendeley/plantvillage/Preprocessed data/Late_blight227/Lb115.jpg,Late_blight227,0,3,3,Late_blight227,Late_blight227,True,0.9982186
data/raw/Mendeley/plantvillage/Preprocessed data/Late_blight227/Lb1150.jpg,Late_blight227,0,3,3,Late_blight227,Late_blight227,True,0.9999728
data/raw/Mendeley/plantvillage/Preprocessed data/Late_blight227/Lb1155.jpg,Late_blight227,0,3,3,Late_blight227,Late_blight227,True,0.99913764
data/raw/Mendeley/plantvillage/Preprocessed data/Late_blight227/Lb1160.jpg,Late_blight227,0,3,3,Late_blight227,Late_blight227,True,0.99978703
data/raw/Mendeley/plantvillage/Preprocessed data/Late_blight227/Lb1165.jpg,Late_blight227,0,3,3,Late_blight227,Late_blight227,True,0.99622357
data/raw/Mendeley/plantvillage/Preprocessed data/Late_blight227/Lb1171.jpg,Late_blight227,0,3,3,Late_blight227,Late_blight227,True,0.99999475
data/raw/Mendeley/plantvillage/Preprocessed data/Late_blight227/Lb1172.jpg,Late_blight227,0,3,3,Late_blight227,Late_blight227,True,0.9999577
data/raw/Mendeley/plantvillage/Preprocessed data/Late_blight227/Lb1180.jpg,Late_blight227,0,3,3,Late_blight227,Late_blight227,True,0.99971896
data/raw/Mendeley/plantvillage/Preprocessed data/Late_blight227/Lb1185.jpg,Late_blight227,0,3,3,Late_blight227,Late_blight227,True,0.99999976
data/raw/Mendeley/plantvillage/Preprocessed data/Late_blight227/Lb1195.jpg,Late_blight227,0,3,3,Late_blight227,Late_blight227,True,0.9889647
data/raw/Mendeley/plantvillage/Preprocessed data/Late_blight227/Lb1198.jpg,Late_blight227,0,3,3,Late_blight227,Late_blight227,True,0.87573916
data/raw/Mendeley/plantvillage/Preprocessed data/Late_blight227/Lb1205.jpg,Late_blight227,0,3,3,Late_blight227,Late_blight227,True,0.99997973
data/raw/Mendeley/plantvillage/Preprocessed data/Late_blight227/Lb1206.jpg,Late_blight227,0,3,3,Late_blight227,Late_blight227,True,0.9970837
data/raw/Mendeley/plantvillage/Preprocessed data/Late_blight227/Lb1208.jpg,Late_blight227,0,3,3,Late_blight227,Late_blight227,True,0.9997774
data/raw/Mendeley/plantvillage/Preprocessed data/Late_blight227/Lb1210.jpg,Late_blight227,0,3,3,Late_blight227,Late_blight227,True,0.9999856
data/raw/Mendeley/plantvillage/Preprocessed data/Late_blight227/Lb1217.jpg,Late_blight227,0,3,1,Late_blight227,Early_blight227,False,0.9938199
data/raw/Mendeley/plantvillage/Preprocessed data/Late_blight227/Lb122.jpg,Late_blight227,0,3,3,Late_blight227,Late_blight227,True,0.9999851
data/raw/Mendeley/plantvillage/Preprocessed data/Late_blight227/Lb1223.jpg,Late_blight227,0,3,2,Late_blight227,healthy227,False,0.99992967
data/raw/Mendeley/plantvillage/Preprocessed data/Late_blight227/Lb1224.jpg,Late_blight227,0,3,3,Late_blight227,Late_blight227,True,0.9999964
data/raw/Mendeley/plantvillage/Preprocessed data/Late_blight227/Lb1230.jpg,Late_blight227,0,3,3,Late_blight227,Late_blight227,True,0.9998573
data/raw/Mendeley/plantvillage/Preprocessed data/Late_blight227/Lb1234.jpg,Late_blight227,0,3,1,Late_blight227,Early_blight227,False,0.81214535
data/raw/Mendeley/plantvillage/Preprocessed data/Late_blight227/Lb1240.jpg,Late_blight227,0,3,3,Late_blight227,Late_blight227,True,0.99999404
data/raw/Mendeley/plantvillage/Preprocessed data/Late_blight227/Lb1245.jpg,Late_blight227,0,3,3,Late_blight227,Late_blight227,True,0.99995756
data/raw/Mendeley/plantvillage/Preprocessed data/Late_blight227/Lb1247.jpg,Late_blight227,0,3,3,Late_blight227,Late_blight227,True,0.99999833
data/raw/Mendeley/plantvillage/Preprocessed data/Late_blight227/Lb1250.jpg,Late_blight227,0,3,3,Late_blight227,Late_blight227,True,0.99999833
data/raw/Mendeley/plantvillage/Preprocessed data/Late_blight227/Lb1253.jpg,Late_blight227,0,3,3,Late_blight227,Late_blight227,True,0.99801636
data/raw/Mendeley/plantvillage/Preprocessed data/Late_blight227/Lb1255.jpg,Late_blight227,0,3,3,Late_blight227,Late_blight227,True,0.9989807
data/raw/Mendeley/plantvillage/Preprocessed data/Late_blight227/Lb1256.jpg,Late_blight227,0,3,3,Late_blight227,Late_blight227,True,0.9999697
data/raw/Mendeley/plantvillage/Preprocessed data/Late_blight227/Lb1260.jpg,Late_blight227,0,3,3,Late_blight227,Late_blight227,True,0.9999994
data/raw/Mendeley/plantvillage/Preprocessed data/Late_blight227/Lb1262.jpg,Late_blight227,0,3,3,Late_blight227,Late_blight227,True,0.99999833
data/raw/Mendeley/plantvillage/Preprocessed data/Late_blight227/Lb1265.jpg,Late_blight227,0,3,3,Late_blight227,Late_blight227,True,0.99999976
data/raw/Mendeley/plantvillage/Preprocessed data/Late_blight227/Lb1270.jpg,Late_blight227,0,3,3,Late_blight227,Late_blight227,True,0.9999746
data/raw/Mendeley/plantvillage/Preprocessed data/Late_blight227/Lb1273.jpg,Late_blight227,0,3,3,Late_blight227,Late_blight227,True,0.9999987
data/raw/Mendeley/plantvillage/Preprocessed data/Late_blight227/Lb1274.jpg,Late_blight227,0,3,3,Late_blight227,Late_blight227,True,0.99999
data/raw/Mendeley/plantvillage/Preprocessed data/Late_blight227/Lb1276.jpg,Late_blight227,0,3,3,Late_blight227,Late_blight227,True,0.9999956
data/raw/Mendeley/plantvillage/Preprocessed data/Late_blight227/Lb1278.jpg,Late_blight227,0,3,3,Late_blight227,Late_blight227,True,0.9999082
data/raw/Mendeley/plantvillage/Preprocessed data/Late_blight227/Lb1287.jpg,Late_blight227,0,3,3,Late_blight227,Late_blight227,True,0.9965892
data/raw/Mendeley/plantvillage/Preprocessed data/Late_blight227/Lb1290.jpg,Late_blight227,0,3,3,Late_blight227,Late_blight227,True,0.99731964
data/raw/Mendeley/plantvillage/Preprocessed data/Late_blight227/Lb13.jpg,Late_blight227,0,3,3,Late_blight227,Late_blight227,True,0.99999523
data/raw/Mendeley/plantvillage/Preprocessed data/Late_blight227/Lb1306.jpg,Late_blight227,0,3,3,Late_blight227,Late_blight227,True,0.9999982
data/raw/Mendeley/plantvillage/Preprocessed data/Late_blight227/Lb1309.jpg,Late_blight227,0,3,3,Late_blight227,Late_blight227,True,0.7386178
data/raw/Mendeley/plantvillage/Preprocessed data/Late_blight227/Lb1312.jpg,Late_blight227,0,3,3,Late_blight227,Late_blight227,True,0.9999999
data/raw/Mendeley/plantvillage/Preprocessed data/Late_blight227/Lb1318.jpg,Late_blight227,0,3,3,Late_blight227,Late_blight227,True,0.99986625
data/raw/Mendeley/plantvillage/Preprocessed data/Late_blight227/Lb1323.jpg,Late_blight227,0,3,3,Late_blight227,Late_blight227,True,0.9998161
data/raw/Mendeley/plantvillage/Preprocessed data/Late_blight227/Lb133.jpg,Late_blight227,0,3,3,Late_blight227,Late_blight227,True,0.99999523
data/raw/Mendeley/plantvillage/Preprocessed data/Late_blight227/Lb1337.jpg,Late_blight227,0,3,3,Late_blight227,Late_blight227,True,0.9999312
data/raw/Mendeley/plantvillage/Preprocessed data/Late_blight227/Lb1338.jpg,Late_blight227,0,3,3,Late_blight227,Late_blight227,True,0.9999982
data/raw/Mendeley/plantvillage/Preprocessed data/Late_blight227/Lb1343.jpg,Late_blight227,0,3,3,Late_blight227,Late_blight227,True,0.9994555
data/raw/Mendeley/plantvillage/Preprocessed data/Late_blight227/Lb1346.jpg,Late_blight227,0,3,3,Late_blight227,Late_blight227,True,0.9998491
data/raw/Mendeley/plantvillage/Preprocessed data/Late_blight227/Lb1348.jpg,Late_blight227,0,3,3,Late_blight227,Late_blight227,True,0.99772114
data/raw/Mendeley/plantvillage/Preprocessed data/Late_blight227/Lb1349.jpg,Late_blight227,0,3,3,Late_blight227,Late_blight227,True,0.9971194
data/raw/Mendeley/plantvillage/Preprocessed data/Late_blight227/Lb1353.jpg,Late_blight227,0,3,3,Late_blight227,Late_blight227,True,1.0
data/raw/Mendeley/plantvillage/Preprocessed data/Late_blight227/Lb1358.jpg,Late_blight227,0,3,3,Late_blight227,Late_blight227,True,0.9999118
data/raw/Mendeley/plantvillage/Preprocessed data/Late_blight227/Lb1359.jpg,Late_blight227,0,3,3,Late_blight227,Late_blight227,True,0.99999845
data/raw/Mendeley/plantvillage/Preprocessed data/Late_blight227/Lb1360.jpg,Late_blight227,0,3,3,Late_blight227,Late_blight227,True,0.9999993
data/raw/Mendeley/plantvillage/Preprocessed data/Late_blight227/Lb1369.jpg,Late_blight227,0,3,3,Late_blight227,Late_blight227,True,0.9993192
data/raw/Mendeley/plantvillage/Preprocessed data/Late_blight227/Lb1375.jpg,Late_blight227,0,3,3,Late_blight227,Late_blight227,True,0.99999774
data/raw/Mendeley/plantvillage/Preprocessed data/Late_blight227/Lb1378.jpg,Late_blight227,0,3,3,Late_blight227,Late_blight227,True,0.9998344
data/raw/Mendeley/plantvillage/Preprocessed data/Late_blight227/Lb139.jpg,Late_blight227,0,3,3,Late_blight227,Late_blight227,True,0.99999523
data/raw/Mendeley/plantvillage/Preprocessed data/Late_blight227/Lb1390.jpg,Late_blight227,0,3,3,Late_blight227,Late_blight227,True,0.9999963
data/raw/Mendeley/plantvillage/Preprocessed data/Late_blight227/Lb1393.jpg,Late_blight227,0,3,3,Late_blight227,Late_blight227,True,0.99998736
data/raw/Mendeley/plantvillage/Preprocessed data/Late_blight227/Lb1404.jpg,Late_blight227,0,3,3,Late_blight227,Late_blight227,True,0.99991953
data/raw/Mendeley/plantvillage/Preprocessed data/Late_blight227/Lb1416.jpg,Late_blight227,0,3,3,Late_blight227,Late_blight227,True,0.99999964
data/raw/Mendeley/plantvillage/Preprocessed data/Late_blight227/Lb1417.jpg,Late_blight227,0,3,3,Late_blight227,Late_blight227,True,0.99995816
data/raw/Mendeley/plantvillage/Preprocessed data/Late_blight227/Lb1420.jpg,Late_blight227,0,3,3,Late_blight227,Late_blight227,True,0.99991655
data/raw/Mendeley/plantvillage/Preprocessed data/Late_blight227/Lb1421.jpg,Late_blight227,0,3,3,Late_blight227,Late_blight227,True,0.99822
data/raw/Mendeley/plantvillage/Preprocessed data/Late_blight227/Lb1423.jpg,Late_blight227,0,3,3,Late_blight227,Late_blight227,True,0.99995863
data/raw/Mendeley/plantvillage/Preprocessed data/Late_blight227/Lb1424.jpg,Late_blight227,0,3,3,Late_blight227,Late_blight227,True,0.9997392
data/raw/Mendeley/plantvillage/Preprocessed data/Late_blight227/Lb1439.jpg,Late_blight227,0,3,3,Late_blight227,Late_blight227,True,0.9997789
data/raw/Mendeley/plantvillage/Preprocessed data/Late_blight227/Lb1443.jpg,Late_blight227,0,3,3,Late_blight227,Late_blight227,True,0.9998066
data/raw/Mendeley/plantvillage/Preprocessed data/Late_blight227/Lb1445.jpg,Late_blight227,0,3,3,Late_blight227,Late_blight227,True,0.99999964
data/raw/Mendeley/plantvillage/Preprocessed data/Late_blight227/Lb1447.jpg,Late_blight227,0,3,3,Late_blight227,Late_blight227,True,0.9999932
data/raw/Mendeley/plantvillage/Preprocessed data/Late_blight227/Lb1448.jpg,Late_blight227,0,3,3,Late_blight227,Late_blight227,True,0.9988456
data/raw/Mendeley/plantvillage/Preprocessed data/Late_blight227/Lb1451.jpg,Late_blight227,0,3,3,Late_blight227,Late_blight227,True,0.9965318
data/raw/Mendeley/plantvillage/Preprocessed data/Late_blight227/Lb1454.jpg,Late_blight227,0,3,3,Late_blight227,Late_blight227,True,0.99983454
data/raw/Mendeley/plantvillage/Preprocessed data/Late_blight227/Lb1469.jpg,Late_blight227,0,3,3,Late_blight227,Late_blight227,True,0.99999666
data/raw/Mendeley/plantvillage/Preprocessed data/Late_blight227/Lb1470.jpg,Late_blight227,0,3,3,Late_blight227,Late_blight227,True,0.99997497
data/raw/Mendeley/plantvillage/Preprocessed data/Late_blight227/Lb1481.jpg,Late_blight227,0,3,3,Late_blight227,Late_blight227,True,0.999998
data/raw/Mendeley/plantvillage/Preprocessed data/Late_blight227/Lb1484.jpg,Late_blight227,0,3,3,Late_blight227,Late_blight227,True,0.99991167
data/raw/Mendeley/plantvillage/Preprocessed data/Late_blight227/Lb1486.jpg,Late_blight227,0,3,3,Late_blight227,Late_blight227,True,0.9999926
data/raw/Mendeley/plantvillage/Preprocessed data/Late_blight227/Lb1488.jpg,Late_blight227,0,3,3,Late_blight227,Late_blight227,True,0.9909474
data/raw/Mendeley/plantvillage/Preprocessed data/Late_blight227/Lb1489.jpg,Late_blight227,0,3,3,Late_blight227,Late_blight227,True,0.9999857
data/raw/Mendeley/plantvillage/Preprocessed data/Late_blight227/Lb1494.jpg,Late_blight227,0,3,3,Late_blight227,Late_blight227,True,0.9999994
data/raw/Mendeley/plantvillage/Preprocessed data/Late_blight227/Lb1498.jpg,Late_blight227,0,3,3,Late_blight227,Late_blight227,True,0.99995375
data/raw/Mendeley/plantvillage/Preprocessed data/Late_blight227/Lb1499.jpg,Late_blight227,0,3,3,Late_blight227,Late_blight227,True,0.99999774
data/raw/Mendeley/plantvillage/Preprocessed data/Late_blight227/Lb1508.jpg,Late_blight227,0,3,3,Late_blight227,Late_blight227,True,0.9999939
data/raw/Mendeley/plantvillage/Preprocessed data/Late_blight227/Lb1509.jpg,Late_blight227,0,3,3,Late_blight227,Late_blight227,True,0.999997
data/raw/Mendeley/plantvillage/Preprocessed data/Late_blight227/Lb1510.jpg,Late_blight227,0,3,3,Late_blight227,Late_blight227,True,0.99987817
data/raw/Mendeley/plantvillage/Preprocessed data/Late_blight227/Lb1515.jpg,Late_blight227,0,3,3,Late_blight227,Late_blight227,True,0.9980007
data/raw/Mendeley/plantvillage/Preprocessed data/Late_blight227/Lb1518.jpg,Late_blight227,0,3,3,Late_blight227,Late_blight227,True,0.9999298
data/raw/Mendeley/plantvillage/Preprocessed data/Late_blight227/Lb1520.jpg,Late_blight227,0,3,3,Late_blight227,Late_blight227,True,0.99999905
data/raw/Mendeley/plantvillage/Preprocessed data/Late_blight227/Lb1525.jpg,Late_blight227,0,3,3,Late_blight227,Late_blight227,True,0.9996232
data/raw/Mendeley/plantvillage/Preprocessed data/Late_blight227/Lb1527.jpg,Late_blight227,0,3,3,Late_blight227,Late_blight227,True,0.9999809
data/raw/Mendeley/plantvillage/Preprocessed data/Late_blight227/Lb1528.jpg,Late_blight227,0,3,3,Late_blight227,Late_blight227,True,0.99998784
data/raw/Mendeley/plantvillage/Preprocessed data/Late_blight227/Lb155.jpg,Late_blight227,0,3,3,Late_blight227,Late_blight227,True,0.99998283
data/raw/Mendeley/plantvillage/Preprocessed data/Late_blight227/Lb16.jpg,Late_blight227,0,3,3,Late_blight227,Late_blight227,True,0.9999993
data/raw/Mendeley/plantvillage/Preprocessed data/Late_blight227/Lb160.jpg,Late_blight227,0,3,3,Late_blight227,Late_blight227,True,0.9996381
data/raw/Mendeley/plantvillage/Preprocessed data/Late_blight227/Lb165.jpg,Late_blight227,0,3,3,Late_blight227,Late_blight227,True,0.9999685
data/raw/Mendeley/plantvillage/Preprocessed data/Late_blight227/Lb166.jpg,Late_blight227,0,3,3,Late_blight227,Late_blight227,True,0.9999788
data/raw/Mendeley/plantvillage/Preprocessed data/Late_blight227/Lb168.jpg,Late_blight227,0,3,3,Late_blight227,Late_blight227,True,0.94830954
data/raw/Mendeley/plantvillage/Preprocessed data/Late_blight227/Lb169.jpg,Late_blight227,0,3,3,Late_blight227,Late_blight227,True,0.9598851
data/raw/Mendeley/plantvillage/Preprocessed data/Late_blight227/Lb17.jpg,Late_blight227,0,3,3,Late_blight227,Late_blight227,True,0.9999707
data/raw/Mendeley/plantvillage/Preprocessed data/Late_blight227/Lb170.jpg,Late_blight227,0,3,3,Late_blight227,Late_blight227,True,0.9999975
data/raw/Mendeley/plantvillage/Preprocessed data/Late_blight227/Lb177.jpg,Late_blight227,0,3,3,Late_blight227,Late_blight227,True,0.9999647
data/raw/Mendeley/plantvillage/Preprocessed data/Late_blight227/Lb178.jpg,Late_blight227,0,3,3,Late_blight227,Late_blight227,True,0.9992643
data/raw/Mendeley/plantvillage/Preprocessed data/Late_blight227/Lb182.jpg,Late_blight227,0,3,3,Late_blight227,Late_blight227,True,0.9999976
data/raw/Mendeley/plantvillage/Preprocessed data/Late_blight227/Lb184.jpg,Late_blight227,0,3,3,Late_blight227,Late_blight227,True,0.9999449
data/raw/Mendeley/plantvillage/Preprocessed data/Late_blight227/Lb189.jpg,Late_blight227,0,3,3,Late_blight227,Late_blight227,True,0.9982743
data/raw/Mendeley/plantvillage/Preprocessed data/Late_blight227/Lb19.jpg,Late_blight227,0,3,3,Late_blight227,Late_blight227,True,0.6826311
data/raw/Mendeley/plantvillage/Preprocessed data/Late_blight227/Lb203.jpg,Late_blight227,0,3,3,Late_blight227,Late_blight227,True,0.9999641
data/raw/Mendeley/plantvillage/Preprocessed data/Late_blight227/Lb21.jpg,Late_blight227,0,3,3,Late_blight227,Late_blight227,True,0.9999994
data/raw/Mendeley/plantvillage/Preprocessed data/Late_blight227/Lb210.jpg,Late_blight227,0,3,3,Late_blight227,Late_blight227,True,0.9962598
data/raw/Mendeley/plantvillage/Preprocessed data/Late_blight227/Lb217.jpg,Late_blight227,0,3,3,Late_blight227,Late_blight227,True,0.99969935
data/raw/Mendeley/plantvillage/Preprocessed data/Late_blight227/Lb222.jpg,Late_blight227,0,3,3,Late_blight227,Late_blight227,True,0.9996952
data/raw/Mendeley/plantvillage/Preprocessed data/Late_blight227/Lb223.jpg,Late_blight227,0,3,3,Late_blight227,Late_blight227,True,0.999998
data/raw/Mendeley/plantvillage/Preprocessed data/Late_blight227/Lb23.jpg,Late_blight227,0,3,3,Late_blight227,Late_blight227,True,0.9999999
data/raw/Mendeley/plantvillage/Preprocessed data/Late_blight227/Lb24.jpg,Late_blight227,0,3,3,Late_blight227,Late_blight227,True,0.9998752
data/raw/Mendeley/plantvillage/Preprocessed data/Late_blight227/Lb241.jpg,Late_blight227,0,3,3,Late_blight227,Late_blight227,True,0.99951637
data/raw/Mendeley/plantvillage/Preprocessed data/Late_blight227/Lb249.jpg,Late_blight227,0,3,3,Late_blight227,Late_blight227,True,0.99988055
data/raw/Mendeley/plantvillage/Preprocessed data/Late_blight227/Lb256.jpg,Late_blight227,0,3,3,Late_blight227,Late_blight227,True,0.9999994
data/raw/Mendeley/plantvillage/Preprocessed data/Late_blight227/Lb258.jpg,Late_blight227,0,3,3,Late_blight227,Late_blight227,True,0.9993206
data/raw/Mendeley/plantvillage/Preprocessed data/Late_blight227/Lb261.jpg,Late_blight227,0,3,3,Late_blight227,Late_blight227,True,0.99995065
data/raw/Mendeley/plantvillage/Preprocessed data/Late_blight227/Lb264.jpg,Late_blight227,0,3,3,Late_blight227,Late_blight227,True,0.9999738
data/raw/Mendeley/plantvillage/Preprocessed data/Late_blight227/Lb275.jpg,Late_blight227,0,3,3,Late_blight227,Late_blight227,True,0.99998546
data/raw/Mendeley/plantvillage/Preprocessed data/Late_blight227/Lb277.jpg,Late_blight227,0,3,3,Late_blight227,Late_blight227,True,0.9974964
data/raw/Mendeley/plantvillage/Preprocessed data/Late_blight227/Lb280.jpg,Late_blight227,0,3,3,Late_blight227,Late_blight227,True,0.999992
data/raw/Mendeley/plantvillage/Preprocessed data/Late_blight227/Lb288.jpg,Late_blight227,0,3,3,Late_blight227,Late_blight227,True,0.9995408
data/raw/Mendeley/plantvillage/Preprocessed data/Late_blight227/Lb290.jpg,Late_blight227,0,3,3,Late_blight227,Late_blight227,True,0.99875236
data/raw/Mendeley/plantvillage/Preprocessed data/Late_blight227/Lb294.jpg,Late_blight227,0,3,3,Late_blight227,Late_blight227,True,0.99999523
data/raw/Mendeley/plantvillage/Preprocessed data/Late_blight227/Lb302.jpg,Late_blight227,0,3,3,Late_blight227,Late_blight227,True,0.99529254
data/raw/Mendeley/plantvillage/Preprocessed data/Late_blight227/Lb303.jpg,Late_blight227,0,3,3,Late_blight227,Late_blight227,True,0.9999783
data/raw/Mendeley/plantvillage/Preprocessed data/Late_blight227/Lb304.jpg,Late_blight227,0,3,3,Late_blight227,Late_blight227,True,0.9999598
data/raw/Mendeley/plantvillage/Preprocessed data/Late_blight227/Lb317.jpg,Late_blight227,0,3,3,Late_blight227,Late_blight227,True,0.99995613
data/raw/Mendeley/plantvillage/Preprocessed data/Late_blight227/Lb32.jpg,Late_blight227,0,3,3,Late_blight227,Late_blight227,True,0.99963915
data/raw/Mendeley/plantvillage/Preprocessed data/Late_blight227/Lb322.jpg,Late_blight227,0,3,3,Late_blight227,Late_blight227,True,0.99999523
data/raw/Mendeley/plantvillage/Preprocessed data/Late_blight227/Lb330.jpg,Late_blight227,0,3,3,Late_blight227,Late_blight227,True,0.9999869
data/raw/Mendeley/plantvillage/Preprocessed data/Late_blight227/Lb347.jpg,Late_blight227,0,3,3,Late_blight227,Late_blight227,True,0.99994373
data/raw/Mendeley/plantvillage/Preprocessed data/Late_blight227/Lb350.jpg,Late_blight227,0,3,3,Late_blight227,Late_blight227,True,0.9999293
data/raw/Mendeley/plantvillage/Preprocessed data/Late_blight227/Lb354.jpg,Late_blight227,0,3,3,Late_blight227,Late_blight227,True,0.9999919
data/raw/Mendeley/plantvillage/Preprocessed data/Late_blight227/Lb357.jpg,Late_blight227,0,3,3,Late_blight227,Late_blight227,True,0.999864
data/raw/Mendeley/plantvillage/Preprocessed data/Late_blight227/Lb362.jpg,Late_blight227,0,3,3,Late_blight227,Late_blight227,True,0.99998105
data/raw/Mendeley/plantvillage/Preprocessed data/Late_blight227/Lb383.jpg,Late_blight227,0,3,3,Late_blight227,Late_blight227,True,0.9999554
data/raw/Mendeley/plantvillage/Preprocessed data/Late_blight227/Lb405.jpg,Late_blight227,0,3,3,Late_blight227,Late_blight227,True,0.9999982
data/raw/Mendeley/plantvillage/Preprocessed data/Late_blight227/Lb410.jpg,Late_blight227,0,3,3,Late_blight227,Late_blight227,True,0.99996436
data/raw/Mendeley/plantvillage/Preprocessed data/Late_blight227/Lb424.jpg,Late_blight227,0,3,3,Late_blight227,Late_blight227,True,0.9999913
data/raw/Mendeley/plantvillage/Preprocessed data/Late_blight227/Lb425.jpg,Late_blight227,0,3,3,Late_blight227,Late_blight227,True,0.99994516
data/raw/Mendeley/plantvillage/Preprocessed data/Late_blight227/Lb430.jpg,Late_blight227,0,3,3,Late_blight227,Late_blight227,True,0.99993515
data/raw/Mendeley/plantvillage/Preprocessed data/Late_blight227/Lb434.jpg,Late_blight227,0,3,3,Late_blight227,Late_blight227,True,0.99875295
data/raw/Mendeley/plantvillage/Preprocessed data/Late_blight227/Lb441.jpg,Late_blight227,0,3,3,Late_blight227,Late_blight227,True,0.9999671
data/raw/Mendeley/plantvillage/Preprocessed data/Late_blight227/Lb448.jpg,Late_blight227,0,3,3,Late_blight227,Late_blight227,True,0.9999939
data/raw/Mendeley/plantvillage/Preprocessed data/Late_blight227/Lb451.jpg,Late_blight227,0,3,3,Late_blight227,Late_blight227,True,0.9973314
data/raw/Mendeley/plantvillage/Preprocessed data/Late_blight227/Lb456.jpg,Late_blight227,0,3,3,Late_blight227,Late_blight227,True,0.9998424
data/raw/Mendeley/plantvillage/Preprocessed data/Late_blight227/Lb462.jpg,Late_blight227,0,3,3,Late_blight227,Late_blight227,True,0.9997296
data/raw/Mendeley/plantvillage/Preprocessed data/Late_blight227/Lb464.jpg,Late_blight227,0,3,3,Late_blight227,Late_blight227,True,0.9999747
data/raw/Mendeley/plantvillage/Preprocessed data/Late_blight227/Lb475.jpg,Late_blight227,0,3,3,Late_blight227,Late_blight227,True,0.999997
data/raw/Mendeley/plantvillage/Preprocessed data/Late_blight227/Lb476.jpg,Late_blight227,0,3,3,Late_blight227,Late_blight227,True,0.9999677
data/raw/Mendeley/plantvillage/Preprocessed data/Late_blight227/Lb484.jpg,Late_blight227,0,3,3,Late_blight227,Late_blight227,True,0.99999905
data/raw/Mendeley/plantvillage/Preprocessed data/Late_blight227/Lb489.jpg,Late_blight227,0,3,3,Late_blight227,Late_blight227,True,0.99999607
data/raw/Mendeley/plantvillage/Preprocessed data/Late_blight227/Lb490.jpg,Late_blight227,0,3,3,Late_blight227,Late_blight227,True,0.99990404
data/raw/Mendeley/plantvillage/Preprocessed data/Late_blight227/Lb492.jpg,Late_blight227,0,3,3,Late_blight227,Late_blight227,True,0.9999914
data/raw/Mendeley/plantvillage/Preprocessed data/Late_blight227/Lb493.jpg,Late_blight227,0,3,3,Late_blight227,Late_blight227,True,0.99996865
data/raw/Mendeley/plantvillage/Preprocessed data/Late_blight227/Lb500.jpg,Late_blight227,0,3,3,Late_blight227,Late_blight227,True,0.9999995
data/raw/Mendeley/plantvillage/Preprocessed data/Late_blight227/Lb503.jpg,Late_blight227,0,3,3,Late_blight227,Late_blight227,True,0.99911374
data/raw/Mendeley/plantvillage/Preprocessed data/Late_blight227/Lb51.jpg,Late_blight227,0,3,3,Late_blight227,Late_blight227,True,0.9986614
data/raw/Mendeley/plantvillage/Preprocessed data/Late_blight227/Lb515.jpg,Late_blight227,0,3,3,Late_blight227,Late_blight227,True,0.99998224
data/raw/Mendeley/plantvillage/Preprocessed data/Late_blight227/Lb521.jpg,Late_blight227,0,3,3,Late_blight227,Late_blight227,True,0.9999697
data/raw/Mendeley/plantvillage/Preprocessed data/Late_blight227/Lb53.jpg,Late_blight227,0,3,3,Late_blight227,Late_blight227,True,0.9999361
data/raw/Mendeley/plantvillage/Preprocessed data/Late_blight227/Lb530.jpg,Late_blight227,0,3,3,Late_blight227,Late_blight227,True,0.999987
data/raw/Mendeley/plantvillage/Preprocessed data/Late_blight227/Lb533.jpg,Late_blight227,0,3,1,Late_blight227,Early_blight227,False,0.92015666
data/raw/Mendeley/plantvillage/Preprocessed data/Late_blight227/Lb535.jpg,Late_blight227,0,3,3,Late_blight227,Late_blight227,True,0.99999714
data/raw/Mendeley/plantvillage/Preprocessed data/Late_blight227/Lb537.jpg,Late_blight227,0,3,3,Late_blight227,Late_blight227,True,0.99995685
data/raw/Mendeley/plantvillage/Preprocessed data/Late_blight227/Lb541.jpg,Late_blight227,0,3,3,Late_blight227,Late_blight227,True,0.99996984
data/raw/Mendeley/plantvillage/Preprocessed data/Late_blight227/Lb547.jpg,Late_blight227,0,3,3,Late_blight227,Late_blight227,True,0.9999558
data/raw/Mendeley/plantvillage/Preprocessed data/Late_blight227/Lb550.jpg,Late_blight227,0,3,3,Late_blight227,Late_blight227,True,0.99999654
data/raw/Mendeley/plantvillage/Preprocessed data/Late_blight227/Lb560.jpg,Late_blight227,0,3,3,Late_blight227,Late_blight227,True,0.9999442
data/raw/Mendeley/plantvillage/Preprocessed data/Late_blight227/Lb562.jpg,Late_blight227,0,3,3,Late_blight227,Late_blight227,True,0.9953725
data/raw/Mendeley/plantvillage/Preprocessed data/Late_blight227/Lb57.jpg,Late_blight227,0,3,3,Late_blight227,Late_blight227,True,0.9986927
data/raw/Mendeley/plantvillage/Preprocessed data/Late_blight227/Lb572.jpg,Late_blight227,0,3,3,Late_blight227,Late_blight227,True,0.9999995
data/raw/Mendeley/plantvillage/Preprocessed data/Late_blight227/Lb576.jpg,Late_blight227,0,3,3,Late_blight227,Late_blight227,True,0.9994313
data/raw/Mendeley/plantvillage/Preprocessed data/Late_blight227/Lb578.jpg,Late_blight227,0,3,3,Late_blight227,Late_blight227,True,0.9998492
data/raw/Mendeley/plantvillage/Preprocessed data/Late_blight227/Lb580.jpg,Late_blight227,0,3,3,Late_blight227,Late_blight227,True,0.9990013
data/raw/Mendeley/plantvillage/Preprocessed data/Late_blight227/Lb583.jpg,Late_blight227,0,3,3,Late_blight227,Late_blight227,True,0.99999917
data/raw/Mendeley/plantvillage/Preprocessed data/Late_blight227/Lb592.jpg,Late_blight227,0,3,3,Late_blight227,Late_blight227,True,0.99985754
data/raw/Mendeley/plantvillage/Preprocessed data/Late_blight227/Lb597.jpg,Late_blight227,0,3,3,Late_blight227,Late_blight227,True,0.9999993
data/raw/Mendeley/plantvillage/Preprocessed data/Late_blight227/Lb60.jpg,Late_blight227,0,3,3,Late_blight227,Late_blight227,True,0.9999571
data/raw/Mendeley/plantvillage/Preprocessed data/Late_blight227/Lb61.jpg,Late_blight227,0,3,3,Late_blight227,Late_blight227,True,0.9999677
data/raw/Mendeley/plantvillage/Preprocessed data/Late_blight227/Lb617.jpg,Late_blight227,0,3,3,Late_blight227,Late_blight227,True,0.9988882
data/raw/Mendeley/plantvillage/Preprocessed data/Late_blight227/Lb618.jpg,Late_blight227,0,3,3,Late_blight227,Late_blight227,True,0.9999782
data/raw/Mendeley/plantvillage/Preprocessed data/Late_blight227/Lb62.jpg,Late_blight227,0,3,3,Late_blight227,Late_blight227,True,0.99998987
data/raw/Mendeley/plantvillage/Preprocessed data/Late_blight227/Lb63.jpg,Late_blight227,0,3,3,Late_blight227,Late_blight227,True,0.99369836
data/raw/Mendeley/plantvillage/Preprocessed data/Late_blight227/Lb636.jpg,Late_blight227,0,3,3,Late_blight227,Late_blight227,True,0.9996798
data/raw/Mendeley/plantvillage/Preprocessed data/Late_blight227/Lb639.jpg,Late_blight227,0,3,3,Late_blight227,Late_blight227,True,0.9999994
data/raw/Mendeley/plantvillage/Preprocessed data/Late_blight227/Lb640.jpg,Late_blight227,0,3,3,Late_blight227,Late_blight227,True,0.9999963
data/raw/Mendeley/plantvillage/Preprocessed data/Late_blight227/Lb655.jpg,Late_blight227,0,3,3,Late_blight227,Late_blight227,True,0.99989545
data/raw/Mendeley/plantvillage/Preprocessed data/Late_blight227/Lb658.jpg,Late_blight227,0,3,3,Late_blight227,Late_blight227,True,0.99981433
data/raw/Mendeley/plantvillage/Preprocessed data/Late_blight227/Lb659.jpg,Late_blight227,0,3,3,Late_blight227,Late_blight227,True,0.99998987
data/raw/Mendeley/plantvillage/Preprocessed data/Late_blight227/Lb670.jpg,Late_blight227,0,3,3,Late_blight227,Late_blight227,True,0.99999607
data/raw/Mendeley/plantvillage/Preprocessed data/Late_blight227/Lb674.jpg,Late_blight227,0,3,3,Late_blight227,Late_blight227,True,0.99999976
data/raw/Mendeley/plantvillage/Preprocessed data/Late_blight227/Lb68.jpg,Late_blight227,0,3,3,Late_blight227,Late_blight227,True,0.9999801
data/raw/Mendeley/plantvillage/Preprocessed data/Late_blight227/Lb683.jpg,Late_blight227,0,3,3,Late_blight227,Late_blight227,True,0.9999312
data/raw/Mendeley/plantvillage/Preprocessed data/Late_blight227/Lb688.jpg,Late_blight227,0,3,3,Late_blight227,Late_blight227,True,0.9999981
data/raw/Mendeley/plantvillage/Preprocessed data/Late_blight227/Lb69.jpg,Late_blight227,0,3,3,Late_blight227,Late_blight227,True,0.99799395
data/raw/Mendeley/plantvillage/Preprocessed data/Late_blight227/Lb692.jpg,Late_blight227,0,3,3,Late_blight227,Late_blight227,True,0.9999715
data/raw/Mendeley/plantvillage/Preprocessed data/Late_blight227/Lb70.jpg,Late_blight227,0,3,3,Late_blight227,Late_blight227,True,0.9999201
data/raw/Mendeley/plantvillage/Preprocessed data/Late_blight227/Lb704.jpg,Late_blight227,0,3,3,Late_blight227,Late_blight227,True,0.99998724
data/raw/Mendeley/plantvillage/Preprocessed data/Late_blight227/Lb710.jpg,Late_blight227,0,3,3,Late_blight227,Late_blight227,True,0.99997747
data/raw/Mendeley/plantvillage/Preprocessed data/Late_blight227/Lb712.jpg,Late_blight227,0,3,3,Late_blight227,Late_blight227,True,0.9999802
data/raw/Mendeley/plantvillage/Preprocessed data/Late_blight227/Lb714.jpg,Late_blight227,0,3,3,Late_blight227,Late_blight227,True,0.9999987
data/raw/Mendeley/plantvillage/Preprocessed data/Late_blight227/Lb717.jpg,Late_blight227,0,3,3,Late_blight227,Late_blight227,True,0.99999976
data/raw/Mendeley/plantvillage/Preprocessed data/Late_blight227/Lb734.jpg,Late_blight227,0,3,3,Late_blight227,Late_blight227,True,0.99962056
data/raw/Mendeley/plantvillage/Preprocessed data/Late_blight227/Lb736.jpg,Late_blight227,0,3,3,Late_blight227,Late_blight227,True,0.99998784
data/raw/Mendeley/plantvillage/Preprocessed data/Late_blight227/Lb737.jpg,Late_blight227,0,3,3,Late_blight227,Late_blight227,True,0.9997142
data/raw/Mendeley/plantvillage/Preprocessed data/Late_blight227/Lb74.jpg,Late_blight227,0,3,3,Late_blight227,Late_blight227,True,0.99870956
data/raw/Mendeley/plantvillage/Preprocessed data/Late_blight227/Lb747.jpg,Late_blight227,0,3,3,Late_blight227,Late_blight227,True,0.9997105
data/raw/Mendeley/plantvillage/Preprocessed data/Late_blight227/Lb749.jpg,Late_blight227,0,3,3,Late_blight227,Late_blight227,True,0.9981382
data/raw/Mendeley/plantvillage/Preprocessed data/Late_blight227/Lb753.jpg,Late_blight227,0,3,3,Late_blight227,Late_blight227,True,0.99997795
data/raw/Mendeley/plantvillage/Preprocessed data/Late_blight227/Lb757.jpg,Late_blight227,0,3,3,Late_blight227,Late_blight227,True,0.99974424
data/raw/Mendeley/plantvillage/Preprocessed data/Late_blight227/Lb759.jpg,Late_blight227,0,3,3,Late_blight227,Late_blight227,True,0.98949945
data/raw/Mendeley/plantvillage/Preprocessed data/Late_blight227/Lb779.jpg,Late_blight227,0,3,3,Late_blight227,Late_blight227,True,0.99977
data/raw/Mendeley/plantvillage/Preprocessed data/Late_blight227/Lb782.jpg,Late_blight227,0,3,3,Late_blight227,Late_blight227,True,0.99983335
data/raw/Mendeley/plantvillage/Preprocessed data/Late_blight227/Lb789.jpg,Late_blight227,0,3,3,Late_blight227,Late_blight227,True,0.999691
data/raw/Mendeley/plantvillage/Preprocessed data/Late_blight227/Lb790.jpg,Late_blight227,0,3,3,Late_blight227,Late_blight227,True,0.9999652
data/raw/Mendeley/plantvillage/Preprocessed data/Late_blight227/Lb795.jpg,Late_blight227,0,3,3,Late_blight227,Late_blight227,True,0.9999862
data/raw/Mendeley/plantvillage/Preprocessed data/Late_blight227/Lb796.jpg,Late_blight227,0,3,3,Late_blight227,Late_blight227,True,0.99992216
data/raw/Mendeley/plantvillage/Preprocessed data/Late_blight227/Lb798.jpg,Late_blight227,0,3,3,Late_blight227,Late_blight227,True,0.99999964
data/raw/Mendeley/plantvillage/Preprocessed data/Late_blight227/Lb801.jpg,Late_blight227,0,3,3,Late_blight227,Late_blight227,True,0.9999982
data/raw/Mendeley/plantvillage/Preprocessed data/Late_blight227/Lb803.jpg,Late_blight227,0,3,3,Late_blight227,Late_blight227,True,0.9999933
data/raw/Mendeley/plantvillage/Preprocessed data/Late_blight227/Lb827.jpg,Late_blight227,0,3,3,Late_blight227,Late_blight227,True,0.9999976
data/raw/Mendeley/plantvillage/Preprocessed data/Late_blight227/Lb829.jpg,Late_blight227,0,3,3,Late_blight227,Late_blight227,True,0.9997023
data/raw/Mendeley/plantvillage/Preprocessed data/Late_blight227/Lb830.jpg,Late_blight227,0,3,3,Late_blight227,Late_blight227,True,0.9997987
data/raw/Mendeley/plantvillage/Preprocessed data/Late_blight227/Lb832.jpg,Late_blight227,0,3,3,Late_blight227,Late_blight227,True,0.99975616
data/raw/Mendeley/plantvillage/Preprocessed data/Late_blight227/Lb848.jpg,Late_blight227,0,3,3,Late_blight227,Late_blight227,True,0.99999833
data/raw/Mendeley/plantvillage/Preprocessed data/Late_blight227/Lb85.jpg,Late_blight227,0,3,3,Late_blight227,Late_blight227,True,0.9997837
data/raw/Mendeley/plantvillage/Preprocessed data/Late_blight227/Lb850.jpg,Late_blight227,0,3,3,Late_blight227,Late_blight227,True,0.99999857
data/raw/Mendeley/plantvillage/Preprocessed data/Late_blight227/Lb855.jpg,Late_blight227,0,3,3,Late_blight227,Late_blight227,True,0.9999852
data/raw/Mendeley/plantvillage/Preprocessed data/Late_blight227/Lb86.jpg,Late_blight227,0,3,3,Late_blight227,Late_blight227,True,0.9659747
data/raw/Mendeley/plantvillage/Preprocessed data/Late_blight227/Lb868.jpg,Late_blight227,0,3,3,Late_blight227,Late_blight227,True,0.9999336
data/raw/Mendeley/plantvillage/Preprocessed data/Late_blight227/Lb872.jpg,Late_blight227,0,3,3,Late_blight227,Late_blight227,True,0.9999881
data/raw/Mendeley/plantvillage/Preprocessed data/Late_blight227/Lb877.jpg,Late_blight227,0,3,3,Late_blight227,Late_blight227,True,0.9997813
data/raw/Mendeley/plantvillage/Preprocessed data/Late_blight227/Lb880.jpg,Late_blight227,0,3,3,Late_blight227,Late_blight227,True,0.999739
data/raw/Mendeley/plantvillage/Preprocessed data/Late_blight227/Lb89.jpg,Late_blight227,0,3,3,Late_blight227,Late_blight227,True,0.95156795
data/raw/Mendeley/plantvillage/Preprocessed data/Late_blight227/Lb892.jpg,Late_blight227,0,3,3,Late_blight227,Late_blight227,True,0.99853337
data/raw/Mendeley/plantvillage/Preprocessed data/Late_blight227/Lb898.jpg,Late_blight227,0,3,3,Late_blight227,Late_blight227,True,0.99843043
data/raw/Mendeley/plantvillage/Preprocessed data/Late_blight227/Lb90.jpg,Late_blight227,0,3,3,Late_blight227,Late_blight227,True,0.9999198
data/raw/Mendeley/plantvillage/Preprocessed data/Late_blight227/Lb900.jpg,Late_blight227,0,3,3,Late_blight227,Late_blight227,True,0.99984646
data/raw/Mendeley/plantvillage/Preprocessed data/Late_blight227/Lb906.jpg,Late_blight227,0,3,3,Late_blight227,Late_blight227,True,0.99998426
data/raw/Mendeley/plantvillage/Preprocessed data/Late_blight227/Lb909.jpg,Late_blight227,0,3,3,Late_blight227,Late_blight227,True,0.99998534
data/raw/Mendeley/plantvillage/Preprocessed data/Late_blight227/Lb91.jpg,Late_blight227,0,3,3,Late_blight227,Late_blight227,True,0.9999416
data/raw/Mendeley/plantvillage/Preprocessed data/Late_blight227/Lb912.jpg,Late_blight227,0,3,3,Late_blight227,Late_blight227,True,0.99989176
data/raw/Mendeley/plantvillage/Preprocessed data/Late_blight227/Lb918.jpg,Late_blight227,0,3,3,Late_blight227,Late_blight227,True,0.999907
data/raw/Mendeley/plantvillage/Preprocessed data/Late_blight227/Lb920.jpg,Late_blight227,0,3,3,Late_blight227,Late_blight227,True,0.9999887
data/raw/Mendeley/plantvillage/Preprocessed data/Late_blight227/Lb921.jpg,Late_blight227,0,3,3,Late_blight227,Late_blight227,True,0.99993205
data/raw/Mendeley/plantvillage/Preprocessed data/Late_blight227/Lb922.jpg,Late_blight227,0,3,3,Late_blight227,Late_blight227,True,0.9999684
data/raw/Mendeley/plantvillage/Preprocessed data/Late_blight227/Lb925.jpg,Late_blight227,0,3,3,Late_blight227,Late_blight227,True,0.99990714
data/raw/Mendeley/plantvillage/Preprocessed data/Late_blight227/Lb927.jpg,Late_blight227,0,3,3,Late_blight227,Late_blight227,True,0.9999958
data/raw/Mendeley/plantvillage/Preprocessed data/Late_blight227/Lb935.jpg,Late_blight227,0,3,3,Late_blight227,Late_blight227,True,0.999949
data/raw/Mendeley/plantvillage/Preprocessed data/Late_blight227/Lb937.jpg,Late_blight227,0,3,3,Late_blight227,Late_blight227,True,0.99971205
data/raw/Mendeley/plantvillage/Preprocessed data/Late_blight227/Lb939.jpg,Late_blight227,0,3,3,Late_blight227,Late_blight227,True,0.999992
data/raw/Mendeley/plantvillage/Preprocessed data/Late_blight227/Lb946.jpg,Late_blight227,0,3,3,Late_blight227,Late_blight227,True,0.89794344
data/raw/Mendeley/plantvillage/Preprocessed data/Late_blight227/Lb949.jpg,Late_blight227,0,3,3,Late_blight227,Late_blight227,True,0.999985
data/raw/Mendeley/plantvillage/Preprocessed data/Late_blight227/Lb951.jpg,Late_blight227,0,3,3,Late_blight227,Late_blight227,True,0.99999976
data/raw/Mendeley/plantvillage/Preprocessed data/Late_blight227/Lb96.jpg,Late_blight227,0,3,3,Late_blight227,Late_blight227,True,1.0
data/raw/Mendeley/plantvillage/Preprocessed data/Late_blight227/Lb964.jpg,Late_blight227,0,3,3,Late_blight227,Late_blight227,True,0.99999976
data/raw/Mendeley/plantvillage/Preprocessed data/Late_blight227/Lb967.jpg,Late_blight227,0,3,3,Late_blight227,Late_blight227,True,0.9998778
data/raw/Mendeley/plantvillage/Preprocessed data/Late_blight227/Lb968.jpg,Late_blight227,0,3,3,Late_blight227,Late_blight227,True,0.99998164
data/raw/Mendeley/plantvillage/Preprocessed data/Late_blight227/Lb97.jpg,Late_blight227,0,3,3,Late_blight227,Late_blight227,True,0.63615745
data/raw/Mendeley/plantvillage/Preprocessed data/Late_blight227/Lb970.jpg,Late_blight227,0,3,3,Late_blight227,Late_blight227,True,0.9994566
data/raw/Mendeley/plantvillage/Preprocessed data/Late_blight227/Lb984.jpg,Late_blight227,0,3,3,Late_blight227,Late_blight227,True,0.9998084
data/raw/Mendeley/plantvillage/Preprocessed data/Leaf_Mold227/Lm102.jpg,Leaf_Mold227,0,4,4,Leaf_Mold227,Leaf_Mold227,True,0.99991786
data/raw/Mendeley/plantvillage/Preprocessed data/Leaf_Mold227/Lm106.jpg,Leaf_Mold227,0,4,4,Leaf_Mold227,Leaf_Mold227,True,0.946793
data/raw/Mendeley/plantvillage/Preprocessed data/Leaf_Mold227/Lm111.jpg,Leaf_Mold227,0,4,4,Leaf_Mold227,Leaf_Mold227,True,0.9999968
data/raw/Mendeley/plantvillage/Preprocessed data/Leaf_Mold227/Lm121.jpg,Leaf_Mold227,0,4,4,Leaf_Mold227,Leaf_Mold227,True,0.9999994
data/raw/Mendeley/plantvillage/Preprocessed data/Leaf_Mold227/Lm122.jpg,Leaf_Mold227,0,4,4,Leaf_Mold227,Leaf_Mold227,True,0.9996972
data/raw/Mendeley/plantvillage/Preprocessed data/Leaf_Mold227/Lm124.jpg,Leaf_Mold227,0,4,4,Leaf_Mold227,Leaf_Mold227,True,0.9999968
data/raw/Mendeley/plantvillage/Preprocessed data/Leaf_Mold227/Lm145.jpg,Leaf_Mold227,0,4,4,Leaf_Mold227,Leaf_Mold227,True,0.99999964
data/raw/Mendeley/plantvillage/Preprocessed data/Leaf_Mold227/Lm146.jpg,Leaf_Mold227,0,4,4,Leaf_Mold227,Leaf_Mold227,True,0.99999726
data/raw/Mendeley/plantvillage/Preprocessed data/Leaf_Mold227/Lm149.jpg,Leaf_Mold227,0,4,4,Leaf_Mold227,Leaf_Mold227,True,0.99973136
data/raw/Mendeley/plantvillage/Preprocessed data/Leaf_Mold227/Lm154.jpg,Leaf_Mold227,0,4,4,Leaf_Mold227,Leaf_Mold227,True,0.9999999
data/raw/Mendeley/plantvillage/Preprocessed data/Leaf_Mold227/Lm155.jpg,Leaf_Mold227,0,4,4,Leaf_Mold227,Leaf_Mold227,True,0.999448
data/raw/Mendeley/plantvillage/Preprocessed data/Leaf_Mold227/Lm164.jpg,Leaf_Mold227,0,4,4,Leaf_Mold227,Leaf_Mold227,True,0.9999932
data/raw/Mendeley/plantvillage/Preprocessed data/Leaf_Mold227/Lm174.jpg,Leaf_Mold227,0,4,4,Leaf_Mold227,Leaf_Mold227,True,0.76834947
data/raw/Mendeley/plantvillage/Preprocessed data/Leaf_Mold227/Lm186.jpg,Leaf_Mold227,0,4,4,Leaf_Mold227,Leaf_Mold227,True,0.9987061
data/raw/Mendeley/plantvillage/Preprocessed data/Leaf_Mold227/Lm187.jpg,Leaf_Mold227,0,4,4,Leaf_Mold227,Leaf_Mold227,True,0.9875996
data/raw/Mendeley/plantvillage/Preprocessed data/Leaf_Mold227/Lm201.jpg,Leaf_Mold227,0,4,4,Leaf_Mold227,Leaf_Mold227,True,0.99999154
data/raw/Mendeley/plantvillage/Preprocessed data/Leaf_Mold227/Lm204.jpg,Leaf_Mold227,0,4,4,Leaf_Mold227,Leaf_Mold227,True,0.999997
data/raw/Mendeley/plantvillage/Preprocessed data/Leaf_Mold227/Lm207.jpg,Leaf_Mold227,0,4,4,Leaf_Mold227,Leaf_Mold227,True,0.9999987
data/raw/Mendeley/plantvillage/Preprocessed data/Leaf_Mold227/Lm209.jpg,Leaf_Mold227,0,4,4,Leaf_Mold227,Leaf_Mold227,True,1.0
data/raw/Mendeley/plantvillage/Preprocessed data/Leaf_Mold227/Lm212.jpg,Leaf_Mold227,0,4,4,Leaf_Mold227,Leaf_Mold227,True,0.9999871
data/raw/Mendeley/plantvillage/Preprocessed data/Leaf_Mold227/Lm226.jpg,Leaf_Mold227,0,4,4,Leaf_Mold227,Leaf_Mold227,True,0.9999974
data/raw/Mendeley/plantvillage/Preprocessed data/Leaf_Mold227/Lm228.jpg,Leaf_Mold227,0,4,4,Leaf_Mold227,Leaf_Mold227,True,0.99970716
data/raw/Mendeley/plantvillage/Preprocessed data/Leaf_Mold227/Lm237.jpg,Leaf_Mold227,0,4,4,Leaf_Mold227,Leaf_Mold227,True,0.99997973
data/raw/Mendeley/plantvillage/Preprocessed data/Leaf_Mold227/Lm240.jpg,Leaf_Mold227,0,4,4,Leaf_Mold227,Leaf_Mold227,True,0.9999747
data/raw/Mendeley/plantvillage/Preprocessed data/Leaf_Mold227/Lm244.jpg,Leaf_Mold227,0,4,4,Leaf_Mold227,Leaf_Mold227,True,0.99918574
data/raw/Mendeley/plantvillage/Preprocessed data/Leaf_Mold227/Lm249.jpg,Leaf_Mold227,0,4,4,Leaf_Mold227,Leaf_Mold227,True,0.9999852
data/raw/Mendeley/plantvillage/Preprocessed data/Leaf_Mold227/Lm252.jpg,Leaf_Mold227,0,4,4,Leaf_Mold227,Leaf_Mold227,True,0.99999964
data/raw/Mendeley/plantvillage/Preprocessed data/Leaf_Mold227/Lm257.jpg,Leaf_Mold227,0,4,4,Leaf_Mold227,Leaf_Mold227,True,0.99930453
data/raw/Mendeley/plantvillage/Preprocessed data/Leaf_Mold227/Lm258.jpg,Leaf_Mold227,0,4,4,Leaf_Mold227,Leaf_Mold227,True,0.9999964
data/raw/Mendeley/plantvillage/Preprocessed data/Leaf_Mold227/Lm263.jpg,Leaf_Mold227,0,4,4,Leaf_Mold227,Leaf_Mold227,True,0.99941146
data/raw/Mendeley/plantvillage/Preprocessed data/Leaf_Mold227/Lm275.jpg,Leaf_Mold227,0,4,4,Leaf_Mold227,Leaf_Mold227,True,0.99997604
data/raw/Mendeley/plantvillage/Preprocessed data/Leaf_Mold227/Lm280.jpg,Leaf_Mold227,0,4,4,Leaf_Mold227,Leaf_Mold227,True,1.0
data/raw/Mendeley/plantvillage/Preprocessed data/Leaf_Mold227/Lm282.jpg,Leaf_Mold227,0,4,4,Leaf_Mold227,Leaf_Mold227,True,0.9999713
data/raw/Mendeley/plantvillage/Preprocessed data/Leaf_Mold227/Lm287.jpg,Leaf_Mold227,0,4,4,Leaf_Mold227,Leaf_Mold227,True,0.99983203
data/raw/Mendeley/plantvillage/Preprocessed data/Leaf_Mold227/Lm288.jpg,Leaf_Mold227,0,4,4,Leaf_Mold227,Leaf_Mold227,True,0.9999993
data/raw/Mendeley/plantvillage/Preprocessed data/Leaf_Mold227/Lm292.jpg,Leaf_Mold227,0,4,4,Leaf_Mold227,Leaf_Mold227,True,0.9999584
data/raw/Mendeley/plantvillage/Preprocessed data/Leaf_Mold227/Lm299.jpg,Leaf_Mold227,0,4,4,Leaf_Mold227,Leaf_Mold227,True,0.9998221
data/raw/Mendeley/plantvillage/Preprocessed data/Leaf_Mold227/Lm300.jpg,Leaf_Mold227,0,4,5,Leaf_Mold227,Septoria_leaf_spot227,False,0.48204368
data/raw/Mendeley/plantvillage/Preprocessed data/Leaf_Mold227/Lm302.jpg,Leaf_Mold227,0,4,4,Leaf_Mold227,Leaf_Mold227,True,0.9999995
data/raw/Mendeley/plantvillage/Preprocessed data/Leaf_Mold227/Lm310.jpg,Leaf_Mold227,0,4,4,Leaf_Mold227,Leaf_Mold227,True,0.9999392
data/raw/Mendeley/plantvillage/Preprocessed data/Leaf_Mold227/Lm316.jpg,Leaf_Mold227,0,4,4,Leaf_Mold227,Leaf_Mold227,True,0.9998073
data/raw/Mendeley/plantvillage/Preprocessed data/Leaf_Mold227/Lm318.jpg,Leaf_Mold227,0,4,4,Leaf_Mold227,Leaf_Mold227,True,0.9961629
data/raw/Mendeley/plantvillage/Preprocessed data/Leaf_Mold227/Lm319.jpg,Leaf_Mold227,0,4,4,Leaf_Mold227,Leaf_Mold227,True,0.956714
data/raw/Mendeley/plantvillage/Preprocessed data/Leaf_Mold227/Lm322.jpg,Leaf_Mold227,0,4,4,Leaf_Mold227,Leaf_Mold227,True,0.9999931
data/raw/Mendeley/plantvillage/Preprocessed data/Leaf_Mold227/Lm323.jpg,Leaf_Mold227,0,4,4,Leaf_Mold227,Leaf_Mold227,True,0.9975413
data/raw/Mendeley/plantvillage/Preprocessed data/Leaf_Mold227/Lm333.jpg,Leaf_Mold227,0,4,4,Leaf_Mold227,Leaf_Mold227,True,0.99886274
data/raw/Mendeley/plantvillage/Preprocessed data/Leaf_Mold227/Lm335.jpg,Leaf_Mold227,0,4,4,Leaf_Mold227,Leaf_Mold227,True,0.99997115
data/raw/Mendeley/plantvillage/Preprocessed data/Leaf_Mold227/Lm339.jpg,Leaf_Mold227,0,4,4,Leaf_Mold227,Leaf_Mold227,True,0.9999174
data/raw/Mendeley/plantvillage/Preprocessed data/Leaf_Mold227/Lm34.jpg,Leaf_Mold227,0,4,4,Leaf_Mold227,Leaf_Mold227,True,0.9999088
data/raw/Mendeley/plantvillage/Preprocessed data/Leaf_Mold227/Lm347.jpg,Leaf_Mold227,0,4,4,Leaf_Mold227,Leaf_Mold227,True,0.9999616
data/raw/Mendeley/plantvillage/Preprocessed data/Leaf_Mold227/Lm35.jpg,Leaf_Mold227,0,4,4,Leaf_Mold227,Leaf_Mold227,True,0.99998665
data/raw/Mendeley/plantvillage/Preprocessed data/Leaf_Mold227/Lm352.jpg,Leaf_Mold227,0,4,4,Leaf_Mold227,Leaf_Mold227,True,0.97514194
data/raw/Mendeley/plantvillage/Preprocessed data/Leaf_Mold227/Lm357.jpg,Leaf_Mold227,0,4,4,Leaf_Mold227,Leaf_Mold227,True,0.9818839
data/raw/Mendeley/plantvillage/Preprocessed data/Leaf_Mold227/Lm368.jpg,Leaf_Mold227,0,4,4,Leaf_Mold227,Leaf_Mold227,True,0.99998236
data/raw/Mendeley/plantvillage/Preprocessed data/Leaf_Mold227/Lm369.jpg,Leaf_Mold227,0,4,4,Leaf_Mold227,Leaf_Mold227,True,0.9999621
data/raw/Mendeley/plantvillage/Preprocessed data/Leaf_Mold227/Lm370.jpg,Leaf_Mold227,0,4,4,Leaf_Mold227,Leaf_Mold227,True,0.99885345
data/raw/Mendeley/plantvillage/Preprocessed data/Leaf_Mold227/Lm377.jpg,Leaf_Mold227,0,4,4,Leaf_Mold227,Leaf_Mold227,True,0.9993894
data/raw/Mendeley/plantvillage/Preprocessed data/Leaf_Mold227/Lm378.jpg,Leaf_Mold227,0,4,4,Leaf_Mold227,Leaf_Mold227,True,0.9997906
data/raw/Mendeley/plantvillage/Preprocessed data/Leaf_Mold227/Lm381.jpg,Leaf_Mold227,0,4,4,Leaf_Mold227,Leaf_Mold227,True,0.9985667
data/raw/Mendeley/plantvillage/Preprocessed data/Leaf_Mold227/Lm383.jpg,Leaf_Mold227,0,4,4,Leaf_Mold227,Leaf_Mold227,True,0.99996054
data/raw/Mendeley/plantvillage/Preprocessed data/Leaf_Mold227/Lm393.jpg,Leaf_Mold227,0,4,4,Leaf_Mold227,Leaf_Mold227,True,0.9997243
data/raw/Mendeley/plantvillage/Preprocessed data/Leaf_Mold227/Lm396.jpg,Leaf_Mold227,0,4,4,Leaf_Mold227,Leaf_Mold227,True,0.99945647
data/raw/Mendeley/plantvillage/Preprocessed data/Leaf_Mold227/Lm406.jpg,Leaf_Mold227,0,4,4,Leaf_Mold227,Leaf_Mold227,True,0.99999964
data/raw/Mendeley/plantvillage/Preprocessed data/Leaf_Mold227/Lm410.jpg,Leaf_Mold227,0,4,4,Leaf_Mold227,Leaf_Mold227,True,0.9999733
data/raw/Mendeley/plantvillage/Preprocessed data/Leaf_Mold227/Lm412.jpg,Leaf_Mold227,0,4,4,Leaf_Mold227,Leaf_Mold227,True,0.9999664
data/raw/Mendeley/plantvillage/Preprocessed data/Leaf_Mold227/Lm420.jpg,Leaf_Mold227,0,4,4,Leaf_Mold227,Leaf_Mold227,True,0.9987073
data/raw/Mendeley/plantvillage/Preprocessed data/Leaf_Mold227/Lm421.jpg,Leaf_Mold227,0,4,4,Leaf_Mold227,Leaf_Mold227,True,0.9923458
data/raw/Mendeley/plantvillage/Preprocessed data/Leaf_Mold227/Lm423.jpg,Leaf_Mold227,0,4,4,Leaf_Mold227,Leaf_Mold227,True,0.98280704
data/raw/Mendeley/plantvillage/Preprocessed data/Leaf_Mold227/Lm43.jpg,Leaf_Mold227,0,4,4,Leaf_Mold227,Leaf_Mold227,True,0.9998116
data/raw/Mendeley/plantvillage/Preprocessed data/Leaf_Mold227/Lm434.jpg,Leaf_Mold227,0,4,4,Leaf_Mold227,Leaf_Mold227,True,0.9919224
data/raw/Mendeley/plantvillage/Preprocessed data/Leaf_Mold227/Lm447.jpg,Leaf_Mold227,0,4,4,Leaf_Mold227,Leaf_Mold227,True,0.99998903
data/raw/Mendeley/plantvillage/Preprocessed data/Leaf_Mold227/Lm45.jpg,Leaf_Mold227,0,4,4,Leaf_Mold227,Leaf_Mold227,True,0.99877745
data/raw/Mendeley/plantvillage/Preprocessed data/Leaf_Mold227/Lm454.jpg,Leaf_Mold227,0,4,4,Leaf_Mold227,Leaf_Mold227,True,0.999992
data/raw/Mendeley/plantvillage/Preprocessed data/Leaf_Mold227/Lm456.jpg,Leaf_Mold227,0,4,4,Leaf_Mold227,Leaf_Mold227,True,0.99999416
data/raw/Mendeley/plantvillage/Preprocessed data/Leaf_Mold227/Lm458.jpg,Leaf_Mold227,0,4,4,Leaf_Mold227,Leaf_Mold227,True,0.9999974
data/raw/Mendeley/plantvillage/Preprocessed data/Leaf_Mold227/Lm464.jpg,Leaf_Mold227,0,4,4,Leaf_Mold227,Leaf_Mold227,True,0.9999684
data/raw/Mendeley/plantvillage/Preprocessed data/Leaf_Mold227/Lm470.jpg,Leaf_Mold227,0,4,4,Leaf_Mold227,Leaf_Mold227,True,0.99985456
data/raw/Mendeley/plantvillage/Preprocessed data/Leaf_Mold227/Lm471.jpg,Leaf_Mold227,0,4,4,Leaf_Mold227,Leaf_Mold227,True,1.0
data/raw/Mendeley/plantvillage/Preprocessed data/Leaf_Mold227/Lm474.jpg,Leaf_Mold227,0,4,4,Leaf_Mold227,Leaf_Mold227,True,0.99999
data/raw/Mendeley/plantvillage/Preprocessed data/Leaf_Mold227/Lm475.jpg,Leaf_Mold227,0,4,4,Leaf_Mold227,Leaf_Mold227,True,0.9999999
data/raw/Mendeley/plantvillage/Preprocessed data/Leaf_Mold227/Lm48.jpg,Leaf_Mold227,0,4,4,Leaf_Mold227,Leaf_Mold227,True,0.9997942
data/raw/Mendeley/plantvillage/Preprocessed data/Leaf_Mold227/Lm484.jpg,Leaf_Mold227,0,4,4,Leaf_Mold227,Leaf_Mold227,True,0.99995005
data/raw/Mendeley/plantvillage/Preprocessed data/Leaf_Mold227/Lm486.jpg,Leaf_Mold227,0,4,4,Leaf_Mold227,Leaf_Mold227,True,0.9999814
data/raw/Mendeley/plantvillage/Preprocessed data/Leaf_Mold227/Lm49.jpg,Leaf_Mold227,0,4,4,Leaf_Mold227,Leaf_Mold227,True,0.96124077
data/raw/Mendeley/plantvillage/Preprocessed data/Leaf_Mold227/Lm492.jpg,Leaf_Mold227,0,4,4,Leaf_Mold227,Leaf_Mold227,True,0.9999999
data/raw/Mendeley/plantvillage/Preprocessed data/Leaf_Mold227/Lm499.jpg,Leaf_Mold227,0,4,4,Leaf_Mold227,Leaf_Mold227,True,0.99988484
data/raw/Mendeley/plantvillage/Preprocessed data/Leaf_Mold227/Lm504.jpg,Leaf_Mold227,0,4,4,Leaf_Mold227,Leaf_Mold227,True,0.99986875
data/raw/Mendeley/plantvillage/Preprocessed data/Leaf_Mold227/Lm51.jpg,Leaf_Mold227,0,4,4,Leaf_Mold227,Leaf_Mold227,True,1.0
data/raw/Mendeley/plantvillage/Preprocessed data/Leaf_Mold227/Lm517.jpg,Leaf_Mold227,0,4,4,Leaf_Mold227,Leaf_Mold227,True,0.9999579
data/raw/Mendeley/plantvillage/Preprocessed data/Leaf_Mold227/Lm519.jpg,Leaf_Mold227,0,4,4,Leaf_Mold227,Leaf_Mold227,True,0.997133
data/raw/Mendeley/plantvillage/Preprocessed data/Leaf_Mold227/Lm520.jpg,Leaf_Mold227,0,4,4,Leaf_Mold227,Leaf_Mold227,True,0.99995637
data/raw/Mendeley/plantvillage/Preprocessed data/Leaf_Mold227/Lm527.jpg,Leaf_Mold227,0,4,4,Leaf_Mold227,Leaf_Mold227,True,0.99978215
data/raw/Mendeley/plantvillage/Preprocessed data/Leaf_Mold227/Lm535.jpg,Leaf_Mold227,0,4,4,Leaf_Mold227,Leaf_Mold227,True,0.9981907
data/raw/Mendeley/plantvillage/Preprocessed data/Leaf_Mold227/Lm542.jpg,Leaf_Mold227,0,4,4,Leaf_Mold227,Leaf_Mold227,True,0.9999945
data/raw/Mendeley/plantvillage/Preprocessed data/Leaf_Mold227/Lm548.jpg,Leaf_Mold227,0,4,4,Leaf_Mold227,Leaf_Mold227,True,0.9999821
data/raw/Mendeley/plantvillage/Preprocessed data/Leaf_Mold227/Lm558.jpg,Leaf_Mold227,0,4,4,Leaf_Mold227,Leaf_Mold227,True,0.9998223
data/raw/Mendeley/plantvillage/Preprocessed data/Leaf_Mold227/Lm559.jpg,Leaf_Mold227,0,4,4,Leaf_Mold227,Leaf_Mold227,True,0.99987316
data/raw/Mendeley/plantvillage/Preprocessed data/Leaf_Mold227/Lm562.jpg,Leaf_Mold227,0,4,4,Leaf_Mold227,Leaf_Mold227,True,0.9999889
data/raw/Mendeley/plantvillage/Preprocessed data/Leaf_Mold227/Lm566.jpg,Leaf_Mold227,0,4,4,Leaf_Mold227,Leaf_Mold227,True,0.9998634
data/raw/Mendeley/plantvillage/Preprocessed data/Leaf_Mold227/Lm570.jpg,Leaf_Mold227,0,4,4,Leaf_Mold227,Leaf_Mold227,True,0.99996316
data/raw/Mendeley/plantvillage/Preprocessed data/Leaf_Mold227/Lm574.jpg,Leaf_Mold227,0,4,4,Leaf_Mold227,Leaf_Mold227,True,0.999972
data/raw/Mendeley/plantvillage/Preprocessed data/Leaf_Mold227/Lm576.jpg,Leaf_Mold227,0,4,4,Leaf_Mold227,Leaf_Mold227,True,0.99893826
data/raw/Mendeley/plantvillage/Preprocessed data/Leaf_Mold227/Lm577.jpg,Leaf_Mold227,0,4,4,Leaf_Mold227,Leaf_Mold227,True,0.98804396
data/raw/Mendeley/plantvillage/Preprocessed data/Leaf_Mold227/Lm578.jpg,Leaf_Mold227,0,4,4,Leaf_Mold227,Leaf_Mold227,True,0.9998381
data/raw/Mendeley/plantvillage/Preprocessed data/Leaf_Mold227/Lm581.jpg,Leaf_Mold227,0,4,4,Leaf_Mold227,Leaf_Mold227,True,0.9950936
data/raw/Mendeley/plantvillage/Preprocessed data/Leaf_Mold227/Lm585.jpg,Leaf_Mold227,0,4,4,Leaf_Mold227,Leaf_Mold227,True,0.99999344
data/raw/Mendeley/plantvillage/Preprocessed data/Leaf_Mold227/Lm6.jpg,Leaf_Mold227,0,4,4,Leaf_Mold227,Leaf_Mold227,True,0.8718083
data/raw/Mendeley/plantvillage/Preprocessed data/Leaf_Mold227/Lm604.jpg,Leaf_Mold227,0,4,4,Leaf_Mold227,Leaf_Mold227,True,0.99864763
data/raw/Mendeley/plantvillage/Preprocessed data/Leaf_Mold227/Lm605.jpg,Leaf_Mold227,0,4,4,Leaf_Mold227,Leaf_Mold227,True,0.99991274
data/raw/Mendeley/plantvillage/Preprocessed data/Leaf_Mold227/Lm607.jpg,Leaf_Mold227,0,4,4,Leaf_Mold227,Leaf_Mold227,True,0.9999275
data/raw/Mendeley/plantvillage/Preprocessed data/Leaf_Mold227/Lm618.jpg,Leaf_Mold227,0,4,4,Leaf_Mold227,Leaf_Mold227,True,0.9999658
data/raw/Mendeley/plantvillage/Preprocessed data/Leaf_Mold227/Lm623.jpg,Leaf_Mold227,0,4,4,Leaf_Mold227,Leaf_Mold227,True,0.916872
data/raw/Mendeley/plantvillage/Preprocessed data/Leaf_Mold227/Lm63.jpg,Leaf_Mold227,0,4,4,Leaf_Mold227,Leaf_Mold227,True,0.9991412
data/raw/Mendeley/plantvillage/Preprocessed data/Leaf_Mold227/Lm637.jpg,Leaf_Mold227,0,4,4,Leaf_Mold227,Leaf_Mold227,True,0.9992187
data/raw/Mendeley/plantvillage/Preprocessed data/Leaf_Mold227/Lm646.jpg,Leaf_Mold227,0,4,4,Leaf_Mold227,Leaf_Mold227,True,0.99999607
data/raw/Mendeley/plantvillage/Preprocessed data/Leaf_Mold227/Lm652.jpg,Leaf_Mold227,0,4,4,Leaf_Mold227,Leaf_Mold227,True,0.998885
data/raw/Mendeley/plantvillage/Preprocessed data/Leaf_Mold227/Lm654.jpg,Leaf_Mold227,0,4,4,Leaf_Mold227,Leaf_Mold227,True,0.9999956
data/raw/Mendeley/plantvillage/Preprocessed data/Leaf_Mold227/Lm656.jpg,Leaf_Mold227,0,4,4,Leaf_Mold227,Leaf_Mold227,True,0.9762023
data/raw/Mendeley/plantvillage/Preprocessed data/Leaf_Mold227/Lm657.jpg,Leaf_Mold227,0,4,4,Leaf_Mold227,Leaf_Mold227,True,0.99209905
data/raw/Mendeley/plantvillage/Preprocessed data/Leaf_Mold227/Lm658.jpg,Leaf_Mold227,0,4,4,Leaf_Mold227,Leaf_Mold227,True,0.99965036
data/raw/Mendeley/plantvillage/Preprocessed data/Leaf_Mold227/Lm659.jpg,Leaf_Mold227,0,4,4,Leaf_Mold227,Leaf_Mold227,True,0.99883264
data/raw/Mendeley/plantvillage/Preprocessed data/Leaf_Mold227/Lm661.jpg,Leaf_Mold227,0,4,4,Leaf_Mold227,Leaf_Mold227,True,0.9999455
data/raw/Mendeley/plantvillage/Preprocessed data/Leaf_Mold227/Lm663.jpg,Leaf_Mold227,0,4,4,Leaf_Mold227,Leaf_Mold227,True,0.9999989
data/raw/Mendeley/plantvillage/Preprocessed data/Leaf_Mold227/Lm667.jpg,Leaf_Mold227,0,4,4,Leaf_Mold227,Leaf_Mold227,True,0.99999225
data/raw/Mendeley/plantvillage/Preprocessed data/Leaf_Mold227/Lm668.jpg,Leaf_Mold227,0,4,4,Leaf_Mold227,Leaf_Mold227,True,0.999997
data/raw/Mendeley/plantvillage/Preprocessed data/Leaf_Mold227/Lm669.jpg,Leaf_Mold227,0,4,4,Leaf_Mold227,Leaf_Mold227,True,0.9999865
data/raw/Mendeley/plantvillage/Preprocessed data/Leaf_Mold227/Lm67.jpg,Leaf_Mold227,0,4,4,Leaf_Mold227,Leaf_Mold227,True,0.9999993
data/raw/Mendeley/plantvillage/Preprocessed data/Leaf_Mold227/Lm683.jpg,Leaf_Mold227,0,4,4,Leaf_Mold227,Leaf_Mold227,True,0.9998872
data/raw/Mendeley/plantvillage/Preprocessed data/Leaf_Mold227/Lm686.jpg,Leaf_Mold227,0,4,4,Leaf_Mold227,Leaf_Mold227,True,0.69043684
data/raw/Mendeley/plantvillage/Preprocessed data/Leaf_Mold227/Lm687.jpg,Leaf_Mold227,0,4,4,Leaf_Mold227,Leaf_Mold227,True,0.99997985
data/raw/Mendeley/plantvillage/Preprocessed data/Leaf_Mold227/Lm700.jpg,Leaf_Mold227,0,4,4,Leaf_Mold227,Leaf_Mold227,True,1.0
data/raw/Mendeley/plantvillage/Preprocessed data/Leaf_Mold227/Lm703.jpg,Leaf_Mold227,0,4,4,Leaf_Mold227,Leaf_Mold227,True,0.9999901
data/raw/Mendeley/plantvillage/Preprocessed data/Leaf_Mold227/Lm706.jpg,Leaf_Mold227,0,4,4,Leaf_Mold227,Leaf_Mold227,True,0.99969697
data/raw/Mendeley/plantvillage/Preprocessed data/Leaf_Mold227/Lm708.jpg,Leaf_Mold227,0,4,4,Leaf_Mold227,Leaf_Mold227,True,0.9999999
data/raw/Mendeley/plantvillage/Preprocessed data/Leaf_Mold227/Lm71.jpg,Leaf_Mold227,0,4,4,Leaf_Mold227,Leaf_Mold227,True,0.9997968
data/raw/Mendeley/plantvillage/Preprocessed data/Leaf_Mold227/Lm712.jpg,Leaf_Mold227,0,4,4,Leaf_Mold227,Leaf_Mold227,True,0.99999964
data/raw/Mendeley/plantvillage/Preprocessed data/Leaf_Mold227/Lm714.jpg,Leaf_Mold227,0,4,4,Leaf_Mold227,Leaf_Mold227,True,0.9999665
data/raw/Mendeley/plantvillage/Preprocessed data/Leaf_Mold227/Lm723.jpg,Leaf_Mold227,0,4,4,Leaf_Mold227,Leaf_Mold227,True,1.0
data/raw/Mendeley/plantvillage/Preprocessed data/Leaf_Mold227/Lm724.jpg,Leaf_Mold227,0,4,4,Leaf_Mold227,Leaf_Mold227,True,0.9999906
data/raw/Mendeley/plantvillage/Preprocessed data/Leaf_Mold227/Lm734.jpg,Leaf_Mold227,0,4,4,Leaf_Mold227,Leaf_Mold227,True,0.9999852
data/raw/Mendeley/plantvillage/Preprocessed data/Leaf_Mold227/Lm737.jpg,Leaf_Mold227,0,4,4,Leaf_Mold227,Leaf_Mold227,True,0.9999987
data/raw/Mendeley/plantvillage/Preprocessed data/Leaf_Mold227/Lm738.jpg,Leaf_Mold227,0,4,4,Leaf_Mold227,Leaf_Mold227,True,0.9996476
data/raw/Mendeley/plantvillage/Preprocessed data/Leaf_Mold227/Lm74.jpg,Leaf_Mold227,0,4,4,Leaf_Mold227,Leaf_Mold227,True,0.99999034
data/raw/Mendeley/plantvillage/Preprocessed data/Leaf_Mold227/Lm741.jpg,Leaf_Mold227,0,4,4,Leaf_Mold227,Leaf_Mold227,True,0.99894446
data/raw/Mendeley/plantvillage/Preprocessed data/Leaf_Mold227/Lm744.jpg,Leaf_Mold227,0,4,4,Leaf_Mold227,Leaf_Mold227,True,0.99997854
data/raw/Mendeley/plantvillage/Preprocessed data/Leaf_Mold227/Lm746.jpg,Leaf_Mold227,0,4,4,Leaf_Mold227,Leaf_Mold227,True,0.99988496
data/raw/Mendeley/plantvillage/Preprocessed data/Leaf_Mold227/Lm747.jpg,Leaf_Mold227,0,4,4,Leaf_Mold227,Leaf_Mold227,True,0.9999999
data/raw/Mendeley/plantvillage/Preprocessed data/Leaf_Mold227/Lm750.jpg,Leaf_Mold227,0,4,4,Leaf_Mold227,Leaf_Mold227,True,0.9997832
data/raw/Mendeley/plantvillage/Preprocessed data/Leaf_Mold227/Lm757.jpg,Leaf_Mold227,0,4,4,Leaf_Mold227,Leaf_Mold227,True,0.9998233
data/raw/Mendeley/plantvillage/Preprocessed data/Leaf_Mold227/Lm77.jpg,Leaf_Mold227,0,4,4,Leaf_Mold227,Leaf_Mold227,True,0.9999999
data/raw/Mendeley/plantvillage/Preprocessed data/Leaf_Mold227/Lm81.jpg,Leaf_Mold227,0,4,4,Leaf_Mold227,Leaf_Mold227,True,0.999997
data/raw/Mendeley/plantvillage/Preprocessed data/Leaf_Mold227/Lm88.jpg,Leaf_Mold227,0,4,4,Leaf_Mold227,Leaf_Mold227,True,0.999811
data/raw/Mendeley/plantvillage/Preprocessed data/Leaf_Mold227/Lm97.jpg,Leaf_Mold227,0,4,4,Leaf_Mold227,Leaf_Mold227,True,0.9999999
data/raw/Mendeley/plantvillage/Preprocessed data/Septoria_leaf_spot227/Slf1007.jpg,Septoria_leaf_spot227,0,5,5,Septoria_leaf_spot227,Septoria_leaf_spot227,True,0.9998317
data/raw/Mendeley/plantvillage/Preprocessed data/Septoria_leaf_spot227/Slf1008.jpg,Septoria_leaf_spot227,0,5,5,Septoria_leaf_spot227,Septoria_leaf_spot227,True,0.9999676
data/raw/Mendeley/plantvillage/Preprocessed data/Septoria_leaf_spot227/Slf1015.jpg,Septoria_leaf_spot227,0,5,5,Septoria_leaf_spot227,Septoria_leaf_spot227,True,0.99998677
data/raw/Mendeley/plantvillage/Preprocessed data/Septoria_leaf_spot227/Slf102.jpg,Septoria_leaf_spot227,0,5,5,Septoria_leaf_spot227,Septoria_leaf_spot227,True,0.99997866
data/raw/Mendeley/plantvillage/Preprocessed data/Septoria_leaf_spot227/Slf1028.jpg,Septoria_leaf_spot227,0,5,5,Septoria_leaf_spot227,Septoria_leaf_spot227,True,0.9998808
data/raw/Mendeley/plantvillage/Preprocessed data/Septoria_leaf_spot227/Slf1031.jpg,Septoria_leaf_spot227,0,5,5,Septoria_leaf_spot227,Septoria_leaf_spot227,True,0.999946
data/raw/Mendeley/plantvillage/Preprocessed data/Septoria_leaf_spot227/Slf1036.jpg,Septoria_leaf_spot227,0,5,5,Septoria_leaf_spot227,Septoria_leaf_spot227,True,0.99621093
data/raw/Mendeley/plantvillage/Preprocessed data/Septoria_leaf_spot227/Slf1041.jpg,Septoria_leaf_spot227,0,5,5,Septoria_leaf_spot227,Septoria_leaf_spot227,True,0.95616305
data/raw/Mendeley/plantvillage/Preprocessed data/Septoria_leaf_spot227/Slf1042.jpg,Septoria_leaf_spot227,0,5,5,Septoria_leaf_spot227,Septoria_leaf_spot227,True,0.99923563
data/raw/Mendeley/plantvillage/Preprocessed data/Septoria_leaf_spot227/Slf1043.jpg,Septoria_leaf_spot227,0,5,5,Septoria_leaf_spot227,Septoria_leaf_spot227,True,0.9999416
data/raw/Mendeley/plantvillage/Preprocessed data/Septoria_leaf_spot227/Slf1046.jpg,Septoria_leaf_spot227,0,5,5,Septoria_leaf_spot227,Septoria_leaf_spot227,True,0.9991979
data/raw/Mendeley/plantvillage/Preprocessed data/Septoria_leaf_spot227/Slf106.jpg,Septoria_leaf_spot227,0,5,5,Septoria_leaf_spot227,Septoria_leaf_spot227,True,0.9977477
data/raw/Mendeley/plantvillage/Preprocessed data/Septoria_leaf_spot227/Slf1060.jpg,Septoria_leaf_spot227,0,5,5,Septoria_leaf_spot227,Septoria_leaf_spot227,True,0.99990845
data/raw/Mendeley/plantvillage/Preprocessed data/Septoria_leaf_spot227/Slf1069.jpg,Septoria_leaf_spot227,0,5,5,Septoria_leaf_spot227,Septoria_leaf_spot227,True,0.8969752
data/raw/Mendeley/plantvillage/Preprocessed data/Septoria_leaf_spot227/Slf1070.jpg,Septoria_leaf_spot227,0,5,5,Septoria_leaf_spot227,Septoria_leaf_spot227,True,0.9365727
data/raw/Mendeley/plantvillage/Preprocessed data/Septoria_leaf_spot227/Slf1074.jpg,Septoria_leaf_spot227,0,5,5,Septoria_leaf_spot227,Septoria_leaf_spot227,True,0.99987507
data/raw/Mendeley/plantvillage/Preprocessed data/Septoria_leaf_spot227/Slf1076.jpg,Septoria_leaf_spot227,0,5,5,Septoria_leaf_spot227,Septoria_leaf_spot227,True,0.5981949
data/raw/Mendeley/plantvillage/Preprocessed data/Septoria_leaf_spot227/Slf1080.jpg,Septoria_leaf_spot227,0,5,5,Septoria_leaf_spot227,Septoria_leaf_spot227,True,0.9995927
data/raw/Mendeley/plantvillage/Preprocessed data/Septoria_leaf_spot227/Slf1081.jpg,Septoria_leaf_spot227,0,5,5,Septoria_leaf_spot227,Septoria_leaf_spot227,True,0.9997516
data/raw/Mendeley/plantvillage/Preprocessed data/Septoria_leaf_spot227/Slf1082.jpg,Septoria_leaf_spot227,0,5,5,Septoria_leaf_spot227,Septoria_leaf_spot227,True,0.99939
data/raw/Mendeley/plantvillage/Preprocessed data/Septoria_leaf_spot227/Slf1088.jpg,Septoria_leaf_spot227,0,5,5,Septoria_leaf_spot227,Septoria_leaf_spot227,True,0.9997266
data/raw/Mendeley/plantvillage/Preprocessed data/Septoria_leaf_spot227/Slf1089.jpg,Septoria_leaf_spot227,0,5,5,Septoria_leaf_spot227,Septoria_leaf_spot227,True,0.9922357
data/raw/Mendeley/plantvillage/Preprocessed data/Septoria_leaf_spot227/Slf109.jpg,Septoria_leaf_spot227,0,5,5,Septoria_leaf_spot227,Septoria_leaf_spot227,True,0.99990904
data/raw/Mendeley/plantvillage/Preprocessed data/Septoria_leaf_spot227/Slf1099.jpg,Septoria_leaf_spot227,0,5,5,Septoria_leaf_spot227,Septoria_leaf_spot227,True,0.99998355
data/raw/Mendeley/plantvillage/Preprocessed data/Septoria_leaf_spot227/Slf1100.jpg,Septoria_leaf_spot227,0,5,5,Septoria_leaf_spot227,Septoria_leaf_spot227,True,0.99992585
data/raw/Mendeley/plantvillage/Preprocessed data/Septoria_leaf_spot227/Slf1103.jpg,Septoria_leaf_spot227,0,5,5,Septoria_leaf_spot227,Septoria_leaf_spot227,True,0.99999666
data/raw/Mendeley/plantvillage/Preprocessed data/Septoria_leaf_spot227/Slf1106.jpg,Septoria_leaf_spot227,0,5,5,Septoria_leaf_spot227,Septoria_leaf_spot227,True,0.99999475
data/raw/Mendeley/plantvillage/Preprocessed data/Septoria_leaf_spot227/Slf1108.jpg,Septoria_leaf_spot227,0,5,5,Septoria_leaf_spot227,Septoria_leaf_spot227,True,0.9994299
data/raw/Mendeley/plantvillage/Preprocessed data/Septoria_leaf_spot227/Slf1111.jpg,Septoria_leaf_spot227,0,5,5,Septoria_leaf_spot227,Septoria_leaf_spot227,True,0.9999509
data/raw/Mendeley/plantvillage/Preprocessed data/Septoria_leaf_spot227/Slf1113.jpg,Septoria_leaf_spot227,0,5,5,Septoria_leaf_spot227,Septoria_leaf_spot227,True,0.99987435
data/raw/Mendeley/plantvillage/Preprocessed data/Septoria_leaf_spot227/Slf1129.jpg,Septoria_leaf_spot227,0,5,5,Septoria_leaf_spot227,Septoria_leaf_spot227,True,0.9999902
data/raw/Mendeley/plantvillage/Preprocessed data/Septoria_leaf_spot227/Slf1134.jpg,Septoria_leaf_spot227,0,5,5,Septoria_leaf_spot227,Septoria_leaf_spot227,True,0.99881387
data/raw/Mendeley/plantvillage/Preprocessed data/Septoria_leaf_spot227/Slf1137.jpg,Septoria_leaf_spot227,0,5,5,Septoria_leaf_spot227,Septoria_leaf_spot227,True,0.99999976
data/raw/Mendeley/plantvillage/Preprocessed data/Septoria_leaf_spot227/Slf1139.jpg,Septoria_leaf_spot227,0,5,5,Septoria_leaf_spot227,Septoria_leaf_spot227,True,0.99993396
data/raw/Mendeley/plantvillage/Preprocessed data/Septoria_leaf_spot227/Slf1142.jpg,Septoria_leaf_spot227,0,5,5,Septoria_leaf_spot227,Septoria_leaf_spot227,True,0.9995876
data/raw/Mendeley/plantvillage/Preprocessed data/Septoria_leaf_spot227/Slf1146.jpg,Septoria_leaf_spot227,0,5,5,Septoria_leaf_spot227,Septoria_leaf_spot227,True,0.9549241
data/raw/Mendeley/plantvillage/Preprocessed data/Septoria_leaf_spot227/Slf1151.jpg,Septoria_leaf_spot227,0,5,5,Septoria_leaf_spot227,Septoria_leaf_spot227,True,0.9999913
data/raw/Mendeley/plantvillage/Preprocessed data/Septoria_leaf_spot227/Slf1152.jpg,Septoria_leaf_spot227,0,5,5,Septoria_leaf_spot227,Septoria_leaf_spot227,True,0.99960035
data/raw/Mendeley/plantvillage/Preprocessed data/Septoria_leaf_spot227/Slf1157.jpg,Septoria_leaf_spot227,0,5,5,Septoria_leaf_spot227,Septoria_leaf_spot227,True,0.99996364
data/raw/Mendeley/plantvillage/Preprocessed data/Septoria_leaf_spot227/Slf116.jpg,Septoria_leaf_spot227,0,5,5,Septoria_leaf_spot227,Septoria_leaf_spot227,True,0.99964035
data/raw/Mendeley/plantvillage/Preprocessed data/Septoria_leaf_spot227/Slf1160.jpg,Septoria_leaf_spot227,0,5,5,Septoria_leaf_spot227,Septoria_leaf_spot227,True,0.9999943
data/raw/Mendeley/plantvillage/Preprocessed data/Septoria_leaf_spot227/Slf1169.jpg,Septoria_leaf_spot227,0,5,5,Septoria_leaf_spot227,Septoria_leaf_spot227,True,0.99722713
data/raw/Mendeley/plantvillage/Preprocessed data/Septoria_leaf_spot227/Slf1171.jpg,Septoria_leaf_spot227,0,5,5,Septoria_leaf_spot227,Septoria_leaf_spot227,True,0.99901664
data/raw/Mendeley/plantvillage/Preprocessed data/Septoria_leaf_spot227/Slf1173.jpg,Septoria_leaf_spot227,0,5,5,Septoria_leaf_spot227,Septoria_leaf_spot227,True,0.99755657
data/raw/Mendeley/plantvillage/Preprocessed data/Septoria_leaf_spot227/Slf1175.jpg,Septoria_leaf_spot227,0,5,5,Septoria_leaf_spot227,Septoria_leaf_spot227,True,0.99302715
data/raw/Mendeley/plantvillage/Preprocessed data/Septoria_leaf_spot227/Slf1176.jpg,Septoria_leaf_spot227,0,5,5,Septoria_leaf_spot227,Septoria_leaf_spot227,True,0.9998543
data/raw/Mendeley/plantvillage/Preprocessed data/Septoria_leaf_spot227/Slf118.jpg,Septoria_leaf_spot227,0,5,5,Septoria_leaf_spot227,Septoria_leaf_spot227,True,0.9996271
data/raw/Mendeley/plantvillage/Preprocessed data/Septoria_leaf_spot227/Slf1180.jpg,Septoria_leaf_spot227,0,5,5,Septoria_leaf_spot227,Septoria_leaf_spot227,True,0.945497
data/raw/Mendeley/plantvillage/Preprocessed data/Septoria_leaf_spot227/Slf1187.jpg,Septoria_leaf_spot227,0,5,5,Septoria_leaf_spot227,Septoria_leaf_spot227,True,0.99999905
data/raw/Mendeley/plantvillage/Preprocessed data/Septoria_leaf_spot227/Slf1188.jpg,Septoria_leaf_spot227,0,5,5,Septoria_leaf_spot227,Septoria_leaf_spot227,True,0.9999994
data/raw/Mendeley/plantvillage/Preprocessed data/Septoria_leaf_spot227/Slf119.jpg,Septoria_leaf_spot227,0,5,5,Septoria_leaf_spot227,Septoria_leaf_spot227,True,0.97683245
data/raw/Mendeley/plantvillage/Preprocessed data/Septoria_leaf_spot227/Slf1195.jpg,Septoria_leaf_spot227,0,5,5,Septoria_leaf_spot227,Septoria_leaf_spot227,True,0.99757284
data/raw/Mendeley/plantvillage/Preprocessed data/Septoria_leaf_spot227/Slf1196.jpg,Septoria_leaf_spot227,0,5,5,Septoria_leaf_spot227,Septoria_leaf_spot227,True,0.9250916
data/raw/Mendeley/plantvillage/Preprocessed data/Septoria_leaf_spot227/Slf1200.jpg,Septoria_leaf_spot227,0,5,5,Septoria_leaf_spot227,Septoria_leaf_spot227,True,0.999967
data/raw/Mendeley/plantvillage/Preprocessed data/Septoria_leaf_spot227/Slf1201.jpg,Septoria_leaf_spot227,0,5,5,Septoria_leaf_spot227,Septoria_leaf_spot227,True,0.9999801
data/raw/Mendeley/plantvillage/Preprocessed data/Septoria_leaf_spot227/Slf1203.jpg,Septoria_leaf_spot227,0,5,5,Septoria_leaf_spot227,Septoria_leaf_spot227,True,0.9983033
data/raw/Mendeley/plantvillage/Preprocessed data/Septoria_leaf_spot227/Slf1204.jpg,Septoria_leaf_spot227,0,5,5,Septoria_leaf_spot227,Septoria_leaf_spot227,True,0.9999182
data/raw/Mendeley/plantvillage/Preprocessed data/Septoria_leaf_spot227/Slf1206.jpg,Septoria_leaf_spot227,0,5,5,Septoria_leaf_spot227,Septoria_leaf_spot227,True,0.99877435
data/raw/Mendeley/plantvillage/Preprocessed data/Septoria_leaf_spot227/Slf1207.jpg,Septoria_leaf_spot227,0,5,5,Septoria_leaf_spot227,Septoria_leaf_spot227,True,0.9999777
data/raw/Mendeley/plantvillage/Preprocessed data/Septoria_leaf_spot227/Slf1217.jpg,Septoria_leaf_spot227,0,5,5,Septoria_leaf_spot227,Septoria_leaf_spot227,True,0.9999132
data/raw/Mendeley/plantvillage/Preprocessed data/Septoria_leaf_spot227/Slf122.jpg,Septoria_leaf_spot227,0,5,5,Septoria_leaf_spot227,Septoria_leaf_spot227,True,0.9858726
data/raw/Mendeley/plantvillage/Preprocessed data/Septoria_leaf_spot227/Slf1221.jpg,Septoria_leaf_spot227,0,5,5,Septoria_leaf_spot227,Septoria_leaf_spot227,True,0.99926704
data/raw/Mendeley/plantvillage/Preprocessed data/Septoria_leaf_spot227/Slf1222.jpg,Septoria_leaf_spot227,0,5,5,Septoria_leaf_spot227,Septoria_leaf_spot227,True,0.9996377
data/raw/Mendeley/plantvillage/Preprocessed data/Septoria_leaf_spot227/Slf1226.jpg,Septoria_leaf_spot227,0,5,5,Septoria_leaf_spot227,Septoria_leaf_spot227,True,0.99999547
data/raw/Mendeley/plantvillage/Preprocessed data/Septoria_leaf_spot227/Slf1238.jpg,Septoria_leaf_spot227,0,5,5,Septoria_leaf_spot227,Septoria_leaf_spot227,True,0.9997396
data/raw/Mendeley/plantvillage/Preprocessed data/Septoria_leaf_spot227/Slf124.jpg,Septoria_leaf_spot227,0,5,5,Septoria_leaf_spot227,Septoria_leaf_spot227,True,0.9944015
data/raw/Mendeley/plantvillage/Preprocessed data/Septoria_leaf_spot227/Slf1242.jpg,Septoria_leaf_spot227,0,5,5,Septoria_leaf_spot227,Septoria_leaf_spot227,True,0.9999448
data/raw/Mendeley/plantvillage/Preprocessed data/Septoria_leaf_spot227/Slf1243.jpg,Septoria_leaf_spot227,0,5,5,Septoria_leaf_spot227,Septoria_leaf_spot227,True,0.99993205
data/raw/Mendeley/plantvillage/Preprocessed data/Septoria_leaf_spot227/Slf1246.jpg,Septoria_leaf_spot227,0,5,5,Septoria_leaf_spot227,Septoria_leaf_spot227,True,0.9693935
data/raw/Mendeley/plantvillage/Preprocessed data/Septoria_leaf_spot227/Slf1249.jpg,Septoria_leaf_spot227,0,5,5,Septoria_leaf_spot227,Septoria_leaf_spot227,True,0.9941717
data/raw/Mendeley/plantvillage/Preprocessed data/Septoria_leaf_spot227/Slf1261.jpg,Septoria_leaf_spot227,0,5,5,Septoria_leaf_spot227,Septoria_leaf_spot227,True,0.9999702
data/raw/Mendeley/plantvillage/Preprocessed data/Septoria_leaf_spot227/Slf127.jpg,Septoria_leaf_spot227,0,5,5,Septoria_leaf_spot227,Septoria_leaf_spot227,True,0.99820805
data/raw/Mendeley/plantvillage/Preprocessed data/Septoria_leaf_spot227/Slf1274.jpg,Septoria_leaf_spot227,0,5,5,Septoria_leaf_spot227,Septoria_leaf_spot227,True,0.9999144
data/raw/Mendeley/plantvillage/Preprocessed data/Septoria_leaf_spot227/Slf1278.jpg,Septoria_leaf_spot227,0,5,5,Septoria_leaf_spot227,Septoria_leaf_spot227,True,0.9462709
data/raw/Mendeley/plantvillage/Preprocessed data/Septoria_leaf_spot227/Slf1283.jpg,Septoria_leaf_spot227,0,5,5,Septoria_leaf_spot227,Septoria_leaf_spot227,True,0.9993316
data/raw/Mendeley/plantvillage/Preprocessed data/Septoria_leaf_spot227/Slf129.jpg,Septoria_leaf_spot227,0,5,5,Septoria_leaf_spot227,Septoria_leaf_spot227,True,0.9976158
data/raw/Mendeley/plantvillage/Preprocessed data/Septoria_leaf_spot227/Slf1297.jpg,Septoria_leaf_spot227,0,5,5,Septoria_leaf_spot227,Septoria_leaf_spot227,True,0.87057424
data/raw/Mendeley/plantvillage/Preprocessed data/Septoria_leaf_spot227/Slf1302.jpg,Septoria_leaf_spot227,0,5,5,Septoria_leaf_spot227,Septoria_leaf_spot227,True,0.9998975
data/raw/Mendeley/plantvillage/Preprocessed data/Septoria_leaf_spot227/Slf131.jpg,Septoria_leaf_spot227,0,5,5,Septoria_leaf_spot227,Septoria_leaf_spot227,True,0.9896612
data/raw/Mendeley/plantvillage/Preprocessed data/Septoria_leaf_spot227/Slf1310.jpg,Septoria_leaf_spot227,0,5,5,Septoria_leaf_spot227,Septoria_leaf_spot227,True,0.9998273
data/raw/Mendeley/plantvillage/Preprocessed data/Septoria_leaf_spot227/Slf1311.jpg,Septoria_leaf_spot227,0,5,5,Septoria_leaf_spot227,Septoria_leaf_spot227,True,0.9965063
data/raw/Mendeley/plantvillage/Preprocessed data/Septoria_leaf_spot227/Slf1312.jpg,Septoria_leaf_spot227,0,5,5,Septoria_leaf_spot227,Septoria_leaf_spot227,True,0.999987
data/raw/Mendeley/plantvillage/Preprocessed data/Septoria_leaf_spot227/Slf1316.jpg,Septoria_leaf_spot227,0,5,5,Septoria_leaf_spot227,Septoria_leaf_spot227,True,0.99556917
data/raw/Mendeley/plantvillage/Preprocessed data/Septoria_leaf_spot227/Slf1322.jpg,Septoria_leaf_spot227,0,5,5,Septoria_leaf_spot227,Septoria_leaf_spot227,True,0.99358034
data/raw/Mendeley/plantvillage/Preprocessed data/Septoria_leaf_spot227/Slf1329.jpg,Septoria_leaf_spot227,0,5,5,Septoria_leaf_spot227,Septoria_leaf_spot227,True,0.9984983
data/raw/Mendeley/plantvillage/Preprocessed data/Septoria_leaf_spot227/Slf133.jpg,Septoria_leaf_spot227,0,5,5,Septoria_leaf_spot227,Septoria_leaf_spot227,True,0.99992347
data/raw/Mendeley/plantvillage/Preprocessed data/Septoria_leaf_spot227/Slf1342.jpg,Septoria_leaf_spot227,0,5,5,Septoria_leaf_spot227,Septoria_leaf_spot227,True,0.9997241
data/raw/Mendeley/plantvillage/Preprocessed data/Septoria_leaf_spot227/Slf1350.jpg,Septoria_leaf_spot227,0,5,5,Septoria_leaf_spot227,Septoria_leaf_spot227,True,0.9999957
data/raw/Mendeley/plantvillage/Preprocessed data/Septoria_leaf_spot227/Slf1353.jpg,Septoria_leaf_spot227,0,5,5,Septoria_leaf_spot227,Septoria_leaf_spot227,True,0.9988042
data/raw/Mendeley/plantvillage/Preprocessed data/Septoria_leaf_spot227/Slf1354.jpg,Septoria_leaf_spot227,0,5,5,Septoria_leaf_spot227,Septoria_leaf_spot227,True,0.9958806
data/raw/Mendeley/plantvillage/Preprocessed data/Septoria_leaf_spot227/Slf1355.jpg,Septoria_leaf_spot227,0,5,5,Septoria_leaf_spot227,Septoria_leaf_spot227,True,0.97733957
data/raw/Mendeley/plantvillage/Preprocessed data/Septoria_leaf_spot227/Slf1357.jpg,Septoria_leaf_spot227,0,5,5,Septoria_leaf_spot227,Septoria_leaf_spot227,True,0.9999325
data/raw/Mendeley/plantvillage/Preprocessed data/Septoria_leaf_spot227/Slf1362.jpg,Septoria_leaf_spot227,0,5,5,Septoria_leaf_spot227,Septoria_leaf_spot227,True,0.99749446
data/raw/Mendeley/plantvillage/Preprocessed data/Septoria_leaf_spot227/Slf1366.jpg,Septoria_leaf_spot227,0,5,5,Septoria_leaf_spot227,Septoria_leaf_spot227,True,0.9998952
data/raw/Mendeley/plantvillage/Preprocessed data/Septoria_leaf_spot227/Slf1367.jpg,Septoria_leaf_spot227,0,5,5,Septoria_leaf_spot227,Septoria_leaf_spot227,True,0.9999622
data/raw/Mendeley/plantvillage/Preprocessed data/Septoria_leaf_spot227/Slf137.jpg,Septoria_leaf_spot227,0,5,5,Septoria_leaf_spot227,Septoria_leaf_spot227,True,0.9989612
data/raw/Mendeley/plantvillage/Preprocessed data/Septoria_leaf_spot227/Slf1370.jpg,Septoria_leaf_spot227,0,5,5,Septoria_leaf_spot227,Septoria_leaf_spot227,True,0.9994747
data/raw/Mendeley/plantvillage/Preprocessed data/Septoria_leaf_spot227/Slf1375.jpg,Septoria_leaf_spot227,0,5,5,Septoria_leaf_spot227,Septoria_leaf_spot227,True,0.99996924
data/raw/Mendeley/plantvillage/Preprocessed data/Septoria_leaf_spot227/Slf1376.jpg,Septoria_leaf_spot227,0,5,5,Septoria_leaf_spot227,Septoria_leaf_spot227,True,0.99981934
data/raw/Mendeley/plantvillage/Preprocessed data/Septoria_leaf_spot227/Slf1381.jpg,Septoria_leaf_spot227,0,5,5,Septoria_leaf_spot227,Septoria_leaf_spot227,True,0.9730411
data/raw/Mendeley/plantvillage/Preprocessed data/Septoria_leaf_spot227/Slf1382.jpg,Septoria_leaf_spot227,0,5,5,Septoria_leaf_spot227,Septoria_leaf_spot227,True,0.9992612
data/raw/Mendeley/plantvillage/Preprocessed data/Septoria_leaf_spot227/Slf1383.jpg,Septoria_leaf_spot227,0,5,5,Septoria_leaf_spot227,Septoria_leaf_spot227,True,0.9997155
data/raw/Mendeley/plantvillage/Preprocessed data/Septoria_leaf_spot227/Slf1384.jpg,Septoria_leaf_spot227,0,5,5,Septoria_leaf_spot227,Septoria_leaf_spot227,True,0.99999917
data/raw/Mendeley/plantvillage/Preprocessed data/Septoria_leaf_spot227/Slf1385.jpg,Septoria_leaf_spot227,0,5,5,Septoria_leaf_spot227,Septoria_leaf_spot227,True,0.9981255
data/raw/Mendeley/plantvillage/Preprocessed data/Septoria_leaf_spot227/Slf139.jpg,Septoria_leaf_spot227,0,5,5,Septoria_leaf_spot227,Septoria_leaf_spot227,True,0.99999654
data/raw/Mendeley/plantvillage/Preprocessed data/Septoria_leaf_spot227/Slf1394.jpg,Septoria_leaf_spot227,0,5,5,Septoria_leaf_spot227,Septoria_leaf_spot227,True,0.99989355
data/raw/Mendeley/plantvillage/Preprocessed data/Septoria_leaf_spot227/Slf1395.jpg,Septoria_leaf_spot227,0,5,5,Septoria_leaf_spot227,Septoria_leaf_spot227,True,0.9999807
data/raw/Mendeley/plantvillage/Preprocessed data/Septoria_leaf_spot227/Slf1397.jpg,Septoria_leaf_spot227,0,5,5,Septoria_leaf_spot227,Septoria_leaf_spot227,True,0.9999738
data/raw/Mendeley/plantvillage/Preprocessed data/Septoria_leaf_spot227/Slf1398.jpg,Septoria_leaf_spot227,0,5,5,Septoria_leaf_spot227,Septoria_leaf_spot227,True,0.9997371
data/raw/Mendeley/plantvillage/Preprocessed data/Septoria_leaf_spot227/Slf141.jpg,Septoria_leaf_spot227,0,5,5,Septoria_leaf_spot227,Septoria_leaf_spot227,True,0.999042
data/raw/Mendeley/plantvillage/Preprocessed data/Septoria_leaf_spot227/Slf1410.jpg,Septoria_leaf_spot227,0,5,5,Septoria_leaf_spot227,Septoria_leaf_spot227,True,0.9958073
data/raw/Mendeley/plantvillage/Preprocessed data/Septoria_leaf_spot227/Slf1413.jpg,Septoria_leaf_spot227,0,5,5,Septoria_leaf_spot227,Septoria_leaf_spot227,True,0.9999933
data/raw/Mendeley/plantvillage/Preprocessed data/Septoria_leaf_spot227/Slf144.jpg,Septoria_leaf_spot227,0,5,5,Septoria_leaf_spot227,Septoria_leaf_spot227,True,0.99998605
data/raw/Mendeley/plantvillage/Preprocessed data/Septoria_leaf_spot227/Slf151.jpg,Septoria_leaf_spot227,0,5,5,Septoria_leaf_spot227,Septoria_leaf_spot227,True,0.99992526
data/raw/Mendeley/plantvillage/Preprocessed data/Septoria_leaf_spot227/Slf152.jpg,Septoria_leaf_spot227,0,5,5,Septoria_leaf_spot227,Septoria_leaf_spot227,True,0.9981845
data/raw/Mendeley/plantvillage/Preprocessed data/Septoria_leaf_spot227/Slf157.jpg,Septoria_leaf_spot227,0,5,5,Septoria_leaf_spot227,Septoria_leaf_spot227,True,0.9999566
data/raw/Mendeley/plantvillage/Preprocessed data/Septoria_leaf_spot227/Slf161.jpg,Septoria_leaf_spot227,0,5,5,Septoria_leaf_spot227,Septoria_leaf_spot227,True,0.9999995
data/raw/Mendeley/plantvillage/Preprocessed data/Septoria_leaf_spot227/Slf178.jpg,Septoria_leaf_spot227,0,5,5,Septoria_leaf_spot227,Septoria_leaf_spot227,True,0.9977799
data/raw/Mendeley/plantvillage/Preprocessed data/Septoria_leaf_spot227/Slf19.jpg,Septoria_leaf_spot227,0,5,5,Septoria_leaf_spot227,Septoria_leaf_spot227,True,0.9999653
data/raw/Mendeley/plantvillage/Preprocessed data/Septoria_leaf_spot227/Slf196.jpg,Septoria_leaf_spot227,0,5,5,Septoria_leaf_spot227,Septoria_leaf_spot227,True,0.9994578
data/raw/Mendeley/plantvillage/Preprocessed data/Septoria_leaf_spot227/Slf204.jpg,Septoria_leaf_spot227,0,5,5,Septoria_leaf_spot227,Septoria_leaf_spot227,True,0.9999989
data/raw/Mendeley/plantvillage/Preprocessed data/Septoria_leaf_spot227/Slf212.jpg,Septoria_leaf_spot227,0,5,5,Septoria_leaf_spot227,Septoria_leaf_spot227,True,0.999998
data/raw/Mendeley/plantvillage/Preprocessed data/Septoria_leaf_spot227/Slf22.jpg,Septoria_leaf_spot227,0,5,5,Septoria_leaf_spot227,Septoria_leaf_spot227,True,0.9866073
data/raw/Mendeley/plantvillage/Preprocessed data/Septoria_leaf_spot227/Slf229.jpg,Septoria_leaf_spot227,0,5,5,Septoria_leaf_spot227,Septoria_leaf_spot227,True,0.9991966
data/raw/Mendeley/plantvillage/Preprocessed data/Septoria_leaf_spot227/Slf233.jpg,Septoria_leaf_spot227,0,5,5,Septoria_leaf_spot227,Septoria_leaf_spot227,True,0.99935085
data/raw/Mendeley/plantvillage/Preprocessed data/Septoria_leaf_spot227/Slf242.jpg,Septoria_leaf_spot227,0,5,5,Septoria_leaf_spot227,Septoria_leaf_spot227,True,0.99994516
data/raw/Mendeley/plantvillage/Preprocessed data/Septoria_leaf_spot227/Slf253.jpg,Septoria_leaf_spot227,0,5,5,Septoria_leaf_spot227,Septoria_leaf_spot227,True,0.99955565
data/raw/Mendeley/plantvillage/Preprocessed data/Septoria_leaf_spot227/Slf280.jpg,Septoria_leaf_spot227,0,5,5,Septoria_leaf_spot227,Septoria_leaf_spot227,True,0.9334258
data/raw/Mendeley/plantvillage/Preprocessed data/Septoria_leaf_spot227/Slf281.jpg,Septoria_leaf_spot227,0,5,5,Septoria_leaf_spot227,Septoria_leaf_spot227,True,0.99999774
data/raw/Mendeley/plantvillage/Preprocessed data/Septoria_leaf_spot227/Slf284.jpg,Septoria_leaf_spot227,0,5,5,Septoria_leaf_spot227,Septoria_leaf_spot227,True,0.9999901
data/raw/Mendeley/plantvillage/Preprocessed data/Septoria_leaf_spot227/Slf291.jpg,Septoria_leaf_spot227,0,5,5,Septoria_leaf_spot227,Septoria_leaf_spot227,True,0.9998908
data/raw/Mendeley/plantvillage/Preprocessed data/Septoria_leaf_spot227/Slf298.jpg,Septoria_leaf_spot227,0,5,5,Septoria_leaf_spot227,Septoria_leaf_spot227,True,0.99850166
data/raw/Mendeley/plantvillage/Preprocessed data/Septoria_leaf_spot227/Slf3.jpg,Septoria_leaf_spot227,0,5,5,Septoria_leaf_spot227,Septoria_leaf_spot227,True,0.9991217
data/raw/Mendeley/plantvillage/Preprocessed data/Septoria_leaf_spot227/Slf31.jpg,Septoria_leaf_spot227,0,5,5,Septoria_leaf_spot227,Septoria_leaf_spot227,True,0.9985172
data/raw/Mendeley/plantvillage/Preprocessed data/Septoria_leaf_spot227/Slf310.jpg,Septoria_leaf_spot227,0,5,5,Septoria_leaf_spot227,Septoria_leaf_spot227,True,0.9999633
data/raw/Mendeley/plantvillage/Preprocessed data/Septoria_leaf_spot227/Slf319.jpg,Septoria_leaf_spot227,0,5,5,Septoria_leaf_spot227,Septoria_leaf_spot227,True,0.99979347
data/raw/Mendeley/plantvillage/Preprocessed data/Septoria_leaf_spot227/Slf321.jpg,Septoria_leaf_spot227,0,5,5,Septoria_leaf_spot227,Septoria_leaf_spot227,True,0.9999943
data/raw/Mendeley/plantvillage/Preprocessed data/Septoria_leaf_spot227/Slf323.jpg,Septoria_leaf_spot227,0,5,5,Septoria_leaf_spot227,Septoria_leaf_spot227,True,0.6161833
data/raw/Mendeley/plantvillage/Preprocessed data/Septoria_leaf_spot227/Slf331.jpg,Septoria_leaf_spot227,0,5,5,Septoria_leaf_spot227,Septoria_leaf_spot227,True,0.99998057
data/raw/Mendeley/plantvillage/Preprocessed data/Septoria_leaf_spot227/Slf332.jpg,Septoria_leaf_spot227,0,5,5,Septoria_leaf_spot227,Septoria_leaf_spot227,True,0.9993874
data/raw/Mendeley/plantvillage/Preprocessed data/Septoria_leaf_spot227/Slf333.jpg,Septoria_leaf_spot227,0,5,5,Septoria_leaf_spot227,Septoria_leaf_spot227,True,0.99937314
data/raw/Mendeley/plantvillage/Preprocessed data/Septoria_leaf_spot227/Slf334.jpg,Septoria_leaf_spot227,0,5,5,Septoria_leaf_spot227,Septoria_leaf_spot227,True,0.99859697
data/raw/Mendeley/plantvillage/Preprocessed data/Septoria_leaf_spot227/Slf339.jpg,Septoria_leaf_spot227,0,5,5,Septoria_leaf_spot227,Septoria_leaf_spot227,True,0.9909504
data/raw/Mendeley/plantvillage/Preprocessed data/Septoria_leaf_spot227/Slf34.jpg,Septoria_leaf_spot227,0,5,5,Septoria_leaf_spot227,Septoria_leaf_spot227,True,0.99543506
data/raw/Mendeley/plantvillage/Preprocessed data/Septoria_leaf_spot227/Slf342.jpg,Septoria_leaf_spot227,0,5,5,Septoria_leaf_spot227,Septoria_leaf_spot227,True,0.9999827
data/raw/Mendeley/plantvillage/Preprocessed data/Septoria_leaf_spot227/Slf343.jpg,Septoria_leaf_spot227,0,5,5,Septoria_leaf_spot227,Septoria_leaf_spot227,True,0.99950564
data/raw/Mendeley/plantvillage/Preprocessed data/Septoria_leaf_spot227/Slf344.jpg,Septoria_leaf_spot227,0,5,5,Septoria_leaf_spot227,Septoria_leaf_spot227,True,0.9999777
data/raw/Mendeley/plantvillage/Preprocessed data/Septoria_leaf_spot227/Slf354.jpg,Septoria_leaf_spot227,0,5,5,Septoria_leaf_spot227,Septoria_leaf_spot227,True,0.99771464
data/raw/Mendeley/plantvillage/Preprocessed data/Septoria_leaf_spot227/Slf355.jpg,Septoria_leaf_spot227,0,5,5,Septoria_leaf_spot227,Septoria_leaf_spot227,True,0.9499197
data/raw/Mendeley/plantvillage/Preprocessed data/Septoria_leaf_spot227/Slf356.jpg,Septoria_leaf_spot227,0,5,5,Septoria_leaf_spot227,Septoria_leaf_spot227,True,0.99999857
data/raw/Mendeley/plantvillage/Preprocessed data/Septoria_leaf_spot227/Slf359.jpg,Septoria_leaf_spot227,0,5,5,Septoria_leaf_spot227,Septoria_leaf_spot227,True,0.99999106
data/raw/Mendeley/plantvillage/Preprocessed data/Septoria_leaf_spot227/Slf361.jpg,Septoria_leaf_spot227,0,5,5,Septoria_leaf_spot227,Septoria_leaf_spot227,True,0.9888286
data/raw/Mendeley/plantvillage/Preprocessed data/Septoria_leaf_spot227/Slf364.jpg,Septoria_leaf_spot227,0,5,5,Septoria_leaf_spot227,Septoria_leaf_spot227,True,0.999907
data/raw/Mendeley/plantvillage/Preprocessed data/Septoria_leaf_spot227/Slf375.jpg,Septoria_leaf_spot227,0,5,5,Septoria_leaf_spot227,Septoria_leaf_spot227,True,0.9995931
data/raw/Mendeley/plantvillage/Preprocessed data/Septoria_leaf_spot227/Slf38.jpg,Septoria_leaf_spot227,0,5,5,Septoria_leaf_spot227,Septoria_leaf_spot227,True,0.99803513
data/raw/Mendeley/plantvillage/Preprocessed data/Septoria_leaf_spot227/Slf381.jpg,Septoria_leaf_spot227,0,5,5,Septoria_leaf_spot227,Septoria_leaf_spot227,True,0.9999876
data/raw/Mendeley/plantvillage/Preprocessed data/Septoria_leaf_spot227/Slf382.jpg,Septoria_leaf_spot227,0,5,5,Septoria_leaf_spot227,Septoria_leaf_spot227,True,0.9997439
data/raw/Mendeley/plantvillage/Preprocessed data/Septoria_leaf_spot227/Slf383.jpg,Septoria_leaf_spot227,0,5,5,Septoria_leaf_spot227,Septoria_leaf_spot227,True,0.99980515
data/raw/Mendeley/plantvillage/Preprocessed data/Septoria_leaf_spot227/Slf389.jpg,Septoria_leaf_spot227,0,5,5,Septoria_leaf_spot227,Septoria_leaf_spot227,True,0.99996054
data/raw/Mendeley/plantvillage/Preprocessed data/Septoria_leaf_spot227/Slf393.jpg,Septoria_leaf_spot227,0,5,5,Septoria_leaf_spot227,Septoria_leaf_spot227,True,0.9899974
data/raw/Mendeley/plantvillage/Preprocessed data/Septoria_leaf_spot227/Slf396.jpg,Septoria_leaf_spot227,0,5,5,Septoria_leaf_spot227,Septoria_leaf_spot227,True,0.9965579
data/raw/Mendeley/plantvillage/Preprocessed data/Septoria_leaf_spot227/Slf406.jpg,Septoria_leaf_spot227,0,5,5,Septoria_leaf_spot227,Septoria_leaf_spot227,True,0.999938
data/raw/Mendeley/plantvillage/Preprocessed data/Septoria_leaf_spot227/Slf409.jpg,Septoria_leaf_spot227,0,5,5,Septoria_leaf_spot227,Septoria_leaf_spot227,True,0.99973553
data/raw/Mendeley/plantvillage/Preprocessed data/Septoria_leaf_spot227/Slf410.jpg,Septoria_leaf_spot227,0,5,5,Septoria_leaf_spot227,Septoria_leaf_spot227,True,0.99995613
data/raw/Mendeley/plantvillage/Preprocessed data/Septoria_leaf_spot227/Slf413.jpg,Septoria_leaf_spot227,0,5,5,Septoria_leaf_spot227,Septoria_leaf_spot227,True,0.9999938
data/raw/Mendeley/plantvillage/Preprocessed data/Septoria_leaf_spot227/Slf414.jpg,Septoria_leaf_spot227,0,5,5,Septoria_leaf_spot227,Septoria_leaf_spot227,True,0.99995315
data/raw/Mendeley/plantvillage/Preprocessed data/Septoria_leaf_spot227/Slf415.jpg,Septoria_leaf_spot227,0,5,5,Septoria_leaf_spot227,Septoria_leaf_spot227,True,0.999997
data/raw/Mendeley/plantvillage/Preprocessed data/Septoria_leaf_spot227/Slf416.jpg,Septoria_leaf_spot227,0,5,5,Septoria_leaf_spot227,Septoria_leaf_spot227,True,0.99999285
data/raw/Mendeley/plantvillage/Preprocessed data/Septoria_leaf_spot227/Slf42.jpg,Septoria_leaf_spot227,0,5,8,Septoria_leaf_spot227,Tomato_mosaic_virus227,False,0.552475
data/raw/Mendeley/plantvillage/Preprocessed data/Septoria_leaf_spot227/Slf420.jpg,Septoria_leaf_spot227,0,5,5,Septoria_leaf_spot227,Septoria_leaf_spot227,True,0.9973917
data/raw/Mendeley/plantvillage/Preprocessed data/Septoria_leaf_spot227/Slf421.jpg,Septoria_leaf_spot227,0,5,5,Septoria_leaf_spot227,Septoria_leaf_spot227,True,0.99966264
data/raw/Mendeley/plantvillage/Preprocessed data/Septoria_leaf_spot227/Slf423.jpg,Septoria_leaf_spot227,0,5,5,Septoria_leaf_spot227,Septoria_leaf_spot227,True,0.99556446
data/raw/Mendeley/plantvillage/Preprocessed data/Septoria_leaf_spot227/Slf426.jpg,Septoria_leaf_spot227,0,5,5,Septoria_leaf_spot227,Septoria_leaf_spot227,True,0.9999999
data/raw/Mendeley/plantvillage/Preprocessed data/Septoria_leaf_spot227/Slf432.jpg,Septoria_leaf_spot227,0,5,5,Septoria_leaf_spot227,Septoria_leaf_spot227,True,0.9999211
data/raw/Mendeley/plantvillage/Preprocessed data/Septoria_leaf_spot227/Slf45.jpg,Septoria_leaf_spot227,0,5,5,Septoria_leaf_spot227,Septoria_leaf_spot227,True,0.9999924
data/raw/Mendeley/plantvillage/Preprocessed data/Septoria_leaf_spot227/Slf46.jpg,Septoria_leaf_spot227,0,5,5,Septoria_leaf_spot227,Septoria_leaf_spot227,True,0.99822646
data/raw/Mendeley/plantvillage/Preprocessed data/Septoria_leaf_spot227/Slf466.jpg,Septoria_leaf_spot227,0,5,5,Septoria_leaf_spot227,Septoria_leaf_spot227,True,0.99543947
data/raw/Mendeley/plantvillage/Preprocessed data/Septoria_leaf_spot227/Slf474.jpg,Septoria_leaf_spot227,0,5,1,Septoria_leaf_spot227,Early_blight227,False,0.74235165
data/raw/Mendeley/plantvillage/Preprocessed data/Septoria_leaf_spot227/Slf478.jpg,Septoria_leaf_spot227,0,5,5,Septoria_leaf_spot227,Septoria_leaf_spot227,True,0.9999994
data/raw/Mendeley/plantvillage/Preprocessed data/Septoria_leaf_spot227/Slf479.jpg,Septoria_leaf_spot227,0,5,5,Septoria_leaf_spot227,Septoria_leaf_spot227,True,0.9959578
data/raw/Mendeley/plantvillage/Preprocessed data/Septoria_leaf_spot227/Slf486.jpg,Septoria_leaf_spot227,0,5,5,Septoria_leaf_spot227,Septoria_leaf_spot227,True,0.992898
data/raw/Mendeley/plantvillage/Preprocessed data/Septoria_leaf_spot227/Slf487.jpg,Septoria_leaf_spot227,0,5,5,Septoria_leaf_spot227,Septoria_leaf_spot227,True,0.9998754
data/raw/Mendeley/plantvillage/Preprocessed data/Septoria_leaf_spot227/Slf49.jpg,Septoria_leaf_spot227,0,5,5,Septoria_leaf_spot227,Septoria_leaf_spot227,True,0.99966586
data/raw/Mendeley/plantvillage/Preprocessed data/Septoria_leaf_spot227/Slf493.jpg,Septoria_leaf_spot227,0,5,5,Septoria_leaf_spot227,Septoria_leaf_spot227,True,0.99984515
data/raw/Mendeley/plantvillage/Preprocessed data/Septoria_leaf_spot227/Slf499.jpg,Septoria_leaf_spot227,0,5,5,Septoria_leaf_spot227,Septoria_leaf_spot227,True,0.9999993
data/raw/Mendeley/plantvillage/Preprocessed data/Septoria_leaf_spot227/Slf506.jpg,Septoria_leaf_spot227,0,5,5,Septoria_leaf_spot227,Septoria_leaf_spot227,True,0.9905731
data/raw/Mendeley/plantvillage/Preprocessed data/Septoria_leaf_spot227/Slf508.jpg,Septoria_leaf_spot227,0,5,5,Septoria_leaf_spot227,Septoria_leaf_spot227,True,0.9974649
data/raw/Mendeley/plantvillage/Preprocessed data/Septoria_leaf_spot227/Slf509.jpg,Septoria_leaf_spot227,0,5,5,Septoria_leaf_spot227,Septoria_leaf_spot227,True,0.99997747
data/raw/Mendeley/plantvillage/Preprocessed data/Septoria_leaf_spot227/Slf511.jpg,Septoria_leaf_spot227,0,5,5,Septoria_leaf_spot227,Septoria_leaf_spot227,True,0.99842167
data/raw/Mendeley/plantvillage/Preprocessed data/Septoria_leaf_spot227/Slf515.jpg,Septoria_leaf_spot227,0,5,5,Septoria_leaf_spot227,Septoria_leaf_spot227,True,0.99979264
data/raw/Mendeley/plantvillage/Preprocessed data/Septoria_leaf_spot227/Slf519.jpg,Septoria_leaf_spot227,0,5,5,Septoria_leaf_spot227,Septoria_leaf_spot227,True,0.9938367
data/raw/Mendeley/plantvillage/Preprocessed data/Septoria_leaf_spot227/Slf520.jpg,Septoria_leaf_spot227,0,5,5,Septoria_leaf_spot227,Septoria_leaf_spot227,True,0.99996054
data/raw/Mendeley/plantvillage/Preprocessed data/Septoria_leaf_spot227/Slf529.jpg,Septoria_leaf_spot227,0,5,5,Septoria_leaf_spot227,Septoria_leaf_spot227,True,0.9999201
data/raw/Mendeley/plantvillage/Preprocessed data/Septoria_leaf_spot227/Slf536.jpg,Septoria_leaf_spot227,0,5,5,Septoria_leaf_spot227,Septoria_leaf_spot227,True,0.9857539
data/raw/Mendeley/plantvillage/Preprocessed data/Septoria_leaf_spot227/Slf539.jpg,Septoria_leaf_spot227,0,5,5,Septoria_leaf_spot227,Septoria_leaf_spot227,True,0.9784122
data/raw/Mendeley/plantvillage/Preprocessed data/Septoria_leaf_spot227/Slf547.jpg,Septoria_leaf_spot227,0,5,5,Septoria_leaf_spot227,Septoria_leaf_spot227,True,0.9970642
data/raw/Mendeley/plantvillage/Preprocessed data/Septoria_leaf_spot227/Slf548.jpg,Septoria_leaf_spot227,0,5,5,Septoria_leaf_spot227,Septoria_leaf_spot227,True,0.9974904
data/raw/Mendeley/plantvillage/Preprocessed data/Septoria_leaf_spot227/Slf553.jpg,Septoria_leaf_spot227,0,5,5,Septoria_leaf_spot227,Septoria_leaf_spot227,True,0.9953425
data/raw/Mendeley/plantvillage/Preprocessed data/Septoria_leaf_spot227/Slf555.jpg,Septoria_leaf_spot227,0,5,5,Septoria_leaf_spot227,Septoria_leaf_spot227,True,0.97337717
data/raw/Mendeley/plantvillage/Preprocessed data/Septoria_leaf_spot227/Slf558.jpg,Septoria_leaf_spot227,0,5,5,Septoria_leaf_spot227,Septoria_leaf_spot227,True,0.99999964
data/raw/Mendeley/plantvillage/Preprocessed data/Septoria_leaf_spot227/Slf564.jpg,Septoria_leaf_spot227,0,5,5,Septoria_leaf_spot227,Septoria_leaf_spot227,True,0.99982077
data/raw/Mendeley/plantvillage/Preprocessed data/Septoria_leaf_spot227/Slf567.jpg,Septoria_leaf_spot227,0,5,5,Septoria_leaf_spot227,Septoria_leaf_spot227,True,0.99988186
data/raw/Mendeley/plantvillage/Preprocessed data/Septoria_leaf_spot227/Slf58.jpg,Septoria_leaf_spot227,0,5,5,Septoria_leaf_spot227,Septoria_leaf_spot227,True,0.9998022
data/raw/Mendeley/plantvillage/Preprocessed data/Septoria_leaf_spot227/Slf580.jpg,Septoria_leaf_spot227,0,5,5,Septoria_leaf_spot227,Septoria_leaf_spot227,True,0.9999453
data/raw/Mendeley/plantvillage/Preprocessed data/Septoria_leaf_spot227/Slf583.jpg,Septoria_leaf_spot227,0,5,5,Septoria_leaf_spot227,Septoria_leaf_spot227,True,0.9976714
data/raw/Mendeley/plantvillage/Preprocessed data/Septoria_leaf_spot227/Slf584.jpg,Septoria_leaf_spot227,0,5,5,Septoria_leaf_spot227,Septoria_leaf_spot227,True,0.99997556
data/raw/Mendeley/plantvillage/Preprocessed data/Septoria_leaf_spot227/Slf59.jpg,Septoria_leaf_spot227,0,5,5,Septoria_leaf_spot227,Septoria_leaf_spot227,True,0.99988055
data/raw/Mendeley/plantvillage/Preprocessed data/Septoria_leaf_spot227/Slf593.jpg,Septoria_leaf_spot227,0,5,5,Septoria_leaf_spot227,Septoria_leaf_spot227,True,0.9988926
data/raw/Mendeley/plantvillage/Preprocessed data/Septoria_leaf_spot227/Slf596.jpg,Septoria_leaf_spot227,0,5,5,Septoria_leaf_spot227,Septoria_leaf_spot227,True,0.9998671
data/raw/Mendeley/plantvillage/Preprocessed data/Septoria_leaf_spot227/Slf622.jpg,Septoria_leaf_spot227,0,5,5,Septoria_leaf_spot227,Septoria_leaf_spot227,True,0.9975599
data/raw/Mendeley/plantvillage/Preprocessed data/Septoria_leaf_spot227/Slf625.jpg,Septoria_leaf_spot227,0,5,5,Septoria_leaf_spot227,Septoria_leaf_spot227,True,0.999592
data/raw/Mendeley/plantvillage/Preprocessed data/Septoria_leaf_spot227/Slf633.jpg,Septoria_leaf_spot227,0,5,5,Septoria_leaf_spot227,Septoria_leaf_spot227,True,0.99954695
data/raw/Mendeley/plantvillage/Preprocessed data/Septoria_leaf_spot227/Slf641.jpg,Septoria_leaf_spot227,0,5,5,Septoria_leaf_spot227,Septoria_leaf_spot227,True,0.9999994
data/raw/Mendeley/plantvillage/Preprocessed data/Septoria_leaf_spot227/Slf643.jpg,Septoria_leaf_spot227,0,5,5,Septoria_leaf_spot227,Septoria_leaf_spot227,True,0.8013643
data/raw/Mendeley/plantvillage/Preprocessed data/Septoria_leaf_spot227/Slf646.jpg,Septoria_leaf_spot227,0,5,5,Septoria_leaf_spot227,Septoria_leaf_spot227,True,0.9999478
data/raw/Mendeley/plantvillage/Preprocessed data/Septoria_leaf_spot227/Slf65.jpg,Septoria_leaf_spot227,0,5,5,Septoria_leaf_spot227,Septoria_leaf_spot227,True,0.9999956
data/raw/Mendeley/plantvillage/Preprocessed data/Septoria_leaf_spot227/Slf656.jpg,Septoria_leaf_spot227,0,5,5,Septoria_leaf_spot227,Septoria_leaf_spot227,True,0.99921846
data/raw/Mendeley/plantvillage/Preprocessed data/Septoria_leaf_spot227/Slf66.jpg,Septoria_leaf_spot227,0,5,5,Septoria_leaf_spot227,Septoria_leaf_spot227,True,0.99923563
data/raw/Mendeley/plantvillage/Preprocessed data/Septoria_leaf_spot227/Slf667.jpg,Septoria_leaf_spot227,0,5,5,Septoria_leaf_spot227,Septoria_leaf_spot227,True,0.99976915
data/raw/Mendeley/plantvillage/Preprocessed data/Septoria_leaf_spot227/Slf673.jpg,Septoria_leaf_spot227,0,5,5,Septoria_leaf_spot227,Septoria_leaf_spot227,True,0.93946403
data/raw/Mendeley/plantvillage/Preprocessed data/Septoria_leaf_spot227/Slf675.jpg,Septoria_leaf_spot227,0,5,5,Septoria_leaf_spot227,Septoria_leaf_spot227,True,0.99981636
data/raw/Mendeley/plantvillage/Preprocessed data/Septoria_leaf_spot227/Slf677.jpg,Septoria_leaf_spot227,0,5,5,Septoria_leaf_spot227,Septoria_leaf_spot227,True,0.99975926
data/raw/Mendeley/plantvillage/Preprocessed data/Septoria_leaf_spot227/Slf678.jpg,Septoria_leaf_spot227,0,5,5,Septoria_leaf_spot227,Septoria_leaf_spot227,True,0.8990721
data/raw/Mendeley/plantvillage/Preprocessed data/Septoria_leaf_spot227/Slf682.jpg,Septoria_leaf_spot227,0,5,5,Septoria_leaf_spot227,Septoria_leaf_spot227,True,0.9991436
data/raw/Mendeley/plantvillage/Preprocessed data/Septoria_leaf_spot227/Slf683.jpg,Septoria_leaf_spot227,0,5,5,Septoria_leaf_spot227,Septoria_leaf_spot227,True,0.9992347
data/raw/Mendeley/plantvillage/Preprocessed data/Septoria_leaf_spot227/Slf685.jpg,Septoria_leaf_spot227,0,5,5,Septoria_leaf_spot227,Septoria_leaf_spot227,True,0.9999789
data/raw/Mendeley/plantvillage/Preprocessed data/Septoria_leaf_spot227/Slf688.jpg,Septoria_leaf_spot227,0,5,5,Septoria_leaf_spot227,Septoria_leaf_spot227,True,0.9994375
data/raw/Mendeley/plantvillage/Preprocessed data/Septoria_leaf_spot227/Slf700.jpg,Septoria_leaf_spot227,0,5,5,Septoria_leaf_spot227,Septoria_leaf_spot227,True,0.9999982
data/raw/Mendeley/plantvillage/Preprocessed data/Septoria_leaf_spot227/Slf71.jpg,Septoria_leaf_spot227,0,5,5,Septoria_leaf_spot227,Septoria_leaf_spot227,True,0.99694735
data/raw/Mendeley/plantvillage/Preprocessed data/Septoria_leaf_spot227/Slf712.jpg,Septoria_leaf_spot227,0,5,5,Septoria_leaf_spot227,Septoria_leaf_spot227,True,0.9803658
data/raw/Mendeley/plantvillage/Preprocessed data/Septoria_leaf_spot227/Slf713.jpg,Septoria_leaf_spot227,0,5,5,Septoria_leaf_spot227,Septoria_leaf_spot227,True,0.9855127
data/raw/Mendeley/plantvillage/Preprocessed data/Septoria_leaf_spot227/Slf717.jpg,Septoria_leaf_spot227,0,5,5,Septoria_leaf_spot227,Septoria_leaf_spot227,True,0.99991155
data/raw/Mendeley/plantvillage/Preprocessed data/Septoria_leaf_spot227/Slf718.jpg,Septoria_leaf_spot227,0,5,5,Septoria_leaf_spot227,Septoria_leaf_spot227,True,0.99995387
data/raw/Mendeley/plantvillage/Preprocessed data/Septoria_leaf_spot227/Slf725.jpg,Septoria_leaf_spot227,0,5,5,Septoria_leaf_spot227,Septoria_leaf_spot227,True,0.9999573
data/raw/Mendeley/plantvillage/Preprocessed data/Septoria_leaf_spot227/Slf741.jpg,Septoria_leaf_spot227,0,5,5,Septoria_leaf_spot227,Septoria_leaf_spot227,True,0.99830663
data/raw/Mendeley/plantvillage/Preprocessed data/Septoria_leaf_spot227/Slf744.jpg,Septoria_leaf_spot227,0,5,5,Septoria_leaf_spot227,Septoria_leaf_spot227,True,0.9998934
data/raw/Mendeley/plantvillage/Preprocessed data/Septoria_leaf_spot227/Slf747.jpg,Septoria_leaf_spot227,0,5,5,Septoria_leaf_spot227,Septoria_leaf_spot227,True,0.98744655
data/raw/Mendeley/plantvillage/Preprocessed data/Septoria_leaf_spot227/Slf752.jpg,Septoria_leaf_spot227,0,5,5,Septoria_leaf_spot227,Septoria_leaf_spot227,True,0.99975306
data/raw/Mendeley/plantvillage/Preprocessed data/Septoria_leaf_spot227/Slf765.jpg,Septoria_leaf_spot227,0,5,5,Septoria_leaf_spot227,Septoria_leaf_spot227,True,0.99996114
data/raw/Mendeley/plantvillage/Preprocessed data/Septoria_leaf_spot227/Slf781.jpg,Septoria_leaf_spot227,0,5,5,Septoria_leaf_spot227,Septoria_leaf_spot227,True,0.99962485
data/raw/Mendeley/plantvillage/Preprocessed data/Septoria_leaf_spot227/Slf787.jpg,Septoria_leaf_spot227,0,5,5,Septoria_leaf_spot227,Septoria_leaf_spot227,True,0.9998337
data/raw/Mendeley/plantvillage/Preprocessed data/Septoria_leaf_spot227/Slf810.jpg,Septoria_leaf_spot227,0,5,5,Septoria_leaf_spot227,Septoria_leaf_spot227,True,0.9988821
data/raw/Mendeley/plantvillage/Preprocessed data/Septoria_leaf_spot227/Slf811.jpg,Septoria_leaf_spot227,0,5,5,Septoria_leaf_spot227,Septoria_leaf_spot227,True,0.9996327
data/raw/Mendeley/plantvillage/Preprocessed data/Septoria_leaf_spot227/Slf812.jpg,Septoria_leaf_spot227,0,5,5,Septoria_leaf_spot227,Septoria_leaf_spot227,True,0.99936444
data/raw/Mendeley/plantvillage/Preprocessed data/Septoria_leaf_spot227/Slf813.jpg,Septoria_leaf_spot227,0,5,5,Septoria_leaf_spot227,Septoria_leaf_spot227,True,0.9998833
data/raw/Mendeley/plantvillage/Preprocessed data/Septoria_leaf_spot227/Slf821.jpg,Septoria_leaf_spot227,0,5,5,Septoria_leaf_spot227,Septoria_leaf_spot227,True,0.99998474
data/raw/Mendeley/plantvillage/Preprocessed data/Septoria_leaf_spot227/Slf822.jpg,Septoria_leaf_spot227,0,5,5,Septoria_leaf_spot227,Septoria_leaf_spot227,True,0.9831874
data/raw/Mendeley/plantvillage/Preprocessed data/Septoria_leaf_spot227/Slf823.jpg,Septoria_leaf_spot227,0,5,5,Septoria_leaf_spot227,Septoria_leaf_spot227,True,0.9999987
data/raw/Mendeley/plantvillage/Preprocessed data/Septoria_leaf_spot227/Slf830.jpg,Septoria_leaf_spot227,0,5,5,Septoria_leaf_spot227,Septoria_leaf_spot227,True,0.9992029
data/raw/Mendeley/plantvillage/Preprocessed data/Septoria_leaf_spot227/Slf831.jpg,Septoria_leaf_spot227,0,5,5,Septoria_leaf_spot227,Septoria_leaf_spot227,True,0.99999845
data/raw/Mendeley/plantvillage/Preprocessed data/Septoria_leaf_spot227/Slf838.jpg,Septoria_leaf_spot227,0,5,5,Septoria_leaf_spot227,Septoria_leaf_spot227,True,0.99995244
data/raw/Mendeley/plantvillage/Preprocessed data/Septoria_leaf_spot227/Slf84.jpg,Septoria_leaf_spot227,0,5,5,Septoria_leaf_spot227,Septoria_leaf_spot227,True,0.9997286
data/raw/Mendeley/plantvillage/Preprocessed data/Septoria_leaf_spot227/Slf842.jpg,Septoria_leaf_spot227,0,5,5,Septoria_leaf_spot227,Septoria_leaf_spot227,True,0.9999447
data/raw/Mendeley/plantvillage/Preprocessed data/Septoria_leaf_spot227/Slf843.jpg,Septoria_leaf_spot227,0,5,5,Septoria_leaf_spot227,Septoria_leaf_spot227,True,0.9999825
data/raw/Mendeley/plantvillage/Preprocessed data/Septoria_leaf_spot227/Slf849.jpg,Septoria_leaf_spot227,0,5,5,Septoria_leaf_spot227,Septoria_leaf_spot227,True,0.99985254
data/raw/Mendeley/plantvillage/Preprocessed data/Septoria_leaf_spot227/Slf854.jpg,Septoria_leaf_spot227,0,5,5,Septoria_leaf_spot227,Septoria_leaf_spot227,True,0.99997044
data/raw/Mendeley/plantvillage/Preprocessed data/Septoria_leaf_spot227/Slf867.jpg,Septoria_leaf_spot227,0,5,5,Septoria_leaf_spot227,Septoria_leaf_spot227,True,0.9999988
data/raw/Mendeley/plantvillage/Preprocessed data/Septoria_leaf_spot227/Slf868.jpg,Septoria_leaf_spot227,0,5,5,Septoria_leaf_spot227,Septoria_leaf_spot227,True,0.99999225
data/raw/Mendeley/plantvillage/Preprocessed data/Septoria_leaf_spot227/Slf869.jpg,Septoria_leaf_spot227,0,5,5,Septoria_leaf_spot227,Septoria_leaf_spot227,True,0.99995124
data/raw/Mendeley/plantvillage/Preprocessed data/Septoria_leaf_spot227/Slf87.jpg,Septoria_leaf_spot227,0,5,5,Septoria_leaf_spot227,Septoria_leaf_spot227,True,0.99992526
data/raw/Mendeley/plantvillage/Preprocessed data/Septoria_leaf_spot227/Slf877.jpg,Septoria_leaf_spot227,0,5,5,Septoria_leaf_spot227,Septoria_leaf_spot227,True,0.9998006
data/raw/Mendeley/plantvillage/Preprocessed data/Septoria_leaf_spot227/Slf882.jpg,Septoria_leaf_spot227,0,5,5,Septoria_leaf_spot227,Septoria_leaf_spot227,True,0.9998411
data/raw/Mendeley/plantvillage/Preprocessed data/Septoria_leaf_spot227/Slf883.jpg,Septoria_leaf_spot227,0,5,1,Septoria_leaf_spot227,Early_blight227,False,0.50322014
data/raw/Mendeley/plantvillage/Preprocessed data/Septoria_leaf_spot227/Slf884.jpg,Septoria_leaf_spot227,0,5,5,Septoria_leaf_spot227,Septoria_leaf_spot227,True,0.9922678
data/raw/Mendeley/plantvillage/Preprocessed data/Septoria_leaf_spot227/Slf89.jpg,Septoria_leaf_spot227,0,5,5,Septoria_leaf_spot227,Septoria_leaf_spot227,True,0.9999999
data/raw/Mendeley/plantvillage/Preprocessed data/Septoria_leaf_spot227/Slf890.jpg,Septoria_leaf_spot227,0,5,5,Septoria_leaf_spot227,Septoria_leaf_spot227,True,0.962576
data/raw/Mendeley/plantvillage/Preprocessed data/Septoria_leaf_spot227/Slf894.jpg,Septoria_leaf_spot227,0,5,5,Septoria_leaf_spot227,Septoria_leaf_spot227,True,0.9843311
data/raw/Mendeley/plantvillage/Preprocessed data/Septoria_leaf_spot227/Slf90.jpg,Septoria_leaf_spot227,0,5,5,Septoria_leaf_spot227,Septoria_leaf_spot227,True,0.99999976
data/raw/Mendeley/plantvillage/Preprocessed data/Septoria_leaf_spot227/Slf900.jpg,Septoria_leaf_spot227,0,5,5,Septoria_leaf_spot227,Septoria_leaf_spot227,True,0.999882
data/raw/Mendeley/plantvillage/Preprocessed data/Septoria_leaf_spot227/Slf902.jpg,Septoria_leaf_spot227,0,5,5,Septoria_leaf_spot227,Septoria_leaf_spot227,True,0.9999697
data/raw/Mendeley/plantvillage/Preprocessed data/Septoria_leaf_spot227/Slf903.jpg,Septoria_leaf_spot227,0,5,5,Septoria_leaf_spot227,Septoria_leaf_spot227,True,0.9980836
data/raw/Mendeley/plantvillage/Preprocessed data/Septoria_leaf_spot227/Slf911.jpg,Septoria_leaf_spot227,0,5,5,Septoria_leaf_spot227,Septoria_leaf_spot227,True,0.99940753
data/raw/Mendeley/plantvillage/Preprocessed data/Septoria_leaf_spot227/Slf925.jpg,Septoria_leaf_spot227,0,5,5,Septoria_leaf_spot227,Septoria_leaf_spot227,True,0.98905236
data/raw/Mendeley/plantvillage/Preprocessed data/Septoria_leaf_spot227/Slf935.jpg,Septoria_leaf_spot227,0,5,5,Septoria_leaf_spot227,Septoria_leaf_spot227,True,0.99950874
data/raw/Mendeley/plantvillage/Preprocessed data/Septoria_leaf_spot227/Slf936.jpg,Septoria_leaf_spot227,0,5,5,Septoria_leaf_spot227,Septoria_leaf_spot227,True,0.99999917
data/raw/Mendeley/plantvillage/Preprocessed data/Septoria_leaf_spot227/Slf94.jpg,Septoria_leaf_spot227,0,5,5,Septoria_leaf_spot227,Septoria_leaf_spot227,True,0.9997596
data/raw/Mendeley/plantvillage/Preprocessed data/Septoria_leaf_spot227/Slf942.jpg,Septoria_leaf_spot227,0,5,5,Septoria_leaf_spot227,Septoria_leaf_spot227,True,0.8449325
data/raw/Mendeley/plantvillage/Preprocessed data/Septoria_leaf_spot227/Slf967.jpg,Septoria_leaf_spot227,0,5,5,Septoria_leaf_spot227,Septoria_leaf_spot227,True,0.9975508
data/raw/Mendeley/plantvillage/Preprocessed data/Septoria_leaf_spot227/Slf969.jpg,Septoria_leaf_spot227,0,5,5,Septoria_leaf_spot227,Septoria_leaf_spot227,True,0.99979514
data/raw/Mendeley/plantvillage/Preprocessed data/Septoria_leaf_spot227/Slf972.jpg,Septoria_leaf_spot227,0,5,5,Septoria_leaf_spot227,Septoria_leaf_spot227,True,0.9990693
data/raw/Mendeley/plantvillage/Preprocessed data/Septoria_leaf_spot227/Slf978.jpg,Septoria_leaf_spot227,0,5,5,Septoria_leaf_spot227,Septoria_leaf_spot227,True,0.9210491
data/raw/Mendeley/plantvillage/Preprocessed data/Septoria_leaf_spot227/Slf985.jpg,Septoria_leaf_spot227,0,5,5,Septoria_leaf_spot227,Septoria_leaf_spot227,True,0.9999943
data/raw/Mendeley/plantvillage/Preprocessed data/Septoria_leaf_spot227/Slf99.jpg,Septoria_leaf_spot227,0,5,5,Septoria_leaf_spot227,Septoria_leaf_spot227,True,0.9999962
data/raw/Mendeley/plantvillage/Preprocessed data/Target_Spot227/Ts1.jpg,Target_Spot227,0,6,6,Target_Spot227,Target_Spot227,True,0.9981828
data/raw/Mendeley/plantvillage/Preprocessed data/Target_Spot227/Ts10.jpg,Target_Spot227,0,6,6,Target_Spot227,Target_Spot227,True,0.99675494
data/raw/Mendeley/plantvillage/Preprocessed data/Target_Spot227/Ts1007.jpg,Target_Spot227,0,6,6,Target_Spot227,Target_Spot227,True,0.99915934
data/raw/Mendeley/plantvillage/Preprocessed data/Target_Spot227/Ts1013.jpg,Target_Spot227,0,6,6,Target_Spot227,Target_Spot227,True,0.9997751
data/raw/Mendeley/plantvillage/Preprocessed data/Target_Spot227/Ts1014.jpg,Target_Spot227,0,6,6,Target_Spot227,Target_Spot227,True,0.99747294
data/raw/Mendeley/plantvillage/Preprocessed data/Target_Spot227/Ts1018.jpg,Target_Spot227,0,6,6,Target_Spot227,Target_Spot227,True,0.99970466
data/raw/Mendeley/plantvillage/Preprocessed data/Target_Spot227/Ts1026.jpg,Target_Spot227,0,6,6,Target_Spot227,Target_Spot227,True,0.8467521
data/raw/Mendeley/plantvillage/Preprocessed data/Target_Spot227/Ts1027.jpg,Target_Spot227,0,6,6,Target_Spot227,Target_Spot227,True,0.9999994
data/raw/Mendeley/plantvillage/Preprocessed data/Target_Spot227/Ts103.jpg,Target_Spot227,0,6,6,Target_Spot227,Target_Spot227,True,0.9986236
data/raw/Mendeley/plantvillage/Preprocessed data/Target_Spot227/Ts105.jpg,Target_Spot227,0,6,6,Target_Spot227,Target_Spot227,True,0.9675231
data/raw/Mendeley/plantvillage/Preprocessed data/Target_Spot227/Ts1050.jpg,Target_Spot227,0,6,6,Target_Spot227,Target_Spot227,True,0.99980956
data/raw/Mendeley/plantvillage/Preprocessed data/Target_Spot227/Ts1051.jpg,Target_Spot227,0,6,6,Target_Spot227,Target_Spot227,True,0.99999464
data/raw/Mendeley/plantvillage/Preprocessed data/Target_Spot227/Ts1055.jpg,Target_Spot227,0,6,6,Target_Spot227,Target_Spot227,True,0.9998903
data/raw/Mendeley/plantvillage/Preprocessed data/Target_Spot227/Ts1062.jpg,Target_Spot227,0,6,6,Target_Spot227,Target_Spot227,True,0.99999034
data/raw/Mendeley/plantvillage/Preprocessed data/Target_Spot227/Ts1071.jpg,Target_Spot227,0,6,6,Target_Spot227,Target_Spot227,True,0.9999311
data/raw/Mendeley/plantvillage/Preprocessed data/Target_Spot227/Ts1074.jpg,Target_Spot227,0,6,6,Target_Spot227,Target_Spot227,True,0.982393
data/raw/Mendeley/plantvillage/Preprocessed data/Target_Spot227/Ts109.jpg,Target_Spot227,0,6,6,Target_Spot227,Target_Spot227,True,0.9999858
data/raw/Mendeley/plantvillage/Preprocessed data/Target_Spot227/Ts1092.jpg,Target_Spot227,0,6,6,Target_Spot227,Target_Spot227,True,0.9999498
data/raw/Mendeley/plantvillage/Preprocessed data/Target_Spot227/Ts1104.jpg,Target_Spot227,0,6,6,Target_Spot227,Target_Spot227,True,0.99955493
data/raw/Mendeley/plantvillage/Preprocessed data/Target_Spot227/Ts1112.jpg,Target_Spot227,0,6,6,Target_Spot227,Target_Spot227,True,0.9999887
data/raw/Mendeley/plantvillage/Preprocessed data/Target_Spot227/Ts1114.jpg,Target_Spot227,0,6,6,Target_Spot227,Target_Spot227,True,0.98888797
data/raw/Mendeley/plantvillage/Preprocessed data/Target_Spot227/Ts126.jpg,Target_Spot227,0,6,6,Target_Spot227,Target_Spot227,True,0.99944264
data/raw/Mendeley/plantvillage/Preprocessed data/Target_Spot227/Ts130.jpg,Target_Spot227,0,6,6,Target_Spot227,Target_Spot227,True,0.99929905
data/raw/Mendeley/plantvillage/Preprocessed data/Target_Spot227/Ts133.jpg,Target_Spot227,0,6,6,Target_Spot227,Target_Spot227,True,0.99982893
data/raw/Mendeley/plantvillage/Preprocessed data/Target_Spot227/Ts134.jpg,Target_Spot227,0,6,6,Target_Spot227,Target_Spot227,True,0.999995
data/raw/Mendeley/plantvillage/Preprocessed data/Target_Spot227/Ts137.jpg,Target_Spot227,0,6,6,Target_Spot227,Target_Spot227,True,0.99949527
data/raw/Mendeley/plantvillage/Preprocessed data/Target_Spot227/Ts140.jpg,Target_Spot227,0,6,6,Target_Spot227,Target_Spot227,True,0.99786633
data/raw/Mendeley/plantvillage/Preprocessed data/Target_Spot227/Ts141.jpg,Target_Spot227,0,6,6,Target_Spot227,Target_Spot227,True,0.9997495
data/raw/Mendeley/plantvillage/Preprocessed data/Target_Spot227/Ts147.jpg,Target_Spot227,0,6,6,Target_Spot227,Target_Spot227,True,0.9995927
data/raw/Mendeley/plantvillage/Preprocessed data/Target_Spot227/Ts153.jpg,Target_Spot227,0,6,6,Target_Spot227,Target_Spot227,True,0.99996746
data/raw/Mendeley/plantvillage/Preprocessed data/Target_Spot227/Ts157.jpg,Target_Spot227,0,6,6,Target_Spot227,Target_Spot227,True,0.9957903
data/raw/Mendeley/plantvillage/Preprocessed data/Target_Spot227/Ts159.jpg,Target_Spot227,0,6,6,Target_Spot227,Target_Spot227,True,0.5703927
data/raw/Mendeley/plantvillage/Preprocessed data/Target_Spot227/Ts163.jpg,Target_Spot227,0,6,6,Target_Spot227,Target_Spot227,True,0.9926359
data/raw/Mendeley/plantvillage/Preprocessed data/Target_Spot227/Ts165.jpg,Target_Spot227,0,6,6,Target_Spot227,Target_Spot227,True,0.9992823
data/raw/Mendeley/plantvillage/Preprocessed data/Target_Spot227/Ts167.jpg,Target_Spot227,0,6,6,Target_Spot227,Target_Spot227,True,0.99934167
data/raw/Mendeley/plantvillage/Preprocessed data/Target_Spot227/Ts172.jpg,Target_Spot227,0,6,6,Target_Spot227,Target_Spot227,True,0.9939843
data/raw/Mendeley/plantvillage/Preprocessed data/Target_Spot227/Ts175.jpg,Target_Spot227,0,6,6,Target_Spot227,Target_Spot227,True,0.9999753
data/raw/Mendeley/plantvillage/Preprocessed data/Target_Spot227/Ts180.jpg,Target_Spot227,0,6,6,Target_Spot227,Target_Spot227,True,0.99312454
data/raw/Mendeley/plantvillage/Preprocessed data/Target_Spot227/Ts184.jpg,Target_Spot227,0,6,6,Target_Spot227,Target_Spot227,True,0.99896955
data/raw/Mendeley/plantvillage/Preprocessed data/Target_Spot227/Ts19.jpg,Target_Spot227,0,6,6,Target_Spot227,Target_Spot227,True,0.9977452
data/raw/Mendeley/plantvillage/Preprocessed data/Target_Spot227/Ts196.jpg,Target_Spot227,0,6,6,Target_Spot227,Target_Spot227,True,0.9929309
data/raw/Mendeley/plantvillage/Preprocessed data/Target_Spot227/Ts197.jpg,Target_Spot227,0,6,8,Target_Spot227,Tomato_mosaic_virus227,False,0.5245441
data/raw/Mendeley/plantvillage/Preprocessed data/Target_Spot227/Ts198.jpg,Target_Spot227,0,6,9,Target_Spot227,Two-spotted_spider_mite227,False,0.8841753
data/raw/Mendeley/plantvillage/Preprocessed data/Target_Spot227/Ts20.jpg,Target_Spot227,0,6,6,Target_Spot227,Target_Spot227,True,0.9999844
data/raw/Mendeley/plantvillage/Preprocessed data/Target_Spot227/Ts203.jpg,Target_Spot227,0,6,6,Target_Spot227,Target_Spot227,True,0.9999913
data/raw/Mendeley/plantvillage/Preprocessed data/Target_Spot227/Ts205.jpg,Target_Spot227,0,6,6,Target_Spot227,Target_Spot227,True,0.9988188
data/raw/Mendeley/plantvillage/Preprocessed data/Target_Spot227/Ts206.jpg,Target_Spot227,0,6,5,Target_Spot227,Septoria_leaf_spot227,False,0.54551876
data/raw/Mendeley/plantvillage/Preprocessed data/Target_Spot227/Ts210.jpg,Target_Spot227,0,6,6,Target_Spot227,Target_Spot227,True,0.9997019
data/raw/Mendeley/plantvillage/Preprocessed data/Target_Spot227/Ts213.jpg,Target_Spot227,0,6,6,Target_Spot227,Target_Spot227,True,0.9930235
data/raw/Mendeley/plantvillage/Preprocessed data/Target_Spot227/Ts215.jpg,Target_Spot227,0,6,6,Target_Spot227,Target_Spot227,True,0.994795
data/raw/Mendeley/plantvillage/Preprocessed data/Target_Spot227/Ts216.jpg,Target_Spot227,0,6,6,Target_Spot227,Target_Spot227,True,0.97649854
data/raw/Mendeley/plantvillage/Preprocessed data/Target_Spot227/Ts222.jpg,Target_Spot227,0,6,6,Target_Spot227,Target_Spot227,True,0.9998888
data/raw/Mendeley/plantvillage/Preprocessed data/Target_Spot227/Ts225.jpg,Target_Spot227,0,6,6,Target_Spot227,Target_Spot227,True,0.9999496
data/raw/Mendeley/plantvillage/Preprocessed data/Target_Spot227/Ts227.jpg,Target_Spot227,0,6,6,Target_Spot227,Target_Spot227,True,0.99996793
data/raw/Mendeley/plantvillage/Preprocessed data/Target_Spot227/Ts238.jpg,Target_Spot227,0,6,6,Target_Spot227,Target_Spot227,True,0.99325633
data/raw/Mendeley/plantvillage/Preprocessed data/Target_Spot227/Ts24.jpg,Target_Spot227,0,6,6,Target_Spot227,Target_Spot227,True,0.8285004
data/raw/Mendeley/plantvillage/Preprocessed data/Target_Spot227/Ts240.jpg,Target_Spot227,0,6,6,Target_Spot227,Target_Spot227,True,0.999984
data/raw/Mendeley/plantvillage/Preprocessed data/Target_Spot227/Ts241.jpg,Target_Spot227,0,6,6,Target_Spot227,Target_Spot227,True,0.9972349
data/raw/Mendeley/plantvillage/Preprocessed data/Target_Spot227/Ts250.jpg,Target_Spot227,0,6,6,Target_Spot227,Target_Spot227,True,0.9999672
data/raw/Mendeley/plantvillage/Preprocessed data/Target_Spot227/Ts258.jpg,Target_Spot227,0,6,6,Target_Spot227,Target_Spot227,True,0.99988055
data/raw/Mendeley/plantvillage/Preprocessed data/Target_Spot227/Ts259.jpg,Target_Spot227,0,6,6,Target_Spot227,Target_Spot227,True,0.99279803
data/raw/Mendeley/plantvillage/Preprocessed data/Target_Spot227/Ts271.jpg,Target_Spot227,0,6,6,Target_Spot227,Target_Spot227,True,0.99978465
data/raw/Mendeley/plantvillage/Preprocessed data/Target_Spot227/Ts272.jpg,Target_Spot227,0,6,6,Target_Spot227,Target_Spot227,True,0.9999325
data/raw/Mendeley/plantvillage/Preprocessed data/Target_Spot227/Ts274.jpg,Target_Spot227,0,6,6,Target_Spot227,Target_Spot227,True,0.9997638
data/raw/Mendeley/plantvillage/Preprocessed data/Target_Spot227/Ts287.jpg,Target_Spot227,0,6,6,Target_Spot227,Target_Spot227,True,0.99678135
data/raw/Mendeley/plantvillage/Preprocessed data/Target_Spot227/Ts288.jpg,Target_Spot227,0,6,6,Target_Spot227,Target_Spot227,True,0.99952424
data/raw/Mendeley/plantvillage/Preprocessed data/Target_Spot227/Ts29.jpg,Target_Spot227,0,6,6,Target_Spot227,Target_Spot227,True,0.99210054
data/raw/Mendeley/plantvillage/Preprocessed data/Target_Spot227/Ts292.jpg,Target_Spot227,0,6,6,Target_Spot227,Target_Spot227,True,0.9961073
data/raw/Mendeley/plantvillage/Preprocessed data/Target_Spot227/Ts293.jpg,Target_Spot227,0,6,6,Target_Spot227,Target_Spot227,True,0.9594079
data/raw/Mendeley/plantvillage/Preprocessed data/Target_Spot227/Ts297.jpg,Target_Spot227,0,6,6,Target_Spot227,Target_Spot227,True,0.9995974
data/raw/Mendeley/plantvillage/Preprocessed data/Target_Spot227/Ts303.jpg,Target_Spot227,0,6,6,Target_Spot227,Target_Spot227,True,0.9998116
data/raw/Mendeley/plantvillage/Preprocessed data/Target_Spot227/Ts310.jpg,Target_Spot227,0,6,6,Target_Spot227,Target_Spot227,True,0.99999666
data/raw/Mendeley/plantvillage/Preprocessed data/Target_Spot227/Ts313.jpg,Target_Spot227,0,6,6,Target_Spot227,Target_Spot227,True,0.99993265
data/raw/Mendeley/plantvillage/Preprocessed data/Target_Spot227/Ts316.jpg,Target_Spot227,0,6,6,Target_Spot227,Target_Spot227,True,0.9862185
data/raw/Mendeley/plantvillage/Preprocessed data/Target_Spot227/Ts32.jpg,Target_Spot227,0,6,6,Target_Spot227,Target_Spot227,True,0.99997985
data/raw/Mendeley/plantvillage/Preprocessed data/Target_Spot227/Ts321.jpg,Target_Spot227,0,6,6,Target_Spot227,Target_Spot227,True,0.9987796
data/raw/Mendeley/plantvillage/Preprocessed data/Target_Spot227/Ts325.jpg,Target_Spot227,0,6,6,Target_Spot227,Target_Spot227,True,0.99999297
data/raw/Mendeley/plantvillage/Preprocessed data/Target_Spot227/Ts329.jpg,Target_Spot227,0,6,6,Target_Spot227,Target_Spot227,True,0.9999871
data/raw/Mendeley/plantvillage/Preprocessed data/Target_Spot227/Ts331.jpg,Target_Spot227,0,6,6,Target_Spot227,Target_Spot227,True,0.99998236
data/raw/Mendeley/plantvillage/Preprocessed data/Target_Spot227/Ts337.jpg,Target_Spot227,0,6,6,Target_Spot227,Target_Spot227,True,0.9588893
data/raw/Mendeley/plantvillage/Preprocessed data/Target_Spot227/Ts348.jpg,Target_Spot227,0,6,6,Target_Spot227,Target_Spot227,True,0.99971074
data/raw/Mendeley/plantvillage/Preprocessed data/Target_Spot227/Ts356.jpg,Target_Spot227,0,6,6,Target_Spot227,Target_Spot227,True,0.9999448
data/raw/Mendeley/plantvillage/Preprocessed data/Target_Spot227/Ts366.jpg,Target_Spot227,0,6,6,Target_Spot227,Target_Spot227,True,0.9973828
data/raw/Mendeley/plantvillage/Preprocessed data/Target_Spot227/Ts369.jpg,Target_Spot227,0,6,6,Target_Spot227,Target_Spot227,True,0.9360405
data/raw/Mendeley/plantvillage/Preprocessed data/Target_Spot227/Ts378.jpg,Target_Spot227,0,6,6,Target_Spot227,Target_Spot227,True,0.99990714
data/raw/Mendeley/plantvillage/Preprocessed data/Target_Spot227/Ts379.jpg,Target_Spot227,0,6,6,Target_Spot227,Target_Spot227,True,0.99788314
data/raw/Mendeley/plantvillage/Preprocessed data/Target_Spot227/Ts388.jpg,Target_Spot227,0,6,6,Target_Spot227,Target_Spot227,True,0.99983096
data/raw/Mendeley/plantvillage/Preprocessed data/Target_Spot227/Ts390.jpg,Target_Spot227,0,6,6,Target_Spot227,Target_Spot227,True,0.99944216
data/raw/Mendeley/plantvillage/Preprocessed data/Target_Spot227/Ts391.jpg,Target_Spot227,0,6,6,Target_Spot227,Target_Spot227,True,0.9506986
data/raw/Mendeley/plantvillage/Preprocessed data/Target_Spot227/Ts400.jpg,Target_Spot227,0,6,6,Target_Spot227,Target_Spot227,True,0.9903341
data/raw/Mendeley/plantvillage/Preprocessed data/Target_Spot227/Ts410.jpg,Target_Spot227,0,6,6,Target_Spot227,Target_Spot227,True,0.9998927
data/raw/Mendeley/plantvillage/Preprocessed data/Target_Spot227/Ts42.jpg,Target_Spot227,0,6,6,Target_Spot227,Target_Spot227,True,0.993739
data/raw/Mendeley/plantvillage/Preprocessed data/Target_Spot227/Ts421.jpg,Target_Spot227,0,6,6,Target_Spot227,Target_Spot227,True,0.99992836
data/raw/Mendeley/plantvillage/Preprocessed data/Target_Spot227/Ts428.jpg,Target_Spot227,0,6,6,Target_Spot227,Target_Spot227,True,0.9961888
data/raw/Mendeley/plantvillage/Preprocessed data/Target_Spot227/Ts429.jpg,Target_Spot227,0,6,6,Target_Spot227,Target_Spot227,True,0.9998647
data/raw/Mendeley/plantvillage/Preprocessed data/Target_Spot227/Ts433.jpg,Target_Spot227,0,6,6,Target_Spot227,Target_Spot227,True,0.9989618
data/raw/Mendeley/plantvillage/Preprocessed data/Target_Spot227/Ts434.jpg,Target_Spot227,0,6,6,Target_Spot227,Target_Spot227,True,0.73486996
data/raw/Mendeley/plantvillage/Preprocessed data/Target_Spot227/Ts441.jpg,Target_Spot227,0,6,6,Target_Spot227,Target_Spot227,True,0.99997604
data/raw/Mendeley/plantvillage/Preprocessed data/Target_Spot227/Ts442.jpg,Target_Spot227,0,6,6,Target_Spot227,Target_Spot227,True,0.993054
data/raw/Mendeley/plantvillage/Preprocessed data/Target_Spot227/Ts446.jpg,Target_Spot227,0,6,6,Target_Spot227,Target_Spot227,True,0.9999869
data/raw/Mendeley/plantvillage/Preprocessed data/Target_Spot227/Ts447.jpg,Target_Spot227,0,6,6,Target_Spot227,Target_Spot227,True,0.9999925
data/raw/Mendeley/plantvillage/Preprocessed data/Target_Spot227/Ts452.jpg,Target_Spot227,0,6,6,Target_Spot227,Target_Spot227,True,0.99967694
data/raw/Mendeley/plantvillage/Preprocessed data/Target_Spot227/Ts454.jpg,Target_Spot227,0,6,6,Target_Spot227,Target_Spot227,True,0.999998
data/raw/Mendeley/plantvillage/Preprocessed data/Target_Spot227/Ts469.jpg,Target_Spot227,0,6,6,Target_Spot227,Target_Spot227,True,0.9982521
data/raw/Mendeley/plantvillage/Preprocessed data/Target_Spot227/Ts478.jpg,Target_Spot227,0,6,6,Target_Spot227,Target_Spot227,True,0.99052
data/raw/Mendeley/plantvillage/Preprocessed data/Target_Spot227/Ts482.jpg,Target_Spot227,0,6,6,Target_Spot227,Target_Spot227,True,0.9989182
data/raw/Mendeley/plantvillage/Preprocessed data/Target_Spot227/Ts484.jpg,Target_Spot227,0,6,6,Target_Spot227,Target_Spot227,True,0.99983525
data/raw/Mendeley/plantvillage/Preprocessed data/Target_Spot227/Ts486.jpg,Target_Spot227,0,6,6,Target_Spot227,Target_Spot227,True,0.97255975
data/raw/Mendeley/plantvillage/Preprocessed data/Target_Spot227/Ts50.jpg,Target_Spot227,0,6,6,Target_Spot227,Target_Spot227,True,0.99992204
data/raw/Mendeley/plantvillage/Preprocessed data/Target_Spot227/Ts507.jpg,Target_Spot227,0,6,6,Target_Spot227,Target_Spot227,True,0.9928611
data/raw/Mendeley/plantvillage/Preprocessed data/Target_Spot227/Ts511.jpg,Target_Spot227,0,6,6,Target_Spot227,Target_Spot227,True,0.99996054
data/raw/Mendeley/plantvillage/Preprocessed data/Target_Spot227/Ts514.jpg,Target_Spot227,0,6,6,Target_Spot227,Target_Spot227,True,0.97340876
data/raw/Mendeley/plantvillage/Preprocessed data/Target_Spot227/Ts516.jpg,Target_Spot227,0,6,6,Target_Spot227,Target_Spot227,True,0.99940383
data/raw/Mendeley/plantvillage/Preprocessed data/Target_Spot227/Ts52.jpg,Target_Spot227,0,6,6,Target_Spot227,Target_Spot227,True,0.9999939
data/raw/Mendeley/plantvillage/Preprocessed data/Target_Spot227/Ts521.jpg,Target_Spot227,0,6,6,Target_Spot227,Target_Spot227,True,0.9958753
data/raw/Mendeley/plantvillage/Preprocessed data/Target_Spot227/Ts525.jpg,Target_Spot227,0,6,6,Target_Spot227,Target_Spot227,True,0.79786277
data/raw/Mendeley/plantvillage/Preprocessed data/Target_Spot227/Ts536.jpg,Target_Spot227,0,6,6,Target_Spot227,Target_Spot227,True,0.9999602
data/raw/Mendeley/plantvillage/Preprocessed data/Target_Spot227/Ts541.jpg,Target_Spot227,0,6,6,Target_Spot227,Target_Spot227,True,0.99848926
data/raw/Mendeley/plantvillage/Preprocessed data/Target_Spot227/Ts549.jpg,Target_Spot227,0,6,6,Target_Spot227,Target_Spot227,True,0.9999813
data/raw/Mendeley/plantvillage/Preprocessed data/Target_Spot227/Ts553.jpg,Target_Spot227,0,6,6,Target_Spot227,Target_Spot227,True,0.9998858
data/raw/Mendeley/plantvillage/Preprocessed data/Target_Spot227/Ts555.jpg,Target_Spot227,0,6,6,Target_Spot227,Target_Spot227,True,0.9999728
data/raw/Mendeley/plantvillage/Preprocessed data/Target_Spot227/Ts557.jpg,Target_Spot227,0,6,6,Target_Spot227,Target_Spot227,True,0.99566936
data/raw/Mendeley/plantvillage/Preprocessed data/Target_Spot227/Ts56.jpg,Target_Spot227,0,6,6,Target_Spot227,Target_Spot227,True,0.99999535
data/raw/Mendeley/plantvillage/Preprocessed data/Target_Spot227/Ts560.jpg,Target_Spot227,0,6,6,Target_Spot227,Target_Spot227,True,0.99998474
data/raw/Mendeley/plantvillage/Preprocessed data/Target_Spot227/Ts563.jpg,Target_Spot227,0,6,6,Target_Spot227,Target_Spot227,True,0.99997544
data/raw/Mendeley/plantvillage/Preprocessed data/Target_Spot227/Ts565.jpg,Target_Spot227,0,6,6,Target_Spot227,Target_Spot227,True,0.9999901
data/raw/Mendeley/plantvillage/Preprocessed data/Target_Spot227/Ts567.jpg,Target_Spot227,0,6,6,Target_Spot227,Target_Spot227,True,0.99788576
data/raw/Mendeley/plantvillage/Preprocessed data/Target_Spot227/Ts568.jpg,Target_Spot227,0,6,6,Target_Spot227,Target_Spot227,True,0.99861526
data/raw/Mendeley/plantvillage/Preprocessed data/Target_Spot227/Ts577.jpg,Target_Spot227,0,6,6,Target_Spot227,Target_Spot227,True,0.99985445
data/raw/Mendeley/plantvillage/Preprocessed data/Target_Spot227/Ts578.jpg,Target_Spot227,0,6,6,Target_Spot227,Target_Spot227,True,0.9959947
data/raw/Mendeley/plantvillage/Preprocessed data/Target_Spot227/Ts580.jpg,Target_Spot227,0,6,6,Target_Spot227,Target_Spot227,True,0.9997788
data/raw/Mendeley/plantvillage/Preprocessed data/Target_Spot227/Ts584.jpg,Target_Spot227,0,6,6,Target_Spot227,Target_Spot227,True,0.99999964
data/raw/Mendeley/plantvillage/Preprocessed data/Target_Spot227/Ts59.jpg,Target_Spot227,0,6,6,Target_Spot227,Target_Spot227,True,0.9990823
data/raw/Mendeley/plantvillage/Preprocessed data/Target_Spot227/Ts590.jpg,Target_Spot227,0,6,6,Target_Spot227,Target_Spot227,True,0.83741415
data/raw/Mendeley/plantvillage/Preprocessed data/Target_Spot227/Ts595.jpg,Target_Spot227,0,6,6,Target_Spot227,Target_Spot227,True,0.99999833
data/raw/Mendeley/plantvillage/Preprocessed data/Target_Spot227/Ts598.jpg,Target_Spot227,0,6,6,Target_Spot227,Target_Spot227,True,0.9999784
data/raw/Mendeley/plantvillage/Preprocessed data/Target_Spot227/Ts604.jpg,Target_Spot227,0,6,6,Target_Spot227,Target_Spot227,True,0.99992037
data/raw/Mendeley/plantvillage/Preprocessed data/Target_Spot227/Ts61.jpg,Target_Spot227,0,6,6,Target_Spot227,Target_Spot227,True,0.8239468
data/raw/Mendeley/plantvillage/Preprocessed data/Target_Spot227/Ts616.jpg,Target_Spot227,0,6,6,Target_Spot227,Target_Spot227,True,0.99942684
data/raw/Mendeley/plantvillage/Preprocessed data/Target_Spot227/Ts62.jpg,Target_Spot227,0,6,6,Target_Spot227,Target_Spot227,True,0.99786276
data/raw/Mendeley/plantvillage/Preprocessed data/Target_Spot227/Ts628.jpg,Target_Spot227,0,6,6,Target_Spot227,Target_Spot227,True,0.9995528
data/raw/Mendeley/plantvillage/Preprocessed data/Target_Spot227/Ts63.jpg,Target_Spot227,0,6,6,Target_Spot227,Target_Spot227,True,0.9927654
data/raw/Mendeley/plantvillage/Preprocessed data/Target_Spot227/Ts630.jpg,Target_Spot227,0,6,6,Target_Spot227,Target_Spot227,True,0.6105572
data/raw/Mendeley/plantvillage/Preprocessed data/Target_Spot227/Ts638.jpg,Target_Spot227,0,6,6,Target_Spot227,Target_Spot227,True,0.9996897
data/raw/Mendeley/plantvillage/Preprocessed data/Target_Spot227/Ts640.jpg,Target_Spot227,0,6,6,Target_Spot227,Target_Spot227,True,0.9972977
data/raw/Mendeley/plantvillage/Preprocessed data/Target_Spot227/Ts646.jpg,Target_Spot227,0,6,6,Target_Spot227,Target_Spot227,True,0.9968183
data/raw/Mendeley/plantvillage/Preprocessed data/Target_Spot227/Ts648.jpg,Target_Spot227,0,6,6,Target_Spot227,Target_Spot227,True,0.9999937
data/raw/Mendeley/plantvillage/Preprocessed data/Target_Spot227/Ts65.jpg,Target_Spot227,0,6,6,Target_Spot227,Target_Spot227,True,0.99913234
data/raw/Mendeley/plantvillage/Preprocessed data/Target_Spot227/Ts653.jpg,Target_Spot227,0,6,6,Target_Spot227,Target_Spot227,True,0.9967514
data/raw/Mendeley/plantvillage/Preprocessed data/Target_Spot227/Ts661.jpg,Target_Spot227,0,6,6,Target_Spot227,Target_Spot227,True,0.9999958
data/raw/Mendeley/plantvillage/Preprocessed data/Target_Spot227/Ts664.jpg,Target_Spot227,0,6,6,Target_Spot227,Target_Spot227,True,0.99999666
data/raw/Mendeley/plantvillage/Preprocessed data/Target_Spot227/Ts67.jpg,Target_Spot227,0,6,6,Target_Spot227,Target_Spot227,True,0.999213
data/raw/Mendeley/plantvillage/Preprocessed data/Target_Spot227/Ts674.jpg,Target_Spot227,0,6,6,Target_Spot227,Target_Spot227,True,0.9999807
data/raw/Mendeley/plantvillage/Preprocessed data/Target_Spot227/Ts68.jpg,Target_Spot227,0,6,6,Target_Spot227,Target_Spot227,True,0.9992747
data/raw/Mendeley/plantvillage/Preprocessed data/Target_Spot227/Ts696.jpg,Target_Spot227,0,6,6,Target_Spot227,Target_Spot227,True,0.9995339
data/raw/Mendeley/plantvillage/Preprocessed data/Target_Spot227/Ts700.jpg,Target_Spot227,0,6,6,Target_Spot227,Target_Spot227,True,0.99907863
data/raw/Mendeley/plantvillage/Preprocessed data/Target_Spot227/Ts706.jpg,Target_Spot227,0,6,6,Target_Spot227,Target_Spot227,True,0.9930427
data/raw/Mendeley/plantvillage/Preprocessed data/Target_Spot227/Ts711.jpg,Target_Spot227,0,6,6,Target_Spot227,Target_Spot227,True,0.93587124
data/raw/Mendeley/plantvillage/Preprocessed data/Target_Spot227/Ts716.jpg,Target_Spot227,0,6,6,Target_Spot227,Target_Spot227,True,0.9997794
data/raw/Mendeley/plantvillage/Preprocessed data/Target_Spot227/Ts717.jpg,Target_Spot227,0,6,6,Target_Spot227,Target_Spot227,True,0.9988387
data/raw/Mendeley/plantvillage/Preprocessed data/Target_Spot227/Ts725.jpg,Target_Spot227,0,6,6,Target_Spot227,Target_Spot227,True,0.9999366
data/raw/Mendeley/plantvillage/Preprocessed data/Target_Spot227/Ts730.jpg,Target_Spot227,0,6,6,Target_Spot227,Target_Spot227,True,0.9994184
data/raw/Mendeley/plantvillage/Preprocessed data/Target_Spot227/Ts731.jpg,Target_Spot227,0,6,6,Target_Spot227,Target_Spot227,True,0.9999865
data/raw/Mendeley/plantvillage/Preprocessed data/Target_Spot227/Ts754.jpg,Target_Spot227,0,6,6,Target_Spot227,Target_Spot227,True,0.99993896
data/raw/Mendeley/plantvillage/Preprocessed data/Target_Spot227/Ts760.jpg,Target_Spot227,0,6,6,Target_Spot227,Target_Spot227,True,0.99368274
data/raw/Mendeley/plantvillage/Preprocessed data/Target_Spot227/Ts764.jpg,Target_Spot227,0,6,6,Target_Spot227,Target_Spot227,True,0.9998615
data/raw/Mendeley/plantvillage/Preprocessed data/Target_Spot227/Ts766.jpg,Target_Spot227,0,6,6,Target_Spot227,Target_Spot227,True,0.8293403
data/raw/Mendeley/plantvillage/Preprocessed data/Target_Spot227/Ts772.jpg,Target_Spot227,0,6,6,Target_Spot227,Target_Spot227,True,0.9998311
data/raw/Mendeley/plantvillage/Preprocessed data/Target_Spot227/Ts777.jpg,Target_Spot227,0,6,6,Target_Spot227,Target_Spot227,True,0.89077383
data/raw/Mendeley/plantvillage/Preprocessed data/Target_Spot227/Ts778.jpg,Target_Spot227,0,6,6,Target_Spot227,Target_Spot227,True,0.94946027
data/raw/Mendeley/plantvillage/Preprocessed data/Target_Spot227/Ts785.jpg,Target_Spot227,0,6,6,Target_Spot227,Target_Spot227,True,0.9905414
data/raw/Mendeley/plantvillage/Preprocessed data/Target_Spot227/Ts791.jpg,Target_Spot227,0,6,6,Target_Spot227,Target_Spot227,True,0.9999932
data/raw/Mendeley/plantvillage/Preprocessed data/Target_Spot227/Ts793.jpg,Target_Spot227,0,6,6,Target_Spot227,Target_Spot227,True,0.9984823
data/raw/Mendeley/plantvillage/Preprocessed data/Target_Spot227/Ts794.jpg,Target_Spot227,0,6,6,Target_Spot227,Target_Spot227,True,0.99991655
data/raw/Mendeley/plantvillage/Preprocessed data/Target_Spot227/Ts804.jpg,Target_Spot227,0,6,6,Target_Spot227,Target_Spot227,True,0.999987
data/raw/Mendeley/plantvillage/Preprocessed data/Target_Spot227/Ts807.jpg,Target_Spot227,0,6,6,Target_Spot227,Target_Spot227,True,0.9990408
data/raw/Mendeley/plantvillage/Preprocessed data/Target_Spot227/Ts813.jpg,Target_Spot227,0,6,6,Target_Spot227,Target_Spot227,True,0.99900025
data/raw/Mendeley/plantvillage/Preprocessed data/Target_Spot227/Ts820.jpg,Target_Spot227,0,6,6,Target_Spot227,Target_Spot227,True,0.9934558
data/raw/Mendeley/plantvillage/Preprocessed data/Target_Spot227/Ts822.jpg,Target_Spot227,0,6,6,Target_Spot227,Target_Spot227,True,0.99994564
data/raw/Mendeley/plantvillage/Preprocessed data/Target_Spot227/Ts827.jpg,Target_Spot227,0,6,6,Target_Spot227,Target_Spot227,True,0.9999926
data/raw/Mendeley/plantvillage/Preprocessed data/Target_Spot227/Ts828.jpg,Target_Spot227,0,6,6,Target_Spot227,Target_Spot227,True,0.99988997
data/raw/Mendeley/plantvillage/Preprocessed data/Target_Spot227/Ts829.jpg,Target_Spot227,0,6,6,Target_Spot227,Target_Spot227,True,0.9972982
data/raw/Mendeley/plantvillage/Preprocessed data/Target_Spot227/Ts83.jpg,Target_Spot227,0,6,6,Target_Spot227,Target_Spot227,True,0.9922106
data/raw/Mendeley/plantvillage/Preprocessed data/Target_Spot227/Ts834.jpg,Target_Spot227,0,6,6,Target_Spot227,Target_Spot227,True,0.9997776
data/raw/Mendeley/plantvillage/Preprocessed data/Target_Spot227/Ts838.jpg,Target_Spot227,0,6,6,Target_Spot227,Target_Spot227,True,0.62530524
data/raw/Mendeley/plantvillage/Preprocessed data/Target_Spot227/Ts842.jpg,Target_Spot227,0,6,6,Target_Spot227,Target_Spot227,True,0.99901116
data/raw/Mendeley/plantvillage/Preprocessed data/Target_Spot227/Ts845.jpg,Target_Spot227,0,6,6,Target_Spot227,Target_Spot227,True,0.9994331
data/raw/Mendeley/plantvillage/Preprocessed data/Target_Spot227/Ts852.jpg,Target_Spot227,0,6,6,Target_Spot227,Target_Spot227,True,0.9998586
data/raw/Mendeley/plantvillage/Preprocessed data/Target_Spot227/Ts853.jpg,Target_Spot227,0,6,6,Target_Spot227,Target_Spot227,True,0.9948436
data/raw/Mendeley/plantvillage/Preprocessed data/Target_Spot227/Ts854.jpg,Target_Spot227,0,6,6,Target_Spot227,Target_Spot227,True,0.9999969
data/raw/Mendeley/plantvillage/Preprocessed data/Target_Spot227/Ts865.jpg,Target_Spot227,0,6,6,Target_Spot227,Target_Spot227,True,0.9993599
data/raw/Mendeley/plantvillage/Preprocessed data/Target_Spot227/Ts875.jpg,Target_Spot227,0,6,6,Target_Spot227,Target_Spot227,True,0.986629
data/raw/Mendeley/plantvillage/Preprocessed data/Target_Spot227/Ts879.jpg,Target_Spot227,0,6,6,Target_Spot227,Target_Spot227,True,0.99992156
data/raw/Mendeley/plantvillage/Preprocessed data/Target_Spot227/Ts882.jpg,Target_Spot227,0,6,6,Target_Spot227,Target_Spot227,True,0.9918324
data/raw/Mendeley/plantvillage/Preprocessed data/Target_Spot227/Ts884.jpg,Target_Spot227,0,6,6,Target_Spot227,Target_Spot227,True,0.999943
data/raw/Mendeley/plantvillage/Preprocessed data/Target_Spot227/Ts893.jpg,Target_Spot227,0,6,6,Target_Spot227,Target_Spot227,True,0.99686027
data/raw/Mendeley/plantvillage/Preprocessed data/Target_Spot227/Ts898.jpg,Target_Spot227,0,6,6,Target_Spot227,Target_Spot227,True,0.9999578
data/raw/Mendeley/plantvillage/Preprocessed data/Target_Spot227/Ts901.jpg,Target_Spot227,0,6,6,Target_Spot227,Target_Spot227,True,0.9996823
data/raw/Mendeley/plantvillage/Preprocessed data/Target_Spot227/Ts905.jpg,Target_Spot227,0,6,6,Target_Spot227,Target_Spot227,True,0.9999565
data/raw/Mendeley/plantvillage/Preprocessed data/Target_Spot227/Ts907.jpg,Target_Spot227,0,6,6,Target_Spot227,Target_Spot227,True,0.99995816
data/raw/Mendeley/plantvillage/Preprocessed data/Target_Spot227/Ts909.jpg,Target_Spot227,0,6,6,Target_Spot227,Target_Spot227,True,0.7284759
data/raw/Mendeley/plantvillage/Preprocessed data/Target_Spot227/Ts912.jpg,Target_Spot227,0,6,6,Target_Spot227,Target_Spot227,True,0.9939786
data/raw/Mendeley/plantvillage/Preprocessed data/Target_Spot227/Ts914.jpg,Target_Spot227,0,6,6,Target_Spot227,Target_Spot227,True,0.9992895
data/raw/Mendeley/plantvillage/Preprocessed data/Target_Spot227/Ts915.jpg,Target_Spot227,0,6,6,Target_Spot227,Target_Spot227,True,0.98758334
data/raw/Mendeley/plantvillage/Preprocessed data/Target_Spot227/Ts918.jpg,Target_Spot227,0,6,6,Target_Spot227,Target_Spot227,True,0.9727499
data/raw/Mendeley/plantvillage/Preprocessed data/Target_Spot227/Ts92.jpg,Target_Spot227,0,6,6,Target_Spot227,Target_Spot227,True,0.9983714
data/raw/Mendeley/plantvillage/Preprocessed data/Target_Spot227/Ts929.jpg,Target_Spot227,0,6,6,Target_Spot227,Target_Spot227,True,0.9991014
data/raw/Mendeley/plantvillage/Preprocessed data/Target_Spot227/Ts935.jpg,Target_Spot227,0,6,6,Target_Spot227,Target_Spot227,True,0.9993212
data/raw/Mendeley/plantvillage/Preprocessed data/Target_Spot227/Ts938.jpg,Target_Spot227,0,6,6,Target_Spot227,Target_Spot227,True,0.999567
data/raw/Mendeley/plantvillage/Preprocessed data/Target_Spot227/Ts94.jpg,Target_Spot227,0,6,6,Target_Spot227,Target_Spot227,True,0.9826103
data/raw/Mendeley/plantvillage/Preprocessed data/Target_Spot227/Ts941.jpg,Target_Spot227,0,6,6,Target_Spot227,Target_Spot227,True,0.99198127
data/raw/Mendeley/plantvillage/Preprocessed data/Target_Spot227/Ts943.jpg,Target_Spot227,0,6,6,Target_Spot227,Target_Spot227,True,0.99932146
data/raw/Mendeley/plantvillage/Preprocessed data/Target_Spot227/Ts954.jpg,Target_Spot227,0,6,6,Target_Spot227,Target_Spot227,True,0.98820204
data/raw/Mendeley/plantvillage/Preprocessed data/Target_Spot227/Ts956.jpg,Target_Spot227,0,6,6,Target_Spot227,Target_Spot227,True,0.99937147
data/raw/Mendeley/plantvillage/Preprocessed data/Target_Spot227/Ts957.jpg,Target_Spot227,0,6,6,Target_Spot227,Target_Spot227,True,0.99997663
data/raw/Mendeley/plantvillage/Preprocessed data/Target_Spot227/Ts966.jpg,Target_Spot227,0,6,6,Target_Spot227,Target_Spot227,True,0.99779934
data/raw/Mendeley/plantvillage/Preprocessed data/Target_Spot227/Ts970.jpg,Target_Spot227,0,6,6,Target_Spot227,Target_Spot227,True,0.999731
data/raw/Mendeley/plantvillage/Preprocessed data/Target_Spot227/Ts971.jpg,Target_Spot227,0,6,6,Target_Spot227,Target_Spot227,True,0.9992649
data/raw/Mendeley/plantvillage/Preprocessed data/Target_Spot227/Ts976.jpg,Target_Spot227,0,6,6,Target_Spot227,Target_Spot227,True,0.99796945
data/raw/Mendeley/plantvillage/Preprocessed data/Target_Spot227/Ts983.jpg,Target_Spot227,0,6,6,Target_Spot227,Target_Spot227,True,0.9985026
data/raw/Mendeley/plantvillage/Preprocessed data/Target_Spot227/Ts985.jpg,Target_Spot227,0,6,6,Target_Spot227,Target_Spot227,True,0.99999106
data/raw/Mendeley/plantvillage/Preprocessed data/Target_Spot227/Ts987.jpg,Target_Spot227,0,6,6,Target_Spot227,Target_Spot227,True,0.999987
data/raw/Mendeley/plantvillage/Preprocessed data/Target_Spot227/Ts989.jpg,Target_Spot227,0,6,6,Target_Spot227,Target_Spot227,True,0.9987589
data/raw/Mendeley/plantvillage/Preprocessed data/Target_Spot227/Ts990.jpg,Target_Spot227,0,6,6,Target_Spot227,Target_Spot227,True,0.9998814
data/raw/Mendeley/plantvillage/Preprocessed data/Target_Spot227/Ts994.jpg,Target_Spot227,0,6,6,Target_Spot227,Target_Spot227,True,0.99968994
data/raw/Mendeley/plantvillage/Preprocessed data/Tomato_Yellow_Leaf_Curl_Virus227/Tyl10.jpg,Tomato_Yellow_Leaf_Curl_Virus227,0,7,7,Tomato_Yellow_Leaf_Curl_Virus227,Tomato_Yellow_Leaf_Curl_Virus227,True,0.9997085
data/raw/Mendeley/plantvillage/Preprocessed data/Tomato_Yellow_Leaf_Curl_Virus227/Tyl100.jpg,Tomato_Yellow_Leaf_Curl_Virus227,0,7,7,Tomato_Yellow_Leaf_Curl_Virus227,Tomato_Yellow_Leaf_Curl_Virus227,True,0.9999367
data/raw/Mendeley/plantvillage/Preprocessed data/Tomato_Yellow_Leaf_Curl_Virus227/Tyl1001.jpg,Tomato_Yellow_Leaf_Curl_Virus227,0,7,7,Tomato_Yellow_Leaf_Curl_Virus227,Tomato_Yellow_Leaf_Curl_Virus227,True,0.9999995
data/raw/Mendeley/plantvillage/Preprocessed data/Tomato_Yellow_Leaf_Curl_Virus227/Tyl1009.jpg,Tomato_Yellow_Leaf_Curl_Virus227,0,7,7,Tomato_Yellow_Leaf_Curl_Virus227,Tomato_Yellow_Leaf_Curl_Virus227,True,0.9999906
data/raw/Mendeley/plantvillage/Preprocessed data/Tomato_Yellow_Leaf_Curl_Virus227/Tyl1013.jpg,Tomato_Yellow_Leaf_Curl_Virus227,0,7,7,Tomato_Yellow_Leaf_Curl_Virus227,Tomato_Yellow_Leaf_Curl_Virus227,True,0.9999769
data/raw/Mendeley/plantvillage/Preprocessed data/Tomato_Yellow_Leaf_Curl_Virus227/Tyl1025.jpg,Tomato_Yellow_Leaf_Curl_Virus227,0,7,7,Tomato_Yellow_Leaf_Curl_Virus227,Tomato_Yellow_Leaf_Curl_Virus227,True,0.9967811
data/raw/Mendeley/plantvillage/Preprocessed data/Tomato_Yellow_Leaf_Curl_Virus227/Tyl1038.jpg,Tomato_Yellow_Leaf_Curl_Virus227,0,7,4,Tomato_Yellow_Leaf_Curl_Virus227,Leaf_Mold227,False,0.5045487
data/raw/Mendeley/plantvillage/Preprocessed data/Tomato_Yellow_Leaf_Curl_Virus227/Tyl1039.jpg,Tomato_Yellow_Leaf_Curl_Virus227,0,7,7,Tomato_Yellow_Leaf_Curl_Virus227,Tomato_Yellow_Leaf_Curl_Virus227,True,0.99955505
data/raw/Mendeley/plantvillage/Preprocessed data/Tomato_Yellow_Leaf_Curl_Virus227/Tyl104.jpg,Tomato_Yellow_Leaf_Curl_Virus227,0,7,7,Tomato_Yellow_Leaf_Curl_Virus227,Tomato_Yellow_Leaf_Curl_Virus227,True,0.99997866
data/raw/Mendeley/plantvillage/Preprocessed data/Tomato_Yellow_Leaf_Curl_Virus227/Tyl1042.jpg,Tomato_Yellow_Leaf_Curl_Virus227,0,7,7,Tomato_Yellow_Leaf_Curl_Virus227,Tomato_Yellow_Leaf_Curl_Virus227,True,0.99999666
data/raw/Mendeley/plantvillage/Preprocessed data/Tomato_Yellow_Leaf_Curl_Virus227/Tyl1044.jpg,Tomato_Yellow_Leaf_Curl_Virus227,0,7,7,Tomato_Yellow_Leaf_Curl_Virus227,Tomato_Yellow_Leaf_Curl_Virus227,True,0.99955124
data/raw/Mendeley/plantvillage/Preprocessed data/Tomato_Yellow_Leaf_Curl_Virus227/Tyl1045.jpg,Tomato_Yellow_Leaf_Curl_Virus227,0,7,7,Tomato_Yellow_Leaf_Curl_Virus227,Tomato_Yellow_Leaf_Curl_Virus227,True,0.9999641
data/raw/Mendeley/plantvillage/Preprocessed data/Tomato_Yellow_Leaf_Curl_Virus227/Tyl1059.jpg,Tomato_Yellow_Leaf_Curl_Virus227,0,7,7,Tomato_Yellow_Leaf_Curl_Virus227,Tomato_Yellow_Leaf_Curl_Virus227,True,0.99998724
data/raw/Mendeley/plantvillage/Preprocessed data/Tomato_Yellow_Leaf_Curl_Virus227/Tyl106.jpg,Tomato_Yellow_Leaf_Curl_Virus227,0,7,7,Tomato_Yellow_Leaf_Curl_Virus227,Tomato_Yellow_Leaf_Curl_Virus227,True,0.9999993
data/raw/Mendeley/plantvillage/Preprocessed data/Tomato_Yellow_Leaf_Curl_Virus227/Tyl1062.jpg,Tomato_Yellow_Leaf_Curl_Virus227,0,7,7,Tomato_Yellow_Leaf_Curl_Virus227,Tomato_Yellow_Leaf_Curl_Virus227,True,0.99999976
data/raw/Mendeley/plantvillage/Preprocessed data/Tomato_Yellow_Leaf_Curl_Virus227/Tyl1064.jpg,Tomato_Yellow_Leaf_Curl_Virus227,0,7,7,Tomato_Yellow_Leaf_Curl_Virus227,Tomato_Yellow_Leaf_Curl_Virus227,True,0.9994584
data/raw/Mendeley/plantvillage/Preprocessed data/Tomato_Yellow_Leaf_Curl_Virus227/Tyl1065.jpg,Tomato_Yellow_Leaf_Curl_Virus227,0,7,7,Tomato_Yellow_Leaf_Curl_Virus227,Tomato_Yellow_Leaf_Curl_Virus227,True,0.9999088
data/raw/Mendeley/plantvillage/Preprocessed data/Tomato_Yellow_Leaf_Curl_Virus227/Tyl1068.jpg,Tomato_Yellow_Leaf_Curl_Virus227,0,7,7,Tomato_Yellow_Leaf_Curl_Virus227,Tomato_Yellow_Leaf_Curl_Virus227,True,0.99989986
data/raw/Mendeley/plantvillage/Preprocessed data/Tomato_Yellow_Leaf_Curl_Virus227/Tyl107.jpg,Tomato_Yellow_Leaf_Curl_Virus227,0,7,7,Tomato_Yellow_Leaf_Curl_Virus227,Tomato_Yellow_Leaf_Curl_Virus227,True,0.99999905
data/raw/Mendeley/plantvillage/Preprocessed data/Tomato_Yellow_Leaf_Curl_Virus227/Tyl1072.jpg,Tomato_Yellow_Leaf_Curl_Virus227,0,7,7,Tomato_Yellow_Leaf_Curl_Virus227,Tomato_Yellow_Leaf_Curl_Virus227,True,0.9999944
data/raw/Mendeley/plantvillage/Preprocessed data/Tomato_Yellow_Leaf_Curl_Virus227/Tyl1074.jpg,Tomato_Yellow_Leaf_Curl_Virus227,0,7,7,Tomato_Yellow_Leaf_Curl_Virus227,Tomato_Yellow_Leaf_Curl_Virus227,True,0.99999404
data/raw/Mendeley/plantvillage/Preprocessed data/Tomato_Yellow_Leaf_Curl_Virus227/Tyl1078.jpg,Tomato_Yellow_Leaf_Curl_Virus227,0,7,7,Tomato_Yellow_Leaf_Curl_Virus227,Tomato_Yellow_Leaf_Curl_Virus227,True,0.9999362
data/raw/Mendeley/plantvillage/Preprocessed data/Tomato_Yellow_Leaf_Curl_Virus227/Tyl1081.jpg,Tomato_Yellow_Leaf_Curl_Virus227,0,7,7,Tomato_Yellow_Leaf_Curl_Virus227,Tomato_Yellow_Leaf_Curl_Virus227,True,0.9999795
data/raw/Mendeley/plantvillage/Preprocessed data/Tomato_Yellow_Leaf_Curl_Virus227/Tyl1100.jpg,Tomato_Yellow_Leaf_Curl_Virus227,0,7,7,Tomato_Yellow_Leaf_Curl_Virus227,Tomato_Yellow_Leaf_Curl_Virus227,True,0.9999739
data/raw/Mendeley/plantvillage/Preprocessed data/Tomato_Yellow_Leaf_Curl_Virus227/Tyl1103.jpg,Tomato_Yellow_Leaf_Curl_Virus227,0,7,7,Tomato_Yellow_Leaf_Curl_Virus227,Tomato_Yellow_Leaf_Curl_Virus227,True,0.99999857
data/raw/Mendeley/plantvillage/Preprocessed data/Tomato_Yellow_Leaf_Curl_Virus227/Tyl1108.jpg,Tomato_Yellow_Leaf_Curl_Virus227,0,7,7,Tomato_Yellow_Leaf_Curl_Virus227,Tomato_Yellow_Leaf_Curl_Virus227,True,0.9999958
data/raw/Mendeley/plantvillage/Preprocessed data/Tomato_Yellow_Leaf_Curl_Virus227/Tyl1111.jpg,Tomato_Yellow_Leaf_Curl_Virus227,0,7,7,Tomato_Yellow_Leaf_Curl_Virus227,Tomato_Yellow_Leaf_Curl_Virus227,True,0.9336853
data/raw/Mendeley/plantvillage/Preprocessed data/Tomato_Yellow_Leaf_Curl_Virus227/Tyl1122.jpg,Tomato_Yellow_Leaf_Curl_Virus227,0,7,7,Tomato_Yellow_Leaf_Curl_Virus227,Tomato_Yellow_Leaf_Curl_Virus227,True,0.99992144
data/raw/Mendeley/plantvillage/Preprocessed data/Tomato_Yellow_Leaf_Curl_Virus227/Tyl1124.jpg,Tomato_Yellow_Leaf_Curl_Virus227,0,7,7,Tomato_Yellow_Leaf_Curl_Virus227,Tomato_Yellow_Leaf_Curl_Virus227,True,0.9993742
data/raw/Mendeley/plantvillage/Preprocessed data/Tomato_Yellow_Leaf_Curl_Virus227/Tyl1140.jpg,Tomato_Yellow_Leaf_Curl_Virus227,0,7,7,Tomato_Yellow_Leaf_Curl_Virus227,Tomato_Yellow_Leaf_Curl_Virus227,True,0.99995005
data/raw/Mendeley/plantvillage/Preprocessed data/Tomato_Yellow_Leaf_Curl_Virus227/Tyl1168.jpg,Tomato_Yellow_Leaf_Curl_Virus227,0,7,7,Tomato_Yellow_Leaf_Curl_Virus227,Tomato_Yellow_Leaf_Curl_Virus227,True,0.9998356
data/raw/Mendeley/plantvillage/Preprocessed data/Tomato_Yellow_Leaf_Curl_Virus227/Tyl1170.jpg,Tomato_Yellow_Leaf_Curl_Virus227,0,7,7,Tomato_Yellow_Leaf_Curl_Virus227,Tomato_Yellow_Leaf_Curl_Virus227,True,0.98318684
data/raw/Mendeley/plantvillage/Preprocessed data/Tomato_Yellow_Leaf_Curl_Virus227/Tyl1171.jpg,Tomato_Yellow_Leaf_Curl_Virus227,0,7,7,Tomato_Yellow_Leaf_Curl_Virus227,Tomato_Yellow_Leaf_Curl_Virus227,True,0.99927217
data/raw/Mendeley/plantvillage/Preprocessed data/Tomato_Yellow_Leaf_Curl_Virus227/Tyl1178.jpg,Tomato_Yellow_Leaf_Curl_Virus227,0,7,7,Tomato_Yellow_Leaf_Curl_Virus227,Tomato_Yellow_Leaf_Curl_Virus227,True,0.9890364
data/raw/Mendeley/plantvillage/Preprocessed data/Tomato_Yellow_Leaf_Curl_Virus227/Tyl1179.jpg,Tomato_Yellow_Leaf_Curl_Virus227,0,7,7,Tomato_Yellow_Leaf_Curl_Virus227,Tomato_Yellow_Leaf_Curl_Virus227,True,0.99983585
data/raw/Mendeley/plantvillage/Preprocessed data/Tomato_Yellow_Leaf_Curl_Virus227/Tyl1185.jpg,Tomato_Yellow_Leaf_Curl_Virus227,0,7,7,Tomato_Yellow_Leaf_Curl_Virus227,Tomato_Yellow_Leaf_Curl_Virus227,True,0.9999975
data/raw/Mendeley/plantvillage/Preprocessed data/Tomato_Yellow_Leaf_Curl_Virus227/Tyl119.jpg,Tomato_Yellow_Leaf_Curl_Virus227,0,7,7,Tomato_Yellow_Leaf_Curl_Virus227,Tomato_Yellow_Leaf_Curl_Virus227,True,0.9999815
data/raw/Mendeley/plantvillage/Preprocessed data/Tomato_Yellow_Leaf_Curl_Virus227/Tyl1197.jpg,Tomato_Yellow_Leaf_Curl_Virus227,0,7,7,Tomato_Yellow_Leaf_Curl_Virus227,Tomato_Yellow_Leaf_Curl_Virus227,True,0.99999976
data/raw/Mendeley/plantvillage/Preprocessed data/Tomato_Yellow_Leaf_Curl_Virus227/Tyl12.jpg,Tomato_Yellow_Leaf_Curl_Virus227,0,7,7,Tomato_Yellow_Leaf_Curl_Virus227,Tomato_Yellow_Leaf_Curl_Virus227,True,0.99997985
data/raw/Mendeley/plantvillage/Preprocessed data/Tomato_Yellow_Leaf_Curl_Virus227/Tyl1209.jpg,Tomato_Yellow_Leaf_Curl_Virus227,0,7,7,Tomato_Yellow_Leaf_Curl_Virus227,Tomato_Yellow_Leaf_Curl_Virus227,True,0.9995641
data/raw/Mendeley/plantvillage/Preprocessed data/Tomato_Yellow_Leaf_Curl_Virus227/Tyl122.jpg,Tomato_Yellow_Leaf_Curl_Virus227,0,7,7,Tomato_Yellow_Leaf_Curl_Virus227,Tomato_Yellow_Leaf_Curl_Virus227,True,0.9998288
data/raw/Mendeley/plantvillage/Preprocessed data/Tomato_Yellow_Leaf_Curl_Virus227/Tyl1220.jpg,Tomato_Yellow_Leaf_Curl_Virus227,0,7,7,Tomato_Yellow_Leaf_Curl_Virus227,Tomato_Yellow_Leaf_Curl_Virus227,True,0.99953866
data/raw/Mendeley/plantvillage/Preprocessed data/Tomato_Yellow_Leaf_Curl_Virus227/Tyl1225.jpg,Tomato_Yellow_Leaf_Curl_Virus227,0,7,7,Tomato_Yellow_Leaf_Curl_Virus227,Tomato_Yellow_Leaf_Curl_Virus227,True,0.60870117
data/raw/Mendeley/plantvillage/Preprocessed data/Tomato_Yellow_Leaf_Curl_Virus227/Tyl1236.jpg,Tomato_Yellow_Leaf_Curl_Virus227,0,7,7,Tomato_Yellow_Leaf_Curl_Virus227,Tomato_Yellow_Leaf_Curl_Virus227,True,0.999982
data/raw/Mendeley/plantvillage/Preprocessed data/Tomato_Yellow_Leaf_Curl_Virus227/Tyl1243.jpg,Tomato_Yellow_Leaf_Curl_Virus227,0,7,7,Tomato_Yellow_Leaf_Curl_Virus227,Tomato_Yellow_Leaf_Curl_Virus227,True,0.99922955
data/raw/Mendeley/plantvillage/Preprocessed data/Tomato_Yellow_Leaf_Curl_Virus227/Tyl1244.jpg,Tomato_Yellow_Leaf_Curl_Virus227,0,7,7,Tomato_Yellow_Leaf_Curl_Virus227,Tomato_Yellow_Leaf_Curl_Virus227,True,0.999966
data/raw/Mendeley/plantvillage/Preprocessed data/Tomato_Yellow_Leaf_Curl_Virus227/Tyl1248.jpg,Tomato_Yellow_Leaf_Curl_Virus227,0,7,7,Tomato_Yellow_Leaf_Curl_Virus227,Tomato_Yellow_Leaf_Curl_Virus227,True,0.9999722
data/raw/Mendeley/plantvillage/Preprocessed data/Tomato_Yellow_Leaf_Curl_Virus227/Tyl125.jpg,Tomato_Yellow_Leaf_Curl_Virus227,0,7,7,Tomato_Yellow_Leaf_Curl_Virus227,Tomato_Yellow_Leaf_Curl_Virus227,True,0.9987914
data/raw/Mendeley/plantvillage/Preprocessed data/Tomato_Yellow_Leaf_Curl_Virus227/Tyl1257.jpg,Tomato_Yellow_Leaf_Curl_Virus227,0,7,7,Tomato_Yellow_Leaf_Curl_Virus227,Tomato_Yellow_Leaf_Curl_Virus227,True,0.9999831
data/raw/Mendeley/plantvillage/Preprocessed data/Tomato_Yellow_Leaf_Curl_Virus227/Tyl1259.jpg,Tomato_Yellow_Leaf_Curl_Virus227,0,7,7,Tomato_Yellow_Leaf_Curl_Virus227,Tomato_Yellow_Leaf_Curl_Virus227,True,0.9995259
data/raw/Mendeley/plantvillage/Preprocessed data/Tomato_Yellow_Leaf_Curl_Virus227/Tyl1267.jpg,Tomato_Yellow_Leaf_Curl_Virus227,0,7,7,Tomato_Yellow_Leaf_Curl_Virus227,Tomato_Yellow_Leaf_Curl_Virus227,True,0.99999964
data/raw/Mendeley/plantvillage/Preprocessed data/Tomato_Yellow_Leaf_Curl_Virus227/Tyl1280.jpg,Tomato_Yellow_Leaf_Curl_Virus227,0,7,7,Tomato_Yellow_Leaf_Curl_Virus227,Tomato_Yellow_Leaf_Curl_Virus227,True,0.9998878
data/raw/Mendeley/plantvillage/Preprocessed data/Tomato_Yellow_Leaf_Curl_Virus227/Tyl1287.jpg,Tomato_Yellow_Leaf_Curl_Virus227,0,7,7,Tomato_Yellow_Leaf_Curl_Virus227,Tomato_Yellow_Leaf_Curl_Virus227,True,0.9999621
data/raw/Mendeley/plantvillage/Preprocessed data/Tomato_Yellow_Leaf_Curl_Virus227/Tyl129.jpg,Tomato_Yellow_Leaf_Curl_Virus227,0,7,7,Tomato_Yellow_Leaf_Curl_Virus227,Tomato_Yellow_Leaf_Curl_Virus227,True,0.9999949
data/raw/Mendeley/plantvillage/Preprocessed data/Tomato_Yellow_Leaf_Curl_Virus227/Tyl1299.jpg,Tomato_Yellow_Leaf_Curl_Virus227,0,7,7,Tomato_Yellow_Leaf_Curl_Virus227,Tomato_Yellow_Leaf_Curl_Virus227,True,0.9999962
data/raw/Mendeley/plantvillage/Preprocessed data/Tomato_Yellow_Leaf_Curl_Virus227/Tyl130.jpg,Tomato_Yellow_Leaf_Curl_Virus227,0,7,7,Tomato_Yellow_Leaf_Curl_Virus227,Tomato_Yellow_Leaf_Curl_Virus227,True,0.98684883
data/raw/Mendeley/plantvillage/Preprocessed data/Tomato_Yellow_Leaf_Curl_Virus227/Tyl1300.jpg,Tomato_Yellow_Leaf_Curl_Virus227,0,7,7,Tomato_Yellow_Leaf_Curl_Virus227,Tomato_Yellow_Leaf_Curl_Virus227,True,0.99992037
data/raw/Mendeley/plantvillage/Preprocessed data/Tomato_Yellow_Leaf_Curl_Virus227/Tyl1302.jpg,Tomato_Yellow_Leaf_Curl_Virus227,0,7,7,Tomato_Yellow_Leaf_Curl_Virus227,Tomato_Yellow_Leaf_Curl_Virus227,True,0.99999356
data/raw/Mendeley/plantvillage/Preprocessed data/Tomato_Yellow_Leaf_Curl_Virus227/Tyl1309.jpg,Tomato_Yellow_Leaf_Curl_Virus227,0,7,7,Tomato_Yellow_Leaf_Curl_Virus227,Tomato_Yellow_Leaf_Curl_Virus227,True,0.9996164
data/raw/Mendeley/plantvillage/Preprocessed data/Tomato_Yellow_Leaf_Curl_Virus227/Tyl1311.jpg,Tomato_Yellow_Leaf_Curl_Virus227,0,7,7,Tomato_Yellow_Leaf_Curl_Virus227,Tomato_Yellow_Leaf_Curl_Virus227,True,0.99999714
data/raw/Mendeley/plantvillage/Preprocessed data/Tomato_Yellow_Leaf_Curl_Virus227/Tyl1314.jpg,Tomato_Yellow_Leaf_Curl_Virus227,0,7,7,Tomato_Yellow_Leaf_Curl_Virus227,Tomato_Yellow_Leaf_Curl_Virus227,True,0.9998317
data/raw/Mendeley/plantvillage/Preprocessed data/Tomato_Yellow_Leaf_Curl_Virus227/Tyl1315.jpg,Tomato_Yellow_Leaf_Curl_Virus227,0,7,7,Tomato_Yellow_Leaf_Curl_Virus227,Tomato_Yellow_Leaf_Curl_Virus227,True,0.9999958
data/raw/Mendeley/plantvillage/Preprocessed data/Tomato_Yellow_Leaf_Curl_Virus227/Tyl1318.jpg,Tomato_Yellow_Leaf_Curl_Virus227,0,7,7,Tomato_Yellow_Leaf_Curl_Virus227,Tomato_Yellow_Leaf_Curl_Virus227,True,0.9931371
data/raw/Mendeley/plantvillage/Preprocessed data/Tomato_Yellow_Leaf_Curl_Virus227/Tyl1319.jpg,Tomato_Yellow_Leaf_Curl_Virus227,0,7,7,Tomato_Yellow_Leaf_Curl_Virus227,Tomato_Yellow_Leaf_Curl_Virus227,True,0.99999595
data/raw/Mendeley/plantvillage/Preprocessed data/Tomato_Yellow_Leaf_Curl_Virus227/Tyl1333.jpg,Tomato_Yellow_Leaf_Curl_Virus227,0,7,7,Tomato_Yellow_Leaf_Curl_Virus227,Tomato_Yellow_Leaf_Curl_Virus227,True,0.999982
data/raw/Mendeley/plantvillage/Preprocessed data/Tomato_Yellow_Leaf_Curl_Virus227/Tyl1335.jpg,Tomato_Yellow_Leaf_Curl_Virus227,0,7,7,Tomato_Yellow_Leaf_Curl_Virus227,Tomato_Yellow_Leaf_Curl_Virus227,True,1.0
data/raw/Mendeley/plantvillage/Preprocessed data/Tomato_Yellow_Leaf_Curl_Virus227/Tyl1338.jpg,Tomato_Yellow_Leaf_Curl_Virus227,0,7,7,Tomato_Yellow_Leaf_Curl_Virus227,Tomato_Yellow_Leaf_Curl_Virus227,True,0.9999887
data/raw/Mendeley/plantvillage/Preprocessed data/Tomato_Yellow_Leaf_Curl_Virus227/Tyl134.jpg,Tomato_Yellow_Leaf_Curl_Virus227,0,7,7,Tomato_Yellow_Leaf_Curl_Virus227,Tomato_Yellow_Leaf_Curl_Virus227,True,0.9984224
data/raw/Mendeley/plantvillage/Preprocessed data/Tomato_Yellow_Leaf_Curl_Virus227/Tyl1342.jpg,Tomato_Yellow_Leaf_Curl_Virus227,0,7,7,Tomato_Yellow_Leaf_Curl_Virus227,Tomato_Yellow_Leaf_Curl_Virus227,True,0.9999995
data/raw/Mendeley/plantvillage/Preprocessed data/Tomato_Yellow_Leaf_Curl_Virus227/Tyl1346.jpg,Tomato_Yellow_Leaf_Curl_Virus227,0,7,7,Tomato_Yellow_Leaf_Curl_Virus227,Tomato_Yellow_Leaf_Curl_Virus227,True,1.0
data/raw/Mendeley/plantvillage/Preprocessed data/Tomato_Yellow_Leaf_Curl_Virus227/Tyl1354.jpg,Tomato_Yellow_Leaf_Curl_Virus227,0,7,7,Tomato_Yellow_Leaf_Curl_Virus227,Tomato_Yellow_Leaf_Curl_Virus227,True,0.9998714
data/raw/Mendeley/plantvillage/Preprocessed data/Tomato_Yellow_Leaf_Curl_Virus227/Tyl1366.jpg,Tomato_Yellow_Leaf_Curl_Virus227,0,7,7,Tomato_Yellow_Leaf_Curl_Virus227,Tomato_Yellow_Leaf_Curl_Virus227,True,0.9998735
data/raw/Mendeley/plantvillage/Preprocessed data/Tomato_Yellow_Leaf_Curl_Virus227/Tyl137.jpg,Tomato_Yellow_Leaf_Curl_Virus227,0,7,7,Tomato_Yellow_Leaf_Curl_Virus227,Tomato_Yellow_Leaf_Curl_Virus227,True,0.9999194
data/raw/Mendeley/plantvillage/Preprocessed data/Tomato_Yellow_Leaf_Curl_Virus227/Tyl1371.jpg,Tomato_Yellow_Leaf_Curl_Virus227,0,7,7,Tomato_Yellow_Leaf_Curl_Virus227,Tomato_Yellow_Leaf_Curl_Virus227,True,0.99868315
data/raw/Mendeley/plantvillage/Preprocessed data/Tomato_Yellow_Leaf_Curl_Virus227/Tyl1379.jpg,Tomato_Yellow_Leaf_Curl_Virus227,0,7,7,Tomato_Yellow_Leaf_Curl_Virus227,Tomato_Yellow_Leaf_Curl_Virus227,True,0.9999732
data/raw/Mendeley/plantvillage/Preprocessed data/Tomato_Yellow_Leaf_Curl_Virus227/Tyl1396.jpg,Tomato_Yellow_Leaf_Curl_Virus227,0,7,7,Tomato_Yellow_Leaf_Curl_Virus227,Tomato_Yellow_Leaf_Curl_Virus227,True,0.9999645
data/raw/Mendeley/plantvillage/Preprocessed data/Tomato_Yellow_Leaf_Curl_Virus227/Tyl1397.jpg,Tomato_Yellow_Leaf_Curl_Virus227,0,7,7,Tomato_Yellow_Leaf_Curl_Virus227,Tomato_Yellow_Leaf_Curl_Virus227,True,0.99999297
data/raw/Mendeley/plantvillage/Preprocessed data/Tomato_Yellow_Leaf_Curl_Virus227/Tyl1402.jpg,Tomato_Yellow_Leaf_Curl_Virus227,0,7,7,Tomato_Yellow_Leaf_Curl_Virus227,Tomato_Yellow_Leaf_Curl_Virus227,True,0.99983096
data/raw/Mendeley/plantvillage/Preprocessed data/Tomato_Yellow_Leaf_Curl_Virus227/Tyl1410.jpg,Tomato_Yellow_Leaf_Curl_Virus227,0,7,7,Tomato_Yellow_Leaf_Curl_Virus227,Tomato_Yellow_Leaf_Curl_Virus227,True,0.9997968
data/raw/Mendeley/plantvillage/Preprocessed data/Tomato_Yellow_Leaf_Curl_Virus227/Tyl1411.jpg,Tomato_Yellow_Leaf_Curl_Virus227,0,7,7,Tomato_Yellow_Leaf_Curl_Virus227,Tomato_Yellow_Leaf_Curl_Virus227,True,0.99999726
data/raw/Mendeley/plantvillage/Preprocessed data/Tomato_Yellow_Leaf_Curl_Virus227/Tyl1412.jpg,Tomato_Yellow_Leaf_Curl_Virus227,0,7,7,Tomato_Yellow_Leaf_Curl_Virus227,Tomato_Yellow_Leaf_Curl_Virus227,True,0.9999926
data/raw/Mendeley/plantvillage/Preprocessed data/Tomato_Yellow_Leaf_Curl_Virus227/Tyl1415.jpg,Tomato_Yellow_Leaf_Curl_Virus227,0,7,7,Tomato_Yellow_Leaf_Curl_Virus227,Tomato_Yellow_Leaf_Curl_Virus227,True,0.9999999
data/raw/Mendeley/plantvillage/Preprocessed data/Tomato_Yellow_Leaf_Curl_Virus227/Tyl1418.jpg,Tomato_Yellow_Leaf_Curl_Virus227,0,7,7,Tomato_Yellow_Leaf_Curl_Virus227,Tomato_Yellow_Leaf_Curl_Virus227,True,0.9999999
data/raw/Mendeley/plantvillage/Preprocessed data/Tomato_Yellow_Leaf_Curl_Virus227/Tyl142.jpg,Tomato_Yellow_Leaf_Curl_Virus227,0,7,7,Tomato_Yellow_Leaf_Curl_Virus227,Tomato_Yellow_Leaf_Curl_Virus227,True,0.9999659
data/raw/Mendeley/plantvillage/Preprocessed data/Tomato_Yellow_Leaf_Curl_Virus227/Tyl1422.jpg,Tomato_Yellow_Leaf_Curl_Virus227,0,7,7,Tomato_Yellow_Leaf_Curl_Virus227,Tomato_Yellow_Leaf_Curl_Virus227,True,0.99948466
data/raw/Mendeley/plantvillage/Preprocessed data/Tomato_Yellow_Leaf_Curl_Virus227/Tyl1427.jpg,Tomato_Yellow_Leaf_Curl_Virus227,0,7,7,Tomato_Yellow_Leaf_Curl_Virus227,Tomato_Yellow_Leaf_Curl_Virus227,True,0.9998596
data/raw/Mendeley/plantvillage/Preprocessed data/Tomato_Yellow_Leaf_Curl_Virus227/Tyl1429.jpg,Tomato_Yellow_Leaf_Curl_Virus227,0,7,7,Tomato_Yellow_Leaf_Curl_Virus227,Tomato_Yellow_Leaf_Curl_Virus227,True,0.9997074
data/raw/Mendeley/plantvillage/Preprocessed data/Tomato_Yellow_Leaf_Curl_Virus227/Tyl1430.jpg,Tomato_Yellow_Leaf_Curl_Virus227,0,7,7,Tomato_Yellow_Leaf_Curl_Virus227,Tomato_Yellow_Leaf_Curl_Virus227,True,0.99226135
data/raw/Mendeley/plantvillage/Preprocessed data/Tomato_Yellow_Leaf_Curl_Virus227/Tyl1436.jpg,Tomato_Yellow_Leaf_Curl_Virus227,0,7,7,Tomato_Yellow_Leaf_Curl_Virus227,Tomato_Yellow_Leaf_Curl_Virus227,True,0.9999932
data/raw/Mendeley/plantvillage/Preprocessed data/Tomato_Yellow_Leaf_Curl_Virus227/Tyl1439.jpg,Tomato_Yellow_Leaf_Curl_Virus227,0,7,7,Tomato_Yellow_Leaf_Curl_Virus227,Tomato_Yellow_Leaf_Curl_Virus227,True,0.9999933
data/raw/Mendeley/plantvillage/Preprocessed data/Tomato_Yellow_Leaf_Curl_Virus227/Tyl1440.jpg,Tomato_Yellow_Leaf_Curl_Virus227,0,7,7,Tomato_Yellow_Leaf_Curl_Virus227,Tomato_Yellow_Leaf_Curl_Virus227,True,0.9999535
data/raw/Mendeley/plantvillage/Preprocessed data/Tomato_Yellow_Leaf_Curl_Virus227/Tyl1446.jpg,Tomato_Yellow_Leaf_Curl_Virus227,0,7,7,Tomato_Yellow_Leaf_Curl_Virus227,Tomato_Yellow_Leaf_Curl_Virus227,True,0.9996836
data/raw/Mendeley/plantvillage/Preprocessed data/Tomato_Yellow_Leaf_Curl_Virus227/Tyl1456.jpg,Tomato_Yellow_Leaf_Curl_Virus227,0,7,7,Tomato_Yellow_Leaf_Curl_Virus227,Tomato_Yellow_Leaf_Curl_Virus227,True,0.99986875
data/raw/Mendeley/plantvillage/Preprocessed data/Tomato_Yellow_Leaf_Curl_Virus227/Tyl1467.jpg,Tomato_Yellow_Leaf_Curl_Virus227,0,7,7,Tomato_Yellow_Leaf_Curl_Virus227,Tomato_Yellow_Leaf_Curl_Virus227,True,0.9999993
data/raw/Mendeley/plantvillage/Preprocessed data/Tomato_Yellow_Leaf_Curl_Virus227/Tyl1468.jpg,Tomato_Yellow_Leaf_Curl_Virus227,0,7,7,Tomato_Yellow_Leaf_Curl_Virus227,Tomato_Yellow_Leaf_Curl_Virus227,True,0.9790236
data/raw/Mendeley/plantvillage/Preprocessed data/Tomato_Yellow_Leaf_Curl_Virus227/Tyl1469.jpg,Tomato_Yellow_Leaf_Curl_Virus227,0,7,7,Tomato_Yellow_Leaf_Curl_Virus227,Tomato_Yellow_Leaf_Curl_Virus227,True,0.9999981
data/raw/Mendeley/plantvillage/Preprocessed data/Tomato_Yellow_Leaf_Curl_Virus227/Tyl1478.jpg,Tomato_Yellow_Leaf_Curl_Virus227,0,7,7,Tomato_Yellow_Leaf_Curl_Virus227,Tomato_Yellow_Leaf_Curl_Virus227,True,0.99989796
data/raw/Mendeley/plantvillage/Preprocessed data/Tomato_Yellow_Leaf_Curl_Virus227/Tyl1486.jpg,Tomato_Yellow_Leaf_Curl_Virus227,0,7,7,Tomato_Yellow_Leaf_Curl_Virus227,Tomato_Yellow_Leaf_Curl_Virus227,True,0.999997
data/raw/Mendeley/plantvillage/Preprocessed data/Tomato_Yellow_Leaf_Curl_Virus227/Tyl1487.jpg,Tomato_Yellow_Leaf_Curl_Virus227,0,7,7,Tomato_Yellow_Leaf_Curl_Virus227,Tomato_Yellow_Leaf_Curl_Virus227,True,0.99573
data/raw/Mendeley/plantvillage/Preprocessed data/Tomato_Yellow_Leaf_Curl_Virus227/Tyl1498.jpg,Tomato_Yellow_Leaf_Curl_Virus227,0,7,7,Tomato_Yellow_Leaf_Curl_Virus227,Tomato_Yellow_Leaf_Curl_Virus227,True,0.93059886
data/raw/Mendeley/plantvillage/Preprocessed data/Tomato_Yellow_Leaf_Curl_Virus227/Tyl15.jpg,Tomato_Yellow_Leaf_Curl_Virus227,0,7,7,Tomato_Yellow_Leaf_Curl_Virus227,Tomato_Yellow_Leaf_Curl_Virus227,True,0.99999726
data/raw/Mendeley/plantvillage/Preprocessed data/Tomato_Yellow_Leaf_Curl_Virus227/Tyl1500.jpg,Tomato_Yellow_Leaf_Curl_Virus227,0,7,7,Tomato_Yellow_Leaf_Curl_Virus227,Tomato_Yellow_Leaf_Curl_Virus227,True,0.9999995
data/raw/Mendeley/plantvillage/Preprocessed data/Tomato_Yellow_Leaf_Curl_Virus227/Tyl1504.jpg,Tomato_Yellow_Leaf_Curl_Virus227,0,7,7,Tomato_Yellow_Leaf_Curl_Virus227,Tomato_Yellow_Leaf_Curl_Virus227,True,0.9999621
data/raw/Mendeley/plantvillage/Preprocessed data/Tomato_Yellow_Leaf_Curl_Virus227/Tyl1507.jpg,Tomato_Yellow_Leaf_Curl_Virus227,0,7,7,Tomato_Yellow_Leaf_Curl_Virus227,Tomato_Yellow_Leaf_Curl_Virus227,True,0.9999988
data/raw/Mendeley/plantvillage/Preprocessed data/Tomato_Yellow_Leaf_Curl_Virus227/Tyl151.jpg,Tomato_Yellow_Leaf_Curl_Virus227,0,7,7,Tomato_Yellow_Leaf_Curl_Virus227,Tomato_Yellow_Leaf_Curl_Virus227,True,0.99999964
data/raw/Mendeley/plantvillage/Preprocessed data/Tomato_Yellow_Leaf_Curl_Virus227/Tyl1512.jpg,Tomato_Yellow_Leaf_Curl_Virus227,0,7,7,Tomato_Yellow_Leaf_Curl_Virus227,Tomato_Yellow_Leaf_Curl_Virus227,True,0.99979895
data/raw/Mendeley/plantvillage/Preprocessed data/Tomato_Yellow_Leaf_Curl_Virus227/Tyl1519.jpg,Tomato_Yellow_Leaf_Curl_Virus227,0,7,7,Tomato_Yellow_Leaf_Curl_Virus227,Tomato_Yellow_Leaf_Curl_Virus227,True,0.99985886
data/raw/Mendeley/plantvillage/Preprocessed data/Tomato_Yellow_Leaf_Curl_Virus227/Tyl152.jpg,Tomato_Yellow_Leaf_Curl_Virus227,0,7,7,Tomato_Yellow_Leaf_Curl_Virus227,Tomato_Yellow_Leaf_Curl_Virus227,True,0.99996626
data/raw/Mendeley/plantvillage/Preprocessed data/Tomato_Yellow_Leaf_Curl_Virus227/Tyl1521.jpg,Tomato_Yellow_Leaf_Curl_Virus227,0,7,7,Tomato_Yellow_Leaf_Curl_Virus227,Tomato_Yellow_Leaf_Curl_Virus227,True,0.9999995
data/raw/Mendeley/plantvillage/Preprocessed data/Tomato_Yellow_Leaf_Curl_Virus227/Tyl1530.jpg,Tomato_Yellow_Leaf_Curl_Virus227,0,7,7,Tomato_Yellow_Leaf_Curl_Virus227,Tomato_Yellow_Leaf_Curl_Virus227,True,1.0
data/raw/Mendeley/plantvillage/Preprocessed data/Tomato_Yellow_Leaf_Curl_Virus227/Tyl1538.jpg,Tomato_Yellow_Leaf_Curl_Virus227,0,7,7,Tomato_Yellow_Leaf_Curl_Virus227,Tomato_Yellow_Leaf_Curl_Virus227,True,0.9999987
data/raw/Mendeley/plantvillage/Preprocessed data/Tomato_Yellow_Leaf_Curl_Virus227/Tyl1541.jpg,Tomato_Yellow_Leaf_Curl_Virus227,0,7,7,Tomato_Yellow_Leaf_Curl_Virus227,Tomato_Yellow_Leaf_Curl_Virus227,True,0.99985814
data/raw/Mendeley/plantvillage/Preprocessed data/Tomato_Yellow_Leaf_Curl_Virus227/Tyl1546.jpg,Tomato_Yellow_Leaf_Curl_Virus227,0,7,7,Tomato_Yellow_Leaf_Curl_Virus227,Tomato_Yellow_Leaf_Curl_Virus227,True,0.999678
data/raw/Mendeley/plantvillage/Preprocessed data/Tomato_Yellow_Leaf_Curl_Virus227/Tyl1550.jpg,Tomato_Yellow_Leaf_Curl_Virus227,0,7,7,Tomato_Yellow_Leaf_Curl_Virus227,Tomato_Yellow_Leaf_Curl_Virus227,True,0.9998971
data/raw/Mendeley/plantvillage/Preprocessed data/Tomato_Yellow_Leaf_Curl_Virus227/Tyl1551.jpg,Tomato_Yellow_Leaf_Curl_Virus227,0,7,7,Tomato_Yellow_Leaf_Curl_Virus227,Tomato_Yellow_Leaf_Curl_Virus227,True,0.9999275
data/raw/Mendeley/plantvillage/Preprocessed data/Tomato_Yellow_Leaf_Curl_Virus227/Tyl1552.jpg,Tomato_Yellow_Leaf_Curl_Virus227,0,7,7,Tomato_Yellow_Leaf_Curl_Virus227,Tomato_Yellow_Leaf_Curl_Virus227,True,0.99729484
data/raw/Mendeley/plantvillage/Preprocessed data/Tomato_Yellow_Leaf_Curl_Virus227/Tyl156.jpg,Tomato_Yellow_Leaf_Curl_Virus227,0,7,7,Tomato_Yellow_Leaf_Curl_Virus227,Tomato_Yellow_Leaf_Curl_Virus227,True,0.9999845
data/raw/Mendeley/plantvillage/Preprocessed data/Tomato_Yellow_Leaf_Curl_Virus227/Tyl1564.jpg,Tomato_Yellow_Leaf_Curl_Virus227,0,7,7,Tomato_Yellow_Leaf_Curl_Virus227,Tomato_Yellow_Leaf_Curl_Virus227,True,0.9998789
data/raw/Mendeley/plantvillage/Preprocessed data/Tomato_Yellow_Leaf_Curl_Virus227/Tyl1566.jpg,Tomato_Yellow_Leaf_Curl_Virus227,0,7,7,Tomato_Yellow_Leaf_Curl_Virus227,Tomato_Yellow_Leaf_Curl_Virus227,True,0.99999523
data/raw/Mendeley/plantvillage/Preprocessed data/Tomato_Yellow_Leaf_Curl_Virus227/Tyl1578.jpg,Tomato_Yellow_Leaf_Curl_Virus227,0,7,7,Tomato_Yellow_Leaf_Curl_Virus227,Tomato_Yellow_Leaf_Curl_Virus227,True,0.9992343
data/raw/Mendeley/plantvillage/Preprocessed data/Tomato_Yellow_Leaf_Curl_Virus227/Tyl1582.jpg,Tomato_Yellow_Leaf_Curl_Virus227,0,7,7,Tomato_Yellow_Leaf_Curl_Virus227,Tomato_Yellow_Leaf_Curl_Virus227,True,0.99998415
data/raw/Mendeley/plantvillage/Preprocessed data/Tomato_Yellow_Leaf_Curl_Virus227/Tyl1584.jpg,Tomato_Yellow_Leaf_Curl_Virus227,0,7,7,Tomato_Yellow_Leaf_Curl_Virus227,Tomato_Yellow_Leaf_Curl_Virus227,True,0.99889934
data/raw/Mendeley/plantvillage/Preprocessed data/Tomato_Yellow_Leaf_Curl_Virus227/Tyl1591.jpg,Tomato_Yellow_Leaf_Curl_Virus227,0,7,7,Tomato_Yellow_Leaf_Curl_Virus227,Tomato_Yellow_Leaf_Curl_Virus227,True,0.9999902
data/raw/Mendeley/plantvillage/Preprocessed data/Tomato_Yellow_Leaf_Curl_Virus227/Tyl1593.jpg,Tomato_Yellow_Leaf_Curl_Virus227,0,7,7,Tomato_Yellow_Leaf_Curl_Virus227,Tomato_Yellow_Leaf_Curl_Virus227,True,0.99995565
data/raw/Mendeley/plantvillage/Preprocessed data/Tomato_Yellow_Leaf_Curl_Virus227/Tyl1597.jpg,Tomato_Yellow_Leaf_Curl_Virus227,0,7,7,Tomato_Yellow_Leaf_Curl_Virus227,Tomato_Yellow_Leaf_Curl_Virus227,True,0.99999845
data/raw/Mendeley/plantvillage/Preprocessed data/Tomato_Yellow_Leaf_Curl_Virus227/Tyl1607.jpg,Tomato_Yellow_Leaf_Curl_Virus227,0,7,7,Tomato_Yellow_Leaf_Curl_Virus227,Tomato_Yellow_Leaf_Curl_Virus227,True,0.9999958
data/raw/Mendeley/plantvillage/Preprocessed data/Tomato_Yellow_Leaf_Curl_Virus227/Tyl1608.jpg,Tomato_Yellow_Leaf_Curl_Virus227,0,7,7,Tomato_Yellow_Leaf_Curl_Virus227,Tomato_Yellow_Leaf_Curl_Virus227,True,0.9999659
data/raw/Mendeley/plantvillage/Preprocessed data/Tomato_Yellow_Leaf_Curl_Virus227/Tyl1609.jpg,Tomato_Yellow_Leaf_Curl_Virus227,0,7,7,Tomato_Yellow_Leaf_Curl_Virus227,Tomato_Yellow_Leaf_Curl_Virus227,True,0.99999833
data/raw/Mendeley/plantvillage/Preprocessed data/Tomato_Yellow_Leaf_Curl_Virus227/Tyl1611.jpg,Tomato_Yellow_Leaf_Curl_Virus227,0,7,7,Tomato_Yellow_Leaf_Curl_Virus227,Tomato_Yellow_Leaf_Curl_Virus227,True,0.9998191
data/raw/Mendeley/plantvillage/Preprocessed data/Tomato_Yellow_Leaf_Curl_Virus227/Tyl1616.jpg,Tomato_Yellow_Leaf_Curl_Virus227,0,7,7,Tomato_Yellow_Leaf_Curl_Virus227,Tomato_Yellow_Leaf_Curl_Virus227,True,0.9998653
data/raw/Mendeley/plantvillage/Preprocessed data/Tomato_Yellow_Leaf_Curl_Virus227/Tyl162.jpg,Tomato_Yellow_Leaf_Curl_Virus227,0,7,7,Tomato_Yellow_Leaf_Curl_Virus227,Tomato_Yellow_Leaf_Curl_Virus227,True,0.99916613
data/raw/Mendeley/plantvillage/Preprocessed data/Tomato_Yellow_Leaf_Curl_Virus227/Tyl1625.jpg,Tomato_Yellow_Leaf_Curl_Virus227,0,7,7,Tomato_Yellow_Leaf_Curl_Virus227,Tomato_Yellow_Leaf_Curl_Virus227,True,0.9999893
data/raw/Mendeley/plantvillage/Preprocessed data/Tomato_Yellow_Leaf_Curl_Virus227/Tyl1626.jpg,Tomato_Yellow_Leaf_Curl_Virus227,0,7,7,Tomato_Yellow_Leaf_Curl_Virus227,Tomato_Yellow_Leaf_Curl_Virus227,True,0.99981314
data/raw/Mendeley/plantvillage/Preprocessed data/Tomato_Yellow_Leaf_Curl_Virus227/Tyl1638.jpg,Tomato_Yellow_Leaf_Curl_Virus227,0,7,7,Tomato_Yellow_Leaf_Curl_Virus227,Tomato_Yellow_Leaf_Curl_Virus227,True,0.9998
data/raw/Mendeley/plantvillage/Preprocessed data/Tomato_Yellow_Leaf_Curl_Virus227/Tyl1646.jpg,Tomato_Yellow_Leaf_Curl_Virus227,0,7,7,Tomato_Yellow_Leaf_Curl_Virus227,Tomato_Yellow_Leaf_Curl_Virus227,True,0.99980205
data/raw/Mendeley/plantvillage/Preprocessed data/Tomato_Yellow_Leaf_Curl_Virus227/Tyl1647.jpg,Tomato_Yellow_Leaf_Curl_Virus227,0,7,7,Tomato_Yellow_Leaf_Curl_Virus227,Tomato_Yellow_Leaf_Curl_Virus227,True,0.99999416
data/raw/Mendeley/plantvillage/Preprocessed data/Tomato_Yellow_Leaf_Curl_Virus227/Tyl1648.jpg,Tomato_Yellow_Leaf_Curl_Virus227,0,7,7,Tomato_Yellow_Leaf_Curl_Virus227,Tomato_Yellow_Leaf_Curl_Virus227,True,0.9999982
data/raw/Mendeley/plantvillage/Preprocessed data/Tomato_Yellow_Leaf_Curl_Virus227/Tyl1649.jpg,Tomato_Yellow_Leaf_Curl_Virus227,0,7,7,Tomato_Yellow_Leaf_Curl_Virus227,Tomato_Yellow_Leaf_Curl_Virus227,True,0.99998736
data/raw/Mendeley/plantvillage/Preprocessed data/Tomato_Yellow_Leaf_Curl_Virus227/Tyl1665.jpg,Tomato_Yellow_Leaf_Curl_Virus227,0,7,7,Tomato_Yellow_Leaf_Curl_Virus227,Tomato_Yellow_Leaf_Curl_Virus227,True,0.9999552
data/raw/Mendeley/plantvillage/Preprocessed data/Tomato_Yellow_Leaf_Curl_Virus227/Tyl1669.jpg,Tomato_Yellow_Leaf_Curl_Virus227,0,7,7,Tomato_Yellow_Leaf_Curl_Virus227,Tomato_Yellow_Leaf_Curl_Virus227,True,0.9998623
data/raw/Mendeley/plantvillage/Preprocessed data/Tomato_Yellow_Leaf_Curl_Virus227/Tyl1677.jpg,Tomato_Yellow_Leaf_Curl_Virus227,0,7,7,Tomato_Yellow_Leaf_Curl_Virus227,Tomato_Yellow_Leaf_Curl_Virus227,True,0.9999999
data/raw/Mendeley/plantvillage/Preprocessed data/Tomato_Yellow_Leaf_Curl_Virus227/Tyl1681.jpg,Tomato_Yellow_Leaf_Curl_Virus227,0,7,7,Tomato_Yellow_Leaf_Curl_Virus227,Tomato_Yellow_Leaf_Curl_Virus227,True,0.9998092
data/raw/Mendeley/plantvillage/Preprocessed data/Tomato_Yellow_Leaf_Curl_Virus227/Tyl169.jpg,Tomato_Yellow_Leaf_Curl_Virus227,0,7,7,Tomato_Yellow_Leaf_Curl_Virus227,Tomato_Yellow_Leaf_Curl_Virus227,True,0.9999887
data/raw/Mendeley/plantvillage/Preprocessed data/Tomato_Yellow_Leaf_Curl_Virus227/Tyl1691.jpg,Tomato_Yellow_Leaf_Curl_Virus227,0,7,7,Tomato_Yellow_Leaf_Curl_Virus227,Tomato_Yellow_Leaf_Curl_Virus227,True,0.9999999
data/raw/Mendeley/plantvillage/Preprocessed data/Tomato_Yellow_Leaf_Curl_Virus227/Tyl1693.jpg,Tomato_Yellow_Leaf_Curl_Virus227,0,7,7,Tomato_Yellow_Leaf_Curl_Virus227,Tomato_Yellow_Leaf_Curl_Virus227,True,0.9999982
data/raw/Mendeley/plantvillage/Preprocessed data/Tomato_Yellow_Leaf_Curl_Virus227/Tyl1695.jpg,Tomato_Yellow_Leaf_Curl_Virus227,0,7,7,Tomato_Yellow_Leaf_Curl_Virus227,Tomato_Yellow_Leaf_Curl_Virus227,True,0.99998856
data/raw/Mendeley/plantvillage/Preprocessed data/Tomato_Yellow_Leaf_Curl_Virus227/Tyl1704.jpg,Tomato_Yellow_Leaf_Curl_Virus227,0,7,7,Tomato_Yellow_Leaf_Curl_Virus227,Tomato_Yellow_Leaf_Curl_Virus227,True,0.99999356
data/raw/Mendeley/plantvillage/Preprocessed data/Tomato_Yellow_Leaf_Curl_Virus227/Tyl1714.jpg,Tomato_Yellow_Leaf_Curl_Virus227,0,7,7,Tomato_Yellow_Leaf_Curl_Virus227,Tomato_Yellow_Leaf_Curl_Virus227,True,0.9989485
data/raw/Mendeley/plantvillage/Preprocessed data/Tomato_Yellow_Leaf_Curl_Virus227/Tyl1722.jpg,Tomato_Yellow_Leaf_Curl_Virus227,0,7,7,Tomato_Yellow_Leaf_Curl_Virus227,Tomato_Yellow_Leaf_Curl_Virus227,True,0.999997
data/raw/Mendeley/plantvillage/Preprocessed data/Tomato_Yellow_Leaf_Curl_Virus227/Tyl1723.jpg,Tomato_Yellow_Leaf_Curl_Virus227,0,7,7,Tomato_Yellow_Leaf_Curl_Virus227,Tomato_Yellow_Leaf_Curl_Virus227,True,0.9999931
data/raw/Mendeley/plantvillage/Preprocessed data/Tomato_Yellow_Leaf_Curl_Virus227/Tyl1725.jpg,Tomato_Yellow_Leaf_Curl_Virus227,0,7,7,Tomato_Yellow_Leaf_Curl_Virus227,Tomato_Yellow_Leaf_Curl_Virus227,True,0.9998099
data/raw/Mendeley/plantvillage/Preprocessed data/Tomato_Yellow_Leaf_Curl_Virus227/Tyl1728.jpg,Tomato_Yellow_Leaf_Curl_Virus227,0,7,7,Tomato_Yellow_Leaf_Curl_Virus227,Tomato_Yellow_Leaf_Curl_Virus227,True,0.99990726
data/raw/Mendeley/plantvillage/Preprocessed data/Tomato_Yellow_Leaf_Curl_Virus227/Tyl173.jpg,Tomato_Yellow_Leaf_Curl_Virus227,0,7,7,Tomato_Yellow_Leaf_Curl_Virus227,Tomato_Yellow_Leaf_Curl_Virus227,True,0.9999937
data/raw/Mendeley/plantvillage/Preprocessed data/Tomato_Yellow_Leaf_Curl_Virus227/Tyl1739.jpg,Tomato_Yellow_Leaf_Curl_Virus227,0,7,7,Tomato_Yellow_Leaf_Curl_Virus227,Tomato_Yellow_Leaf_Curl_Virus227,True,0.9999045
data/raw/Mendeley/plantvillage/Preprocessed data/Tomato_Yellow_Leaf_Curl_Virus227/Tyl1742.jpg,Tomato_Yellow_Leaf_Curl_Virus227,0,7,7,Tomato_Yellow_Leaf_Curl_Virus227,Tomato_Yellow_Leaf_Curl_Virus227,True,0.9999963
data/raw/Mendeley/plantvillage/Preprocessed data/Tomato_Yellow_Leaf_Curl_Virus227/Tyl175.jpg,Tomato_Yellow_Leaf_Curl_Virus227,0,7,7,Tomato_Yellow_Leaf_Curl_Virus227,Tomato_Yellow_Leaf_Curl_Virus227,True,0.9998012
data/raw/Mendeley/plantvillage/Preprocessed data/Tomato_Yellow_Leaf_Curl_Virus227/Tyl1750.jpg,Tomato_Yellow_Leaf_Curl_Virus227,0,7,7,Tomato_Yellow_Leaf_Curl_Virus227,Tomato_Yellow_Leaf_Curl_Virus227,True,0.9999877
data/raw/Mendeley/plantvillage/Preprocessed data/Tomato_Yellow_Leaf_Curl_Virus227/Tyl1751.jpg,Tomato_Yellow_Leaf_Curl_Virus227,0,7,7,Tomato_Yellow_Leaf_Curl_Virus227,Tomato_Yellow_Leaf_Curl_Virus227,True,0.9999949
data/raw/Mendeley/plantvillage/Preprocessed data/Tomato_Yellow_Leaf_Curl_Virus227/Tyl1756.jpg,Tomato_Yellow_Leaf_Curl_Virus227,0,7,7,Tomato_Yellow_Leaf_Curl_Virus227,Tomato_Yellow_Leaf_Curl_Virus227,True,0.99997044
data/raw/Mendeley/plantvillage/Preprocessed data/Tomato_Yellow_Leaf_Curl_Virus227/Tyl1761.jpg,Tomato_Yellow_Leaf_Curl_Virus227,0,7,7,Tomato_Yellow_Leaf_Curl_Virus227,Tomato_Yellow_Leaf_Curl_Virus227,True,0.999992
data/raw/Mendeley/plantvillage/Preprocessed data/Tomato_Yellow_Leaf_Curl_Virus227/Tyl1766.jpg,Tomato_Yellow_Leaf_Curl_Virus227,0,7,7,Tomato_Yellow_Leaf_Curl_Virus227,Tomato_Yellow_Leaf_Curl_Virus227,True,0.99956685
data/raw/Mendeley/plantvillage/Preprocessed data/Tomato_Yellow_Leaf_Curl_Virus227/Tyl1777.jpg,Tomato_Yellow_Leaf_Curl_Virus227,0,7,7,Tomato_Yellow_Leaf_Curl_Virus227,Tomato_Yellow_Leaf_Curl_Virus227,True,0.99999607
data/raw/Mendeley/plantvillage/Preprocessed data/Tomato_Yellow_Leaf_Curl_Virus227/Tyl1779.jpg,Tomato_Yellow_Leaf_Curl_Virus227,0,7,7,Tomato_Yellow_Leaf_Curl_Virus227,Tomato_Yellow_Leaf_Curl_Virus227,True,0.999959
data/raw/Mendeley/plantvillage/Preprocessed data/Tomato_Yellow_Leaf_Curl_Virus227/Tyl1781.jpg,Tomato_Yellow_Leaf_Curl_Virus227,0,7,7,Tomato_Yellow_Leaf_Curl_Virus227,Tomato_Yellow_Leaf_Curl_Virus227,True,0.9997093
data/raw/Mendeley/plantvillage/Preprocessed data/Tomato_Yellow_Leaf_Curl_Virus227/Tyl1785.jpg,Tomato_Yellow_Leaf_Curl_Virus227,0,7,7,Tomato_Yellow_Leaf_Curl_Virus227,Tomato_Yellow_Leaf_Curl_Virus227,True,0.9998963
data/raw/Mendeley/plantvillage/Preprocessed data/Tomato_Yellow_Leaf_Curl_Virus227/Tyl179.jpg,Tomato_Yellow_Leaf_Curl_Virus227,0,7,7,Tomato_Yellow_Leaf_Curl_Virus227,Tomato_Yellow_Leaf_Curl_Virus227,True,0.999985
data/raw/Mendeley/plantvillage/Preprocessed data/Tomato_Yellow_Leaf_Curl_Virus227/Tyl1796.jpg,Tomato_Yellow_Leaf_Curl_Virus227,0,7,7,Tomato_Yellow_Leaf_Curl_Virus227,Tomato_Yellow_Leaf_Curl_Virus227,True,0.99999464
data/raw/Mendeley/plantvillage/Preprocessed data/Tomato_Yellow_Leaf_Curl_Virus227/Tyl1800.jpg,Tomato_Yellow_Leaf_Curl_Virus227,0,7,7,Tomato_Yellow_Leaf_Curl_Virus227,Tomato_Yellow_Leaf_Curl_Virus227,True,0.9999943
data/raw/Mendeley/plantvillage/Preprocessed data/Tomato_Yellow_Leaf_Curl_Virus227/Tyl1803.jpg,Tomato_Yellow_Leaf_Curl_Virus227,0,7,7,Tomato_Yellow_Leaf_Curl_Virus227,Tomato_Yellow_Leaf_Curl_Virus227,True,0.9999976
data/raw/Mendeley/plantvillage/Preprocessed data/Tomato_Yellow_Leaf_Curl_Virus227/Tyl1808.jpg,Tomato_Yellow_Leaf_Curl_Virus227,0,7,7,Tomato_Yellow_Leaf_Curl_Virus227,Tomato_Yellow_Leaf_Curl_Virus227,True,0.9995185
data/raw/Mendeley/plantvillage/Preprocessed data/Tomato_Yellow_Leaf_Curl_Virus227/Tyl1813.jpg,Tomato_Yellow_Leaf_Curl_Virus227,0,7,7,Tomato_Yellow_Leaf_Curl_Virus227,Tomato_Yellow_Leaf_Curl_Virus227,True,0.99999547
data/raw/Mendeley/plantvillage/Preprocessed data/Tomato_Yellow_Leaf_Curl_Virus227/Tyl1820.jpg,Tomato_Yellow_Leaf_Curl_Virus227,0,7,7,Tomato_Yellow_Leaf_Curl_Virus227,Tomato_Yellow_Leaf_Curl_Virus227,True,0.9858644
data/raw/Mendeley/plantvillage/Preprocessed data/Tomato_Yellow_Leaf_Curl_Virus227/Tyl1831.jpg,Tomato_Yellow_Leaf_Curl_Virus227,0,7,7,Tomato_Yellow_Leaf_Curl_Virus227,Tomato_Yellow_Leaf_Curl_Virus227,True,0.9969915
data/raw/Mendeley/plantvillage/Preprocessed data/Tomato_Yellow_Leaf_Curl_Virus227/Tyl1838.jpg,Tomato_Yellow_Leaf_Curl_Virus227,0,7,7,Tomato_Yellow_Leaf_Curl_Virus227,Tomato_Yellow_Leaf_Curl_Virus227,True,0.9999999
data/raw/Mendeley/plantvillage/Preprocessed data/Tomato_Yellow_Leaf_Curl_Virus227/Tyl1839.jpg,Tomato_Yellow_Leaf_Curl_Virus227,0,7,7,Tomato_Yellow_Leaf_Curl_Virus227,Tomato_Yellow_Leaf_Curl_Virus227,True,0.99989176
data/raw/Mendeley/plantvillage/Preprocessed data/Tomato_Yellow_Leaf_Curl_Virus227/Tyl1840.jpg,Tomato_Yellow_Leaf_Curl_Virus227,0,7,7,Tomato_Yellow_Leaf_Curl_Virus227,Tomato_Yellow_Leaf_Curl_Virus227,True,0.9999324
data/raw/Mendeley/plantvillage/Preprocessed data/Tomato_Yellow_Leaf_Curl_Virus227/Tyl1842.jpg,Tomato_Yellow_Leaf_Curl_Virus227,0,7,7,Tomato_Yellow_Leaf_Curl_Virus227,Tomato_Yellow_Leaf_Curl_Virus227,True,0.99999964
data/raw/Mendeley/plantvillage/Preprocessed data/Tomato_Yellow_Leaf_Curl_Virus227/Tyl185.jpg,Tomato_Yellow_Leaf_Curl_Virus227,0,7,7,Tomato_Yellow_Leaf_Curl_Virus227,Tomato_Yellow_Leaf_Curl_Virus227,True,0.99972874
data/raw/Mendeley/plantvillage/Preprocessed data/Tomato_Yellow_Leaf_Curl_Virus227/Tyl1850.jpg,Tomato_Yellow_Leaf_Curl_Virus227,0,7,7,Tomato_Yellow_Leaf_Curl_Virus227,Tomato_Yellow_Leaf_Curl_Virus227,True,0.9999869
data/raw/Mendeley/plantvillage/Preprocessed data/Tomato_Yellow_Leaf_Curl_Virus227/Tyl1852.jpg,Tomato_Yellow_Leaf_Curl_Virus227,0,7,7,Tomato_Yellow_Leaf_Curl_Virus227,Tomato_Yellow_Leaf_Curl_Virus227,True,0.9999404
data/raw/Mendeley/plantvillage/Preprocessed data/Tomato_Yellow_Leaf_Curl_Virus227/Tyl1855.jpg,Tomato_Yellow_Leaf_Curl_Virus227,0,7,7,Tomato_Yellow_Leaf_Curl_Virus227,Tomato_Yellow_Leaf_Curl_Virus227,True,0.99989843
data/raw/Mendeley/plantvillage/Preprocessed data/Tomato_Yellow_Leaf_Curl_Virus227/Tyl1865.jpg,Tomato_Yellow_Leaf_Curl_Virus227,0,7,7,Tomato_Yellow_Leaf_Curl_Virus227,Tomato_Yellow_Leaf_Curl_Virus227,True,0.99999285
data/raw/Mendeley/plantvillage/Preprocessed data/Tomato_Yellow_Leaf_Curl_Virus227/Tyl1866.jpg,Tomato_Yellow_Leaf_Curl_Virus227,0,7,7,Tomato_Yellow_Leaf_Curl_Virus227,Tomato_Yellow_Leaf_Curl_Virus227,True,0.9999938
data/raw/Mendeley/plantvillage/Preprocessed data/Tomato_Yellow_Leaf_Curl_Virus227/Tyl1867.jpg,Tomato_Yellow_Leaf_Curl_Virus227,0,7,7,Tomato_Yellow_Leaf_Curl_Virus227,Tomato_Yellow_Leaf_Curl_Virus227,True,0.99985254
data/raw/Mendeley/plantvillage/Preprocessed data/Tomato_Yellow_Leaf_Curl_Virus227/Tyl1869.jpg,Tomato_Yellow_Leaf_Curl_Virus227,0,7,7,Tomato_Yellow_Leaf_Curl_Virus227,Tomato_Yellow_Leaf_Curl_Virus227,True,0.99999714
data/raw/Mendeley/plantvillage/Preprocessed data/Tomato_Yellow_Leaf_Curl_Virus227/Tyl1870.jpg,Tomato_Yellow_Leaf_Curl_Virus227,0,7,7,Tomato_Yellow_Leaf_Curl_Virus227,Tomato_Yellow_Leaf_Curl_Virus227,True,0.99952865
data/raw/Mendeley/plantvillage/Preprocessed data/Tomato_Yellow_Leaf_Curl_Virus227/Tyl1880.jpg,Tomato_Yellow_Leaf_Curl_Virus227,0,7,7,Tomato_Yellow_Leaf_Curl_Virus227,Tomato_Yellow_Leaf_Curl_Virus227,True,0.9990294
data/raw/Mendeley/plantvillage/Preprocessed data/Tomato_Yellow_Leaf_Curl_Virus227/Tyl1891.jpg,Tomato_Yellow_Leaf_Curl_Virus227,0,7,7,Tomato_Yellow_Leaf_Curl_Virus227,Tomato_Yellow_Leaf_Curl_Virus227,True,0.9848364
data/raw/Mendeley/plantvillage/Preprocessed data/Tomato_Yellow_Leaf_Curl_Virus227/Tyl190.jpg,Tomato_Yellow_Leaf_Curl_Virus227,0,7,7,Tomato_Yellow_Leaf_Curl_Virus227,Tomato_Yellow_Leaf_Curl_Virus227,True,0.995717
data/raw/Mendeley/plantvillage/Preprocessed data/Tomato_Yellow_Leaf_Curl_Virus227/Tyl1903.jpg,Tomato_Yellow_Leaf_Curl_Virus227,0,7,7,Tomato_Yellow_Leaf_Curl_Virus227,Tomato_Yellow_Leaf_Curl_Virus227,True,0.9999995
data/raw/Mendeley/plantvillage/Preprocessed data/Tomato_Yellow_Leaf_Curl_Virus227/Tyl1904.jpg,Tomato_Yellow_Leaf_Curl_Virus227,0,7,7,Tomato_Yellow_Leaf_Curl_Virus227,Tomato_Yellow_Leaf_Curl_Virus227,True,0.9996655
data/raw/Mendeley/plantvillage/Preprocessed data/Tomato_Yellow_Leaf_Curl_Virus227/Tyl1905.jpg,Tomato_Yellow_Leaf_Curl_Virus227,0,7,7,Tomato_Yellow_Leaf_Curl_Virus227,Tomato_Yellow_Leaf_Curl_Virus227,True,0.99991167
data/raw/Mendeley/plantvillage/Preprocessed data/Tomato_Yellow_Leaf_Curl_Virus227/Tyl1908.jpg,Tomato_Yellow_Leaf_Curl_Virus227,0,7,7,Tomato_Yellow_Leaf_Curl_Virus227,Tomato_Yellow_Leaf_Curl_Virus227,True,0.999655
data/raw/Mendeley/plantvillage/Preprocessed data/Tomato_Yellow_Leaf_Curl_Virus227/Tyl1909.jpg,Tomato_Yellow_Leaf_Curl_Virus227,0,7,7,Tomato_Yellow_Leaf_Curl_Virus227,Tomato_Yellow_Leaf_Curl_Virus227,True,0.9999964
data/raw/Mendeley/plantvillage/Preprocessed data/Tomato_Yellow_Leaf_Curl_Virus227/Tyl1910.jpg,Tomato_Yellow_Leaf_Curl_Virus227,0,7,7,Tomato_Yellow_Leaf_Curl_Virus227,Tomato_Yellow_Leaf_Curl_Virus227,True,0.9998547
data/raw/Mendeley/plantvillage/Preprocessed data/Tomato_Yellow_Leaf_Curl_Virus227/Tyl1917.jpg,Tomato_Yellow_Leaf_Curl_Virus227,0,7,7,Tomato_Yellow_Leaf_Curl_Virus227,Tomato_Yellow_Leaf_Curl_Virus227,True,0.9999684
data/raw/Mendeley/plantvillage/Preprocessed data/Tomato_Yellow_Leaf_Curl_Virus227/Tyl1919.jpg,Tomato_Yellow_Leaf_Curl_Virus227,0,7,7,Tomato_Yellow_Leaf_Curl_Virus227,Tomato_Yellow_Leaf_Curl_Virus227,True,0.99988997
data/raw/Mendeley/plantvillage/Preprocessed data/Tomato_Yellow_Leaf_Curl_Virus227/Tyl192.jpg,Tomato_Yellow_Leaf_Curl_Virus227,0,7,7,Tomato_Yellow_Leaf_Curl_Virus227,Tomato_Yellow_Leaf_Curl_Virus227,True,0.9999944
data/raw/Mendeley/plantvillage/Preprocessed data/Tomato_Yellow_Leaf_Curl_Virus227/Tyl1928.jpg,Tomato_Yellow_Leaf_Curl_Virus227,0,7,7,Tomato_Yellow_Leaf_Curl_Virus227,Tomato_Yellow_Leaf_Curl_Virus227,True,0.99920326
data/raw/Mendeley/plantvillage/Preprocessed data/Tomato_Yellow_Leaf_Curl_Virus227/Tyl1931.jpg,Tomato_Yellow_Leaf_Curl_Virus227,0,7,7,Tomato_Yellow_Leaf_Curl_Virus227,Tomato_Yellow_Leaf_Curl_Virus227,True,0.99997497
data/raw/Mendeley/plantvillage/Preprocessed data/Tomato_Yellow_Leaf_Curl_Virus227/Tyl1941.jpg,Tomato_Yellow_Leaf_Curl_Virus227,0,7,7,Tomato_Yellow_Leaf_Curl_Virus227,Tomato_Yellow_Leaf_Curl_Virus227,True,0.99999726
data/raw/Mendeley/plantvillage/Preprocessed data/Tomato_Yellow_Leaf_Curl_Virus227/Tyl1946.jpg,Tomato_Yellow_Leaf_Curl_Virus227,0,7,7,Tomato_Yellow_Leaf_Curl_Virus227,Tomato_Yellow_Leaf_Curl_Virus227,True,0.9999361
data/raw/Mendeley/plantvillage/Preprocessed data/Tomato_Yellow_Leaf_Curl_Virus227/Tyl1947.jpg,Tomato_Yellow_Leaf_Curl_Virus227,0,7,7,Tomato_Yellow_Leaf_Curl_Virus227,Tomato_Yellow_Leaf_Curl_Virus227,True,0.9999553
data/raw/Mendeley/plantvillage/Preprocessed data/Tomato_Yellow_Leaf_Curl_Virus227/Tyl1956.jpg,Tomato_Yellow_Leaf_Curl_Virus227,0,7,7,Tomato_Yellow_Leaf_Curl_Virus227,Tomato_Yellow_Leaf_Curl_Virus227,True,0.9998809
data/raw/Mendeley/plantvillage/Preprocessed data/Tomato_Yellow_Leaf_Curl_Virus227/Tyl1962.jpg,Tomato_Yellow_Leaf_Curl_Virus227,0,7,7,Tomato_Yellow_Leaf_Curl_Virus227,Tomato_Yellow_Leaf_Curl_Virus227,True,0.9999989
data/raw/Mendeley/plantvillage/Preprocessed data/Tomato_Yellow_Leaf_Curl_Virus227/Tyl1966.jpg,Tomato_Yellow_Leaf_Curl_Virus227,0,7,7,Tomato_Yellow_Leaf_Curl_Virus227,Tomato_Yellow_Leaf_Curl_Virus227,True,0.9999877
data/raw/Mendeley/plantvillage/Preprocessed data/Tomato_Yellow_Leaf_Curl_Virus227/Tyl197.jpg,Tomato_Yellow_Leaf_Curl_Virus227,0,7,7,Tomato_Yellow_Leaf_Curl_Virus227,Tomato_Yellow_Leaf_Curl_Virus227,True,0.9999994
data/raw/Mendeley/plantvillage/Preprocessed data/Tomato_Yellow_Leaf_Curl_Virus227/Tyl1975.jpg,Tomato_Yellow_Leaf_Curl_Virus227,0,7,7,Tomato_Yellow_Leaf_Curl_Virus227,Tomato_Yellow_Leaf_Curl_Virus227,True,0.9999876
data/raw/Mendeley/plantvillage/Preprocessed data/Tomato_Yellow_Leaf_Curl_Virus227/Tyl1976.jpg,Tomato_Yellow_Leaf_Curl_Virus227,0,7,7,Tomato_Yellow_Leaf_Curl_Virus227,Tomato_Yellow_Leaf_Curl_Virus227,True,0.9999795
data/raw/Mendeley/plantvillage/Preprocessed data/Tomato_Yellow_Leaf_Curl_Virus227/Tyl1982.jpg,Tomato_Yellow_Leaf_Curl_Virus227,0,7,7,Tomato_Yellow_Leaf_Curl_Virus227,Tomato_Yellow_Leaf_Curl_Virus227,True,0.9999949
data/raw/Mendeley/plantvillage/Preprocessed data/Tomato_Yellow_Leaf_Curl_Virus227/Tyl1988.jpg,Tomato_Yellow_Leaf_Curl_Virus227,0,7,7,Tomato_Yellow_Leaf_Curl_Virus227,Tomato_Yellow_Leaf_Curl_Virus227,True,0.9997402
data/raw/Mendeley/plantvillage/Preprocessed data/Tomato_Yellow_Leaf_Curl_Virus227/Tyl1997.jpg,Tomato_Yellow_Leaf_Curl_Virus227,0,7,7,Tomato_Yellow_Leaf_Curl_Virus227,Tomato_Yellow_Leaf_Curl_Virus227,True,0.9995648
data/raw/Mendeley/plantvillage/Preprocessed data/Tomato_Yellow_Leaf_Curl_Virus227/Tyl20.jpg,Tomato_Yellow_Leaf_Curl_Virus227,0,7,7,Tomato_Yellow_Leaf_Curl_Virus227,Tomato_Yellow_Leaf_Curl_Virus227,True,0.9999975
data/raw/Mendeley/plantvillage/Preprocessed data/Tomato_Yellow_Leaf_Curl_Virus227/Tyl2000.jpg,Tomato_Yellow_Leaf_Curl_Virus227,0,7,7,Tomato_Yellow_Leaf_Curl_Virus227,Tomato_Yellow_Leaf_Curl_Virus227,True,0.99989176
data/raw/Mendeley/plantvillage/Preprocessed data/Tomato_Yellow_Leaf_Curl_Virus227/Tyl2001.jpg,Tomato_Yellow_Leaf_Curl_Virus227,0,7,7,Tomato_Yellow_Leaf_Curl_Virus227,Tomato_Yellow_Leaf_Curl_Virus227,True,0.9999684
data/raw/Mendeley/plantvillage/Preprocessed data/Tomato_Yellow_Leaf_Curl_Virus227/Tyl2003.jpg,Tomato_Yellow_Leaf_Curl_Virus227,0,7,7,Tomato_Yellow_Leaf_Curl_Virus227,Tomato_Yellow_Leaf_Curl_Virus227,True,0.99988556
data/raw/Mendeley/plantvillage/Preprocessed data/Tomato_Yellow_Leaf_Curl_Virus227/Tyl2009.jpg,Tomato_Yellow_Leaf_Curl_Virus227,0,7,7,Tomato_Yellow_Leaf_Curl_Virus227,Tomato_Yellow_Leaf_Curl_Virus227,True,0.9999032
data/raw/Mendeley/plantvillage/Preprocessed data/Tomato_Yellow_Leaf_Curl_Virus227/Tyl2027.jpg,Tomato_Yellow_Leaf_Curl_Virus227,0,7,7,Tomato_Yellow_Leaf_Curl_Virus227,Tomato_Yellow_Leaf_Curl_Virus227,True,0.9999995
data/raw/Mendeley/plantvillage/Preprocessed data/Tomato_Yellow_Leaf_Curl_Virus227/Tyl2031.jpg,Tomato_Yellow_Leaf_Curl_Virus227,0,7,7,Tomato_Yellow_Leaf_Curl_Virus227,Tomato_Yellow_Leaf_Curl_Virus227,True,0.9999956
data/raw/Mendeley/plantvillage/Preprocessed data/Tomato_Yellow_Leaf_Curl_Virus227/Tyl2036.jpg,Tomato_Yellow_Leaf_Curl_Virus227,0,7,7,Tomato_Yellow_Leaf_Curl_Virus227,Tomato_Yellow_Leaf_Curl_Virus227,True,0.9997067
data/raw/Mendeley/plantvillage/Preprocessed data/Tomato_Yellow_Leaf_Curl_Virus227/Tyl2037.jpg,Tomato_Yellow_Leaf_Curl_Virus227,0,7,7,Tomato_Yellow_Leaf_Curl_Virus227,Tomato_Yellow_Leaf_Curl_Virus227,True,0.9999865
data/raw/Mendeley/plantvillage/Preprocessed data/Tomato_Yellow_Leaf_Curl_Virus227/Tyl2038.jpg,Tomato_Yellow_Leaf_Curl_Virus227,0,7,7,Tomato_Yellow_Leaf_Curl_Virus227,Tomato_Yellow_Leaf_Curl_Virus227,True,0.99998164
data/raw/Mendeley/plantvillage/Preprocessed data/Tomato_Yellow_Leaf_Curl_Virus227/Tyl2041.jpg,Tomato_Yellow_Leaf_Curl_Virus227,0,7,7,Tomato_Yellow_Leaf_Curl_Virus227,Tomato_Yellow_Leaf_Curl_Virus227,True,0.9990068
data/raw/Mendeley/plantvillage/Preprocessed data/Tomato_Yellow_Leaf_Curl_Virus227/Tyl2051.jpg,Tomato_Yellow_Leaf_Curl_Virus227,0,7,7,Tomato_Yellow_Leaf_Curl_Virus227,Tomato_Yellow_Leaf_Curl_Virus227,True,0.99935454
data/raw/Mendeley/plantvillage/Preprocessed data/Tomato_Yellow_Leaf_Curl_Virus227/Tyl2054.jpg,Tomato_Yellow_Leaf_Curl_Virus227,0,7,7,Tomato_Yellow_Leaf_Curl_Virus227,Tomato_Yellow_Leaf_Curl_Virus227,True,0.9999999
data/raw/Mendeley/plantvillage/Preprocessed data/Tomato_Yellow_Leaf_Curl_Virus227/Tyl2060.jpg,Tomato_Yellow_Leaf_Curl_Virus227,0,7,7,Tomato_Yellow_Leaf_Curl_Virus227,Tomato_Yellow_Leaf_Curl_Virus227,True,0.9999559
data/raw/Mendeley/plantvillage/Preprocessed data/Tomato_Yellow_Leaf_Curl_Virus227/Tyl2062.jpg,Tomato_Yellow_Leaf_Curl_Virus227,0,7,7,Tomato_Yellow_Leaf_Curl_Virus227,Tomato_Yellow_Leaf_Curl_Virus227,True,0.9999962
data/raw/Mendeley/plantvillage/Preprocessed data/Tomato_Yellow_Leaf_Curl_Virus227/Tyl2064.jpg,Tomato_Yellow_Leaf_Curl_Virus227,0,7,7,Tomato_Yellow_Leaf_Curl_Virus227,Tomato_Yellow_Leaf_Curl_Virus227,True,0.9999367
data/raw/Mendeley/plantvillage/Preprocessed data/Tomato_Yellow_Leaf_Curl_Virus227/Tyl2068.jpg,Tomato_Yellow_Leaf_Curl_Virus227,0,7,7,Tomato_Yellow_Leaf_Curl_Virus227,Tomato_Yellow_Leaf_Curl_Virus227,True,0.99985623
data/raw/Mendeley/plantvillage/Preprocessed data/Tomato_Yellow_Leaf_Curl_Virus227/Tyl2070.jpg,Tomato_Yellow_Leaf_Curl_Virus227,0,7,7,Tomato_Yellow_Leaf_Curl_Virus227,Tomato_Yellow_Leaf_Curl_Virus227,True,0.9999974
data/raw/Mendeley/plantvillage/Preprocessed data/Tomato_Yellow_Leaf_Curl_Virus227/Tyl2074.jpg,Tomato_Yellow_Leaf_Curl_Virus227,0,7,7,Tomato_Yellow_Leaf_Curl_Virus227,Tomato_Yellow_Leaf_Curl_Virus227,True,0.99997044
data/raw/Mendeley/plantvillage/Preprocessed data/Tomato_Yellow_Leaf_Curl_Virus227/Tyl2077.jpg,Tomato_Yellow_Leaf_Curl_Virus227,0,7,7,Tomato_Yellow_Leaf_Curl_Virus227,Tomato_Yellow_Leaf_Curl_Virus227,True,0.99992406
data/raw/Mendeley/plantvillage/Preprocessed data/Tomato_Yellow_Leaf_Curl_Virus227/Tyl2082.jpg,Tomato_Yellow_Leaf_Curl_Virus227,0,7,7,Tomato_Yellow_Leaf_Curl_Virus227,Tomato_Yellow_Leaf_Curl_Virus227,True,0.9999497
data/raw/Mendeley/plantvillage/Preprocessed data/Tomato_Yellow_Leaf_Curl_Virus227/Tyl2083.jpg,Tomato_Yellow_Leaf_Curl_Virus227,0,7,7,Tomato_Yellow_Leaf_Curl_Virus227,Tomato_Yellow_Leaf_Curl_Virus227,True,0.99860436
data/raw/Mendeley/plantvillage/Preprocessed data/Tomato_Yellow_Leaf_Curl_Virus227/Tyl2084.jpg,Tomato_Yellow_Leaf_Curl_Virus227,0,7,7,Tomato_Yellow_Leaf_Curl_Virus227,Tomato_Yellow_Leaf_Curl_Virus227,True,0.99994075
data/raw/Mendeley/plantvillage/Preprocessed data/Tomato_Yellow_Leaf_Curl_Virus227/Tyl2088.jpg,Tomato_Yellow_Leaf_Curl_Virus227,0,7,7,Tomato_Yellow_Leaf_Curl_Virus227,Tomato_Yellow_Leaf_Curl_Virus227,True,0.9999995
data/raw/Mendeley/plantvillage/Preprocessed data/Tomato_Yellow_Leaf_Curl_Virus227/Tyl2094.jpg,Tomato_Yellow_Leaf_Curl_Virus227,0,7,7,Tomato_Yellow_Leaf_Curl_Virus227,Tomato_Yellow_Leaf_Curl_Virus227,True,0.999979
data/raw/Mendeley/plantvillage/Preprocessed data/Tomato_Yellow_Leaf_Curl_Virus227/Tyl2095.jpg,Tomato_Yellow_Leaf_Curl_Virus227,0,7,7,Tomato_Yellow_Leaf_Curl_Virus227,Tomato_Yellow_Leaf_Curl_Virus227,True,0.99490684
data/raw/Mendeley/plantvillage/Preprocessed data/Tomato_Yellow_Leaf_Curl_Virus227/Tyl2097.jpg,Tomato_Yellow_Leaf_Curl_Virus227,0,7,7,Tomato_Yellow_Leaf_Curl_Virus227,Tomato_Yellow_Leaf_Curl_Virus227,True,0.99999785
data/raw/Mendeley/plantvillage/Preprocessed data/Tomato_Yellow_Leaf_Curl_Virus227/Tyl210.jpg,Tomato_Yellow_Leaf_Curl_Virus227,0,7,7,Tomato_Yellow_Leaf_Curl_Virus227,Tomato_Yellow_Leaf_Curl_Virus227,True,0.99997973
data/raw/Mendeley/plantvillage/Preprocessed data/Tomato_Yellow_Leaf_Curl_Virus227/Tyl2105.jpg,Tomato_Yellow_Leaf_Curl_Virus227,0,7,7,Tomato_Yellow_Leaf_Curl_Virus227,Tomato_Yellow_Leaf_Curl_Virus227,True,0.99997604
data/raw/Mendeley/plantvillage/Preprocessed data/Tomato_Yellow_Leaf_Curl_Virus227/Tyl2106.jpg,Tomato_Yellow_Leaf_Curl_Virus227,0,7,7,Tomato_Yellow_Leaf_Curl_Virus227,Tomato_Yellow_Leaf_Curl_Virus227,True,0.99997914
data/raw/Mendeley/plantvillage/Preprocessed data/Tomato_Yellow_Leaf_Curl_Virus227/Tyl211.jpg,Tomato_Yellow_Leaf_Curl_Virus227,0,7,7,Tomato_Yellow_Leaf_Curl_Virus227,Tomato_Yellow_Leaf_Curl_Virus227,True,0.99994564
data/raw/Mendeley/plantvillage/Preprocessed data/Tomato_Yellow_Leaf_Curl_Virus227/Tyl2112.jpg,Tomato_Yellow_Leaf_Curl_Virus227,0,7,7,Tomato_Yellow_Leaf_Curl_Virus227,Tomato_Yellow_Leaf_Curl_Virus227,True,0.9998361
data/raw/Mendeley/plantvillage/Preprocessed data/Tomato_Yellow_Leaf_Curl_Virus227/Tyl2116.jpg,Tomato_Yellow_Leaf_Curl_Virus227,0,7,7,Tomato_Yellow_Leaf_Curl_Virus227,Tomato_Yellow_Leaf_Curl_Virus227,True,0.9999143
data/raw/Mendeley/plantvillage/Preprocessed data/Tomato_Yellow_Leaf_Curl_Virus227/Tyl2119.jpg,Tomato_Yellow_Leaf_Curl_Virus227,0,7,7,Tomato_Yellow_Leaf_Curl_Virus227,Tomato_Yellow_Leaf_Curl_Virus227,True,0.9997757
data/raw/Mendeley/plantvillage/Preprocessed data/Tomato_Yellow_Leaf_Curl_Virus227/Tyl2137.jpg,Tomato_Yellow_Leaf_Curl_Virus227,0,7,7,Tomato_Yellow_Leaf_Curl_Virus227,Tomato_Yellow_Leaf_Curl_Virus227,True,0.9995005
data/raw/Mendeley/plantvillage/Preprocessed data/Tomato_Yellow_Leaf_Curl_Virus227/Tyl2139.jpg,Tomato_Yellow_Leaf_Curl_Virus227,0,7,7,Tomato_Yellow_Leaf_Curl_Virus227,Tomato_Yellow_Leaf_Curl_Virus227,True,0.9981679
data/raw/Mendeley/plantvillage/Preprocessed data/Tomato_Yellow_Leaf_Curl_Virus227/Tyl2147.jpg,Tomato_Yellow_Leaf_Curl_Virus227,0,7,7,Tomato_Yellow_Leaf_Curl_Virus227,Tomato_Yellow_Leaf_Curl_Virus227,True,0.7955729
data/raw/Mendeley/plantvillage/Preprocessed data/Tomato_Yellow_Leaf_Curl_Virus227/Tyl2149.jpg,Tomato_Yellow_Leaf_Curl_Virus227,0,7,7,Tomato_Yellow_Leaf_Curl_Virus227,Tomato_Yellow_Leaf_Curl_Virus227,True,0.99024373
data/raw/Mendeley/plantvillage/Preprocessed data/Tomato_Yellow_Leaf_Curl_Virus227/Tyl2151.jpg,Tomato_Yellow_Leaf_Curl_Virus227,0,7,7,Tomato_Yellow_Leaf_Curl_Virus227,Tomato_Yellow_Leaf_Curl_Virus227,True,0.53207874
data/raw/Mendeley/plantvillage/Preprocessed data/Tomato_Yellow_Leaf_Curl_Virus227/Tyl2157.jpg,Tomato_Yellow_Leaf_Curl_Virus227,0,7,7,Tomato_Yellow_Leaf_Curl_Virus227,Tomato_Yellow_Leaf_Curl_Virus227,True,0.94964635
data/raw/Mendeley/plantvillage/Preprocessed data/Tomato_Yellow_Leaf_Curl_Virus227/Tyl216.jpg,Tomato_Yellow_Leaf_Curl_Virus227,0,7,7,Tomato_Yellow_Leaf_Curl_Virus227,Tomato_Yellow_Leaf_Curl_Virus227,True,0.99999833
data/raw/Mendeley/plantvillage/Preprocessed data/Tomato_Yellow_Leaf_Curl_Virus227/Tyl2162.jpg,Tomato_Yellow_Leaf_Curl_Virus227,0,7,7,Tomato_Yellow_Leaf_Curl_Virus227,Tomato_Yellow_Leaf_Curl_Virus227,True,0.99541485
data/raw/Mendeley/plantvillage/Preprocessed data/Tomato_Yellow_Leaf_Curl_Virus227/Tyl2163.jpg,Tomato_Yellow_Leaf_Curl_Virus227,0,7,7,Tomato_Yellow_Leaf_Curl_Virus227,Tomato_Yellow_Leaf_Curl_Virus227,True,0.99973613
data/raw/Mendeley/plantvillage/Preprocessed data/Tomato_Yellow_Leaf_Curl_Virus227/Tyl2178.jpg,Tomato_Yellow_Leaf_Curl_Virus227,0,7,7,Tomato_Yellow_Leaf_Curl_Virus227,Tomato_Yellow_Leaf_Curl_Virus227,True,0.7992967
data/raw/Mendeley/plantvillage/Preprocessed data/Tomato_Yellow_Leaf_Curl_Virus227/Tyl2181.jpg,Tomato_Yellow_Leaf_Curl_Virus227,0,7,7,Tomato_Yellow_Leaf_Curl_Virus227,Tomato_Yellow_Leaf_Curl_Virus227,True,0.99990296
data/raw/Mendeley/plantvillage/Preprocessed data/Tomato_Yellow_Leaf_Curl_Virus227/Tyl2183.jpg,Tomato_Yellow_Leaf_Curl_Virus227,0,7,7,Tomato_Yellow_Leaf_Curl_Virus227,Tomato_Yellow_Leaf_Curl_Virus227,True,0.9999529
data/raw/Mendeley/plantvillage/Preprocessed data/Tomato_Yellow_Leaf_Curl_Virus227/Tyl2184.jpg,Tomato_Yellow_Leaf_Curl_Virus227,0,7,7,Tomato_Yellow_Leaf_Curl_Virus227,Tomato_Yellow_Leaf_Curl_Virus227,True,0.9999471
data/raw/Mendeley/plantvillage/Preprocessed data/Tomato_Yellow_Leaf_Curl_Virus227/Tyl2188.jpg,Tomato_Yellow_Leaf_Curl_Virus227,0,7,7,Tomato_Yellow_Leaf_Curl_Virus227,Tomato_Yellow_Leaf_Curl_Virus227,True,0.99995625
data/raw/Mendeley/plantvillage/Preprocessed data/Tomato_Yellow_Leaf_Curl_Virus227/Tyl2189.jpg,Tomato_Yellow_Leaf_Curl_Virus227,0,7,7,Tomato_Yellow_Leaf_Curl_Virus227,Tomato_Yellow_Leaf_Curl_Virus227,True,0.99982786
data/raw/Mendeley/plantvillage/Preprocessed data/Tomato_Yellow_Leaf_Curl_Virus227/Tyl2195.jpg,Tomato_Yellow_Leaf_Curl_Virus227,0,7,7,Tomato_Yellow_Leaf_Curl_Virus227,Tomato_Yellow_Leaf_Curl_Virus227,True,0.9999918
data/raw/Mendeley/plantvillage/Preprocessed data/Tomato_Yellow_Leaf_Curl_Virus227/Tyl2199.jpg,Tomato_Yellow_Leaf_Curl_Virus227,0,7,7,Tomato_Yellow_Leaf_Curl_Virus227,Tomato_Yellow_Leaf_Curl_Virus227,True,0.99999285
data/raw/Mendeley/plantvillage/Preprocessed data/Tomato_Yellow_Leaf_Curl_Virus227/Tyl2200.jpg,Tomato_Yellow_Leaf_Curl_Virus227,0,7,7,Tomato_Yellow_Leaf_Curl_Virus227,Tomato_Yellow_Leaf_Curl_Virus227,True,0.9998634
data/raw/Mendeley/plantvillage/Preprocessed data/Tomato_Yellow_Leaf_Curl_Virus227/Tyl2207.jpg,Tomato_Yellow_Leaf_Curl_Virus227,0,7,7,Tomato_Yellow_Leaf_Curl_Virus227,Tomato_Yellow_Leaf_Curl_Virus227,True,0.9978301
data/raw/Mendeley/plantvillage/Preprocessed data/Tomato_Yellow_Leaf_Curl_Virus227/Tyl2209.jpg,Tomato_Yellow_Leaf_Curl_Virus227,0,7,7,Tomato_Yellow_Leaf_Curl_Virus227,Tomato_Yellow_Leaf_Curl_Virus227,True,0.9999323
data/raw/Mendeley/plantvillage/Preprocessed data/Tomato_Yellow_Leaf_Curl_Virus227/Tyl2222.jpg,Tomato_Yellow_Leaf_Curl_Virus227,0,7,7,Tomato_Yellow_Leaf_Curl_Virus227,Tomato_Yellow_Leaf_Curl_Virus227,True,0.76508194
data/raw/Mendeley/plantvillage/Preprocessed data/Tomato_Yellow_Leaf_Curl_Virus227/Tyl2224.jpg,Tomato_Yellow_Leaf_Curl_Virus227,0,7,7,Tomato_Yellow_Leaf_Curl_Virus227,Tomato_Yellow_Leaf_Curl_Virus227,True,0.9999794
data/raw/Mendeley/plantvillage/Preprocessed data/Tomato_Yellow_Leaf_Curl_Virus227/Tyl2227.jpg,Tomato_Yellow_Leaf_Curl_Virus227,0,7,7,Tomato_Yellow_Leaf_Curl_Virus227,Tomato_Yellow_Leaf_Curl_Virus227,True,0.9999869
data/raw/Mendeley/plantvillage/Preprocessed data/Tomato_Yellow_Leaf_Curl_Virus227/Tyl2238.jpg,Tomato_Yellow_Leaf_Curl_Virus227,0,7,7,Tomato_Yellow_Leaf_Curl_Virus227,Tomato_Yellow_Leaf_Curl_Virus227,True,0.9996991
data/raw/Mendeley/plantvillage/Preprocessed data/Tomato_Yellow_Leaf_Curl_Virus227/Tyl2241.jpg,Tomato_Yellow_Leaf_Curl_Virus227,0,7,7,Tomato_Yellow_Leaf_Curl_Virus227,Tomato_Yellow_Leaf_Curl_Virus227,True,0.9986833
data/raw/Mendeley/plantvillage/Preprocessed data/Tomato_Yellow_Leaf_Curl_Virus227/Tyl2246.jpg,Tomato_Yellow_Leaf_Curl_Virus227,0,7,7,Tomato_Yellow_Leaf_Curl_Virus227,Tomato_Yellow_Leaf_Curl_Virus227,True,0.99998546
data/raw/Mendeley/plantvillage/Preprocessed data/Tomato_Yellow_Leaf_Curl_Virus227/Tyl2249.jpg,Tomato_Yellow_Leaf_Curl_Virus227,0,7,7,Tomato_Yellow_Leaf_Curl_Virus227,Tomato_Yellow_Leaf_Curl_Virus227,True,0.9999572
data/raw/Mendeley/plantvillage/Preprocessed data/Tomato_Yellow_Leaf_Curl_Virus227/Tyl225.jpg,Tomato_Yellow_Leaf_Curl_Virus227,0,7,7,Tomato_Yellow_Leaf_Curl_Virus227,Tomato_Yellow_Leaf_Curl_Virus227,True,0.99985707
data/raw/Mendeley/plantvillage/Preprocessed data/Tomato_Yellow_Leaf_Curl_Virus227/Tyl2261.jpg,Tomato_Yellow_Leaf_Curl_Virus227,0,7,7,Tomato_Yellow_Leaf_Curl_Virus227,Tomato_Yellow_Leaf_Curl_Virus227,True,0.9999908
data/raw/Mendeley/plantvillage/Preprocessed data/Tomato_Yellow_Leaf_Curl_Virus227/Tyl2266.jpg,Tomato_Yellow_Leaf_Curl_Virus227,0,7,7,Tomato_Yellow_Leaf_Curl_Virus227,Tomato_Yellow_Leaf_Curl_Virus227,True,0.9999244
data/raw/Mendeley/plantvillage/Preprocessed data/Tomato_Yellow_Leaf_Curl_Virus227/Tyl2273.jpg,Tomato_Yellow_Leaf_Curl_Virus227,0,7,7,Tomato_Yellow_Leaf_Curl_Virus227,Tomato_Yellow_Leaf_Curl_Virus227,True,0.99773455
data/raw/Mendeley/plantvillage/Preprocessed data/Tomato_Yellow_Leaf_Curl_Virus227/Tyl2274.jpg,Tomato_Yellow_Leaf_Curl_Virus227,0,7,7,Tomato_Yellow_Leaf_Curl_Virus227,Tomato_Yellow_Leaf_Curl_Virus227,True,0.9997814
data/raw/Mendeley/plantvillage/Preprocessed data/Tomato_Yellow_Leaf_Curl_Virus227/Tyl228.jpg,Tomato_Yellow_Leaf_Curl_Virus227,0,7,7,Tomato_Yellow_Leaf_Curl_Virus227,Tomato_Yellow_Leaf_Curl_Virus227,True,0.9990559
data/raw/Mendeley/plantvillage/Preprocessed data/Tomato_Yellow_Leaf_Curl_Virus227/Tyl2293.jpg,Tomato_Yellow_Leaf_Curl_Virus227,0,7,7,Tomato_Yellow_Leaf_Curl_Virus227,Tomato_Yellow_Leaf_Curl_Virus227,True,0.9999857
data/raw/Mendeley/plantvillage/Preprocessed data/Tomato_Yellow_Leaf_Curl_Virus227/Tyl2294.jpg,Tomato_Yellow_Leaf_Curl_Virus227,0,7,7,Tomato_Yellow_Leaf_Curl_Virus227,Tomato_Yellow_Leaf_Curl_Virus227,True,0.9999542
data/raw/Mendeley/plantvillage/Preprocessed data/Tomato_Yellow_Leaf_Curl_Virus227/Tyl2297.jpg,Tomato_Yellow_Leaf_Curl_Virus227,0,7,7,Tomato_Yellow_Leaf_Curl_Virus227,Tomato_Yellow_Leaf_Curl_Virus227,True,0.9999974
data/raw/Mendeley/plantvillage/Preprocessed data/Tomato_Yellow_Leaf_Curl_Virus227/Tyl2298.jpg,Tomato_Yellow_Leaf_Curl_Virus227,0,7,7,Tomato_Yellow_Leaf_Curl_Virus227,Tomato_Yellow_Leaf_Curl_Virus227,True,0.99995816
data/raw/Mendeley/plantvillage/Preprocessed data/Tomato_Yellow_Leaf_Curl_Virus227/Tyl231.jpg,Tomato_Yellow_Leaf_Curl_Virus227,0,7,7,Tomato_Yellow_Leaf_Curl_Virus227,Tomato_Yellow_Leaf_Curl_Virus227,True,0.9969073
data/raw/Mendeley/plantvillage/Preprocessed data/Tomato_Yellow_Leaf_Curl_Virus227/Tyl2312.jpg,Tomato_Yellow_Leaf_Curl_Virus227,0,7,7,Tomato_Yellow_Leaf_Curl_Virus227,Tomato_Yellow_Leaf_Curl_Virus227,True,0.9999907
data/raw/Mendeley/plantvillage/Preprocessed data/Tomato_Yellow_Leaf_Curl_Virus227/Tyl2313.jpg,Tomato_Yellow_Leaf_Curl_Virus227,0,7,7,Tomato_Yellow_Leaf_Curl_Virus227,Tomato_Yellow_Leaf_Curl_Virus227,True,0.9994286
data/raw/Mendeley/plantvillage/Preprocessed data/Tomato_Yellow_Leaf_Curl_Virus227/Tyl2323.jpg,Tomato_Yellow_Leaf_Curl_Virus227,0,7,7,Tomato_Yellow_Leaf_Curl_Virus227,Tomato_Yellow_Leaf_Curl_Virus227,True,0.9966883
data/raw/Mendeley/plantvillage/Preprocessed data/Tomato_Yellow_Leaf_Curl_Virus227/Tyl2327.jpg,Tomato_Yellow_Leaf_Curl_Virus227,0,7,7,Tomato_Yellow_Leaf_Curl_Virus227,Tomato_Yellow_Leaf_Curl_Virus227,True,0.99997795
data/raw/Mendeley/plantvillage/Preprocessed data/Tomato_Yellow_Leaf_Curl_Virus227/Tyl2330.jpg,Tomato_Yellow_Leaf_Curl_Virus227,0,7,7,Tomato_Yellow_Leaf_Curl_Virus227,Tomato_Yellow_Leaf_Curl_Virus227,True,0.9999999
data/raw/Mendeley/plantvillage/Preprocessed data/Tomato_Yellow_Leaf_Curl_Virus227/Tyl2332.jpg,Tomato_Yellow_Leaf_Curl_Virus227,0,7,7,Tomato_Yellow_Leaf_Curl_Virus227,Tomato_Yellow_Leaf_Curl_Virus227,True,0.99990106
data/raw/Mendeley/plantvillage/Preprocessed data/Tomato_Yellow_Leaf_Curl_Virus227/Tyl2343.jpg,Tomato_Yellow_Leaf_Curl_Virus227,0,7,7,Tomato_Yellow_Leaf_Curl_Virus227,Tomato_Yellow_Leaf_Curl_Virus227,True,0.9996489
data/raw/Mendeley/plantvillage/Preprocessed data/Tomato_Yellow_Leaf_Curl_Virus227/Tyl2350.jpg,Tomato_Yellow_Leaf_Curl_Virus227,0,7,7,Tomato_Yellow_Leaf_Curl_Virus227,Tomato_Yellow_Leaf_Curl_Virus227,True,0.99983275
data/raw/Mendeley/plantvillage/Preprocessed data/Tomato_Yellow_Leaf_Curl_Virus227/Tyl2351.jpg,Tomato_Yellow_Leaf_Curl_Virus227,0,7,7,Tomato_Yellow_Leaf_Curl_Virus227,Tomato_Yellow_Leaf_Curl_Virus227,True,0.999856
data/raw/Mendeley/plantvillage/Preprocessed data/Tomato_Yellow_Leaf_Curl_Virus227/Tyl2357.jpg,Tomato_Yellow_Leaf_Curl_Virus227,0,7,7,Tomato_Yellow_Leaf_Curl_Virus227,Tomato_Yellow_Leaf_Curl_Virus227,True,0.99999774
data/raw/Mendeley/plantvillage/Preprocessed data/Tomato_Yellow_Leaf_Curl_Virus227/Tyl2358.jpg,Tomato_Yellow_Leaf_Curl_Virus227,0,7,7,Tomato_Yellow_Leaf_Curl_Virus227,Tomato_Yellow_Leaf_Curl_Virus227,True,0.9999969
data/raw/Mendeley/plantvillage/Preprocessed data/Tomato_Yellow_Leaf_Curl_Virus227/Tyl237.jpg,Tomato_Yellow_Leaf_Curl_Virus227,0,7,7,Tomato_Yellow_Leaf_Curl_Virus227,Tomato_Yellow_Leaf_Curl_Virus227,True,0.9999746
data/raw/Mendeley/plantvillage/Preprocessed data/Tomato_Yellow_Leaf_Curl_Virus227/Tyl2371.jpg,Tomato_Yellow_Leaf_Curl_Virus227,0,7,7,Tomato_Yellow_Leaf_Curl_Virus227,Tomato_Yellow_Leaf_Curl_Virus227,True,0.99958867
data/raw/Mendeley/plantvillage/Preprocessed data/Tomato_Yellow_Leaf_Curl_Virus227/Tyl2383.jpg,Tomato_Yellow_Leaf_Curl_Virus227,0,7,7,Tomato_Yellow_Leaf_Curl_Virus227,Tomato_Yellow_Leaf_Curl_Virus227,True,0.9999273
data/raw/Mendeley/plantvillage/Preprocessed data/Tomato_Yellow_Leaf_Curl_Virus227/Tyl2403.jpg,Tomato_Yellow_Leaf_Curl_Virus227,0,7,7,Tomato_Yellow_Leaf_Curl_Virus227,Tomato_Yellow_Leaf_Curl_Virus227,True,1.0
data/raw/Mendeley/plantvillage/Preprocessed data/Tomato_Yellow_Leaf_Curl_Virus227/Tyl2408.jpg,Tomato_Yellow_Leaf_Curl_Virus227,0,7,7,Tomato_Yellow_Leaf_Curl_Virus227,Tomato_Yellow_Leaf_Curl_Virus227,True,0.99990904
data/raw/Mendeley/plantvillage/Preprocessed data/Tomato_Yellow_Leaf_Curl_Virus227/Tyl2422.jpg,Tomato_Yellow_Leaf_Curl_Virus227,0,7,7,Tomato_Yellow_Leaf_Curl_Virus227,Tomato_Yellow_Leaf_Curl_Virus227,True,0.99922585
data/raw/Mendeley/plantvillage/Preprocessed data/Tomato_Yellow_Leaf_Curl_Virus227/Tyl2425.jpg,Tomato_Yellow_Leaf_Curl_Virus227,0,7,7,Tomato_Yellow_Leaf_Curl_Virus227,Tomato_Yellow_Leaf_Curl_Virus227,True,0.8788672
data/raw/Mendeley/plantvillage/Preprocessed data/Tomato_Yellow_Leaf_Curl_Virus227/Tyl2426.jpg,Tomato_Yellow_Leaf_Curl_Virus227,0,7,7,Tomato_Yellow_Leaf_Curl_Virus227,Tomato_Yellow_Leaf_Curl_Virus227,True,0.9999602
data/raw/Mendeley/plantvillage/Preprocessed data/Tomato_Yellow_Leaf_Curl_Virus227/Tyl2429.jpg,Tomato_Yellow_Leaf_Curl_Virus227,0,7,7,Tomato_Yellow_Leaf_Curl_Virus227,Tomato_Yellow_Leaf_Curl_Virus227,True,0.9999609
data/raw/Mendeley/plantvillage/Preprocessed data/Tomato_Yellow_Leaf_Curl_Virus227/Tyl243.jpg,Tomato_Yellow_Leaf_Curl_Virus227,0,7,7,Tomato_Yellow_Leaf_Curl_Virus227,Tomato_Yellow_Leaf_Curl_Virus227,True,0.999998
data/raw/Mendeley/plantvillage/Preprocessed data/Tomato_Yellow_Leaf_Curl_Virus227/Tyl2430.jpg,Tomato_Yellow_Leaf_Curl_Virus227,0,7,7,Tomato_Yellow_Leaf_Curl_Virus227,Tomato_Yellow_Leaf_Curl_Virus227,True,0.9785832
data/raw/Mendeley/plantvillage/Preprocessed data/Tomato_Yellow_Leaf_Curl_Virus227/Tyl2431.jpg,Tomato_Yellow_Leaf_Curl_Virus227,0,7,7,Tomato_Yellow_Leaf_Curl_Virus227,Tomato_Yellow_Leaf_Curl_Virus227,True,0.9996978
data/raw/Mendeley/plantvillage/Preprocessed data/Tomato_Yellow_Leaf_Curl_Virus227/Tyl2433.jpg,Tomato_Yellow_Leaf_Curl_Virus227,0,7,7,Tomato_Yellow_Leaf_Curl_Virus227,Tomato_Yellow_Leaf_Curl_Virus227,True,0.9999989
data/raw/Mendeley/plantvillage/Preprocessed data/Tomato_Yellow_Leaf_Curl_Virus227/Tyl2440.jpg,Tomato_Yellow_Leaf_Curl_Virus227,0,7,7,Tomato_Yellow_Leaf_Curl_Virus227,Tomato_Yellow_Leaf_Curl_Virus227,True,0.99975866
data/raw/Mendeley/plantvillage/Preprocessed data/Tomato_Yellow_Leaf_Curl_Virus227/Tyl2441.jpg,Tomato_Yellow_Leaf_Curl_Virus227,0,7,7,Tomato_Yellow_Leaf_Curl_Virus227,Tomato_Yellow_Leaf_Curl_Virus227,True,0.99997807
data/raw/Mendeley/plantvillage/Preprocessed data/Tomato_Yellow_Leaf_Curl_Virus227/Tyl2452.jpg,Tomato_Yellow_Leaf_Curl_Virus227,0,7,7,Tomato_Yellow_Leaf_Curl_Virus227,Tomato_Yellow_Leaf_Curl_Virus227,True,0.9998684
data/raw/Mendeley/plantvillage/Preprocessed data/Tomato_Yellow_Leaf_Curl_Virus227/Tyl2453.jpg,Tomato_Yellow_Leaf_Curl_Virus227,0,7,7,Tomato_Yellow_Leaf_Curl_Virus227,Tomato_Yellow_Leaf_Curl_Virus227,True,0.99999464
data/raw/Mendeley/plantvillage/Preprocessed data/Tomato_Yellow_Leaf_Curl_Virus227/Tyl2456.jpg,Tomato_Yellow_Leaf_Curl_Virus227,0,7,7,Tomato_Yellow_Leaf_Curl_Virus227,Tomato_Yellow_Leaf_Curl_Virus227,True,0.99996305
data/raw/Mendeley/plantvillage/Preprocessed data/Tomato_Yellow_Leaf_Curl_Virus227/Tyl2458.jpg,Tomato_Yellow_Leaf_Curl_Virus227,0,7,7,Tomato_Yellow_Leaf_Curl_Virus227,Tomato_Yellow_Leaf_Curl_Virus227,True,0.9999999
data/raw/Mendeley/plantvillage/Preprocessed data/Tomato_Yellow_Leaf_Curl_Virus227/Tyl246.jpg,Tomato_Yellow_Leaf_Curl_Virus227,0,7,7,Tomato_Yellow_Leaf_Curl_Virus227,Tomato_Yellow_Leaf_Curl_Virus227,True,0.9998486
data/raw/Mendeley/plantvillage/Preprocessed data/Tomato_Yellow_Leaf_Curl_Virus227/Tyl2462.jpg,Tomato_Yellow_Leaf_Curl_Virus227,0,7,7,Tomato_Yellow_Leaf_Curl_Virus227,Tomato_Yellow_Leaf_Curl_Virus227,True,0.999998
data/raw/Mendeley/plantvillage/Preprocessed data/Tomato_Yellow_Leaf_Curl_Virus227/Tyl2468.jpg,Tomato_Yellow_Leaf_Curl_Virus227,0,7,7,Tomato_Yellow_Leaf_Curl_Virus227,Tomato_Yellow_Leaf_Curl_Virus227,True,0.9999634
data/raw/Mendeley/plantvillage/Preprocessed data/Tomato_Yellow_Leaf_Curl_Virus227/Tyl2471.jpg,Tomato_Yellow_Leaf_Curl_Virus227,0,7,7,Tomato_Yellow_Leaf_Curl_Virus227,Tomato_Yellow_Leaf_Curl_Virus227,True,0.99996185
data/raw/Mendeley/plantvillage/Preprocessed data/Tomato_Yellow_Leaf_Curl_Virus227/Tyl2477.jpg,Tomato_Yellow_Leaf_Curl_Virus227,0,7,7,Tomato_Yellow_Leaf_Curl_Virus227,Tomato_Yellow_Leaf_Curl_Virus227,True,0.9999993
data/raw/Mendeley/plantvillage/Preprocessed data/Tomato_Yellow_Leaf_Curl_Virus227/Tyl2480.jpg,Tomato_Yellow_Leaf_Curl_Virus227,0,7,7,Tomato_Yellow_Leaf_Curl_Virus227,Tomato_Yellow_Leaf_Curl_Virus227,True,0.9991654
data/raw/Mendeley/plantvillage/Preprocessed data/Tomato_Yellow_Leaf_Curl_Virus227/Tyl2481.jpg,Tomato_Yellow_Leaf_Curl_Virus227,0,7,7,Tomato_Yellow_Leaf_Curl_Virus227,Tomato_Yellow_Leaf_Curl_Virus227,True,0.9907611
data/raw/Mendeley/plantvillage/Preprocessed data/Tomato_Yellow_Leaf_Curl_Virus227/Tyl2493.jpg,Tomato_Yellow_Leaf_Curl_Virus227,0,7,7,Tomato_Yellow_Leaf_Curl_Virus227,Tomato_Yellow_Leaf_Curl_Virus227,True,0.99999964
data/raw/Mendeley/plantvillage/Preprocessed data/Tomato_Yellow_Leaf_Curl_Virus227/Tyl2522.jpg,Tomato_Yellow_Leaf_Curl_Virus227,0,7,7,Tomato_Yellow_Leaf_Curl_Virus227,Tomato_Yellow_Leaf_Curl_Virus227,True,0.9999982
data/raw/Mendeley/plantvillage/Preprocessed data/Tomato_Yellow_Leaf_Curl_Virus227/Tyl2528.jpg,Tomato_Yellow_Leaf_Curl_Virus227,0,7,7,Tomato_Yellow_Leaf_Curl_Virus227,Tomato_Yellow_Leaf_Curl_Virus227,True,1.0
data/raw/Mendeley/plantvillage/Preprocessed data/Tomato_Yellow_Leaf_Curl_Virus227/Tyl253.jpg,Tomato_Yellow_Leaf_Curl_Virus227,0,7,7,Tomato_Yellow_Leaf_Curl_Virus227,Tomato_Yellow_Leaf_Curl_Virus227,True,0.99987316
data/raw/Mendeley/plantvillage/Preprocessed data/Tomato_Yellow_Leaf_Curl_Virus227/Tyl2531.jpg,Tomato_Yellow_Leaf_Curl_Virus227,0,7,7,Tomato_Yellow_Leaf_Curl_Virus227,Tomato_Yellow_Leaf_Curl_Virus227,True,0.99975234
data/raw/Mendeley/plantvillage/Preprocessed data/Tomato_Yellow_Leaf_Curl_Virus227/Tyl2532.jpg,Tomato_Yellow_Leaf_Curl_Virus227,0,7,7,Tomato_Yellow_Leaf_Curl_Virus227,Tomato_Yellow_Leaf_Curl_Virus227,True,0.99957067
data/raw/Mendeley/plantvillage/Preprocessed data/Tomato_Yellow_Leaf_Curl_Virus227/Tyl2533.jpg,Tomato_Yellow_Leaf_Curl_Virus227,0,7,7,Tomato_Yellow_Leaf_Curl_Virus227,Tomato_Yellow_Leaf_Curl_Virus227,True,0.54089475
data/raw/Mendeley/plantvillage/Preprocessed data/Tomato_Yellow_Leaf_Curl_Virus227/Tyl2540.jpg,Tomato_Yellow_Leaf_Curl_Virus227,0,7,7,Tomato_Yellow_Leaf_Curl_Virus227,Tomato_Yellow_Leaf_Curl_Virus227,True,0.9998306
data/raw/Mendeley/plantvillage/Preprocessed data/Tomato_Yellow_Leaf_Curl_Virus227/Tyl2545.jpg,Tomato_Yellow_Leaf_Curl_Virus227,0,7,7,Tomato_Yellow_Leaf_Curl_Virus227,Tomato_Yellow_Leaf_Curl_Virus227,True,0.9985965
data/raw/Mendeley/plantvillage/Preprocessed data/Tomato_Yellow_Leaf_Curl_Virus227/Tyl2546.jpg,Tomato_Yellow_Leaf_Curl_Virus227,0,7,7,Tomato_Yellow_Leaf_Curl_Virus227,Tomato_Yellow_Leaf_Curl_Virus227,True,0.99997413
data/raw/Mendeley/plantvillage/Preprocessed data/Tomato_Yellow_Leaf_Curl_Virus227/Tyl2547.jpg,Tomato_Yellow_Leaf_Curl_Virus227,0,7,7,Tomato_Yellow_Leaf_Curl_Virus227,Tomato_Yellow_Leaf_Curl_Virus227,True,0.9987342
data/raw/Mendeley/plantvillage/Preprocessed data/Tomato_Yellow_Leaf_Curl_Virus227/Tyl2549.jpg,Tomato_Yellow_Leaf_Curl_Virus227,0,7,7,Tomato_Yellow_Leaf_Curl_Virus227,Tomato_Yellow_Leaf_Curl_Virus227,True,0.9844891
data/raw/Mendeley/plantvillage/Preprocessed data/Tomato_Yellow_Leaf_Curl_Virus227/Tyl2551.jpg,Tomato_Yellow_Leaf_Curl_Virus227,0,7,7,Tomato_Yellow_Leaf_Curl_Virus227,Tomato_Yellow_Leaf_Curl_Virus227,True,0.99993813
data/raw/Mendeley/plantvillage/Preprocessed data/Tomato_Yellow_Leaf_Curl_Virus227/Tyl256.jpg,Tomato_Yellow_Leaf_Curl_Virus227,0,7,7,Tomato_Yellow_Leaf_Curl_Virus227,Tomato_Yellow_Leaf_Curl_Virus227,True,0.9999877
data/raw/Mendeley/plantvillage/Preprocessed data/Tomato_Yellow_Leaf_Curl_Virus227/Tyl2561.jpg,Tomato_Yellow_Leaf_Curl_Virus227,0,7,7,Tomato_Yellow_Leaf_Curl_Virus227,Tomato_Yellow_Leaf_Curl_Virus227,True,0.9998417
data/raw/Mendeley/plantvillage/Preprocessed data/Tomato_Yellow_Leaf_Curl_Virus227/Tyl2564.jpg,Tomato_Yellow_Leaf_Curl_Virus227,0,7,7,Tomato_Yellow_Leaf_Curl_Virus227,Tomato_Yellow_Leaf_Curl_Virus227,True,0.9999989
data/raw/Mendeley/plantvillage/Preprocessed data/Tomato_Yellow_Leaf_Curl_Virus227/Tyl2570.jpg,Tomato_Yellow_Leaf_Curl_Virus227,0,7,7,Tomato_Yellow_Leaf_Curl_Virus227,Tomato_Yellow_Leaf_Curl_Virus227,True,0.99642146
data/raw/Mendeley/plantvillage/Preprocessed data/Tomato_Yellow_Leaf_Curl_Virus227/Tyl2579.jpg,Tomato_Yellow_Leaf_Curl_Virus227,0,7,7,Tomato_Yellow_Leaf_Curl_Virus227,Tomato_Yellow_Leaf_Curl_Virus227,True,0.9999559
data/raw/Mendeley/plantvillage/Preprocessed data/Tomato_Yellow_Leaf_Curl_Virus227/Tyl2581.jpg,Tomato_Yellow_Leaf_Curl_Virus227,0,7,7,Tomato_Yellow_Leaf_Curl_Virus227,Tomato_Yellow_Leaf_Curl_Virus227,True,0.9999435
data/raw/Mendeley/plantvillage/Preprocessed data/Tomato_Yellow_Leaf_Curl_Virus227/Tyl2582.jpg,Tomato_Yellow_Leaf_Curl_Virus227,0,7,7,Tomato_Yellow_Leaf_Curl_Virus227,Tomato_Yellow_Leaf_Curl_Virus227,True,0.99999964
data/raw/Mendeley/plantvillage/Preprocessed data/Tomato_Yellow_Leaf_Curl_Virus227/Tyl2588.jpg,Tomato_Yellow_Leaf_Curl_Virus227,0,7,7,Tomato_Yellow_Leaf_Curl_Virus227,Tomato_Yellow_Leaf_Curl_Virus227,True,0.99987566
data/raw/Mendeley/plantvillage/Preprocessed data/Tomato_Yellow_Leaf_Curl_Virus227/Tyl2590.jpg,Tomato_Yellow_Leaf_Curl_Virus227,0,7,7,Tomato_Yellow_Leaf_Curl_Virus227,Tomato_Yellow_Leaf_Curl_Virus227,True,0.9999819
data/raw/Mendeley/plantvillage/Preprocessed data/Tomato_Yellow_Leaf_Curl_Virus227/Tyl2591.jpg,Tomato_Yellow_Leaf_Curl_Virus227,0,7,7,Tomato_Yellow_Leaf_Curl_Virus227,Tomato_Yellow_Leaf_Curl_Virus227,True,0.99994266
data/raw/Mendeley/plantvillage/Preprocessed data/Tomato_Yellow_Leaf_Curl_Virus227/Tyl2602.jpg,Tomato_Yellow_Leaf_Curl_Virus227,0,7,7,Tomato_Yellow_Leaf_Curl_Virus227,Tomato_Yellow_Leaf_Curl_Virus227,True,0.98154473
data/raw/Mendeley/plantvillage/Preprocessed data/Tomato_Yellow_Leaf_Curl_Virus227/Tyl2608.jpg,Tomato_Yellow_Leaf_Curl_Virus227,0,7,7,Tomato_Yellow_Leaf_Curl_Virus227,Tomato_Yellow_Leaf_Curl_Virus227,True,0.99999785
data/raw/Mendeley/plantvillage/Preprocessed data/Tomato_Yellow_Leaf_Curl_Virus227/Tyl2616.jpg,Tomato_Yellow_Leaf_Curl_Virus227,0,7,7,Tomato_Yellow_Leaf_Curl_Virus227,Tomato_Yellow_Leaf_Curl_Virus227,True,0.9990815
data/raw/Mendeley/plantvillage/Preprocessed data/Tomato_Yellow_Leaf_Curl_Virus227/Tyl2619.jpg,Tomato_Yellow_Leaf_Curl_Virus227,0,7,7,Tomato_Yellow_Leaf_Curl_Virus227,Tomato_Yellow_Leaf_Curl_Virus227,True,0.99999917
data/raw/Mendeley/plantvillage/Preprocessed data/Tomato_Yellow_Leaf_Curl_Virus227/Tyl2625.jpg,Tomato_Yellow_Leaf_Curl_Virus227,0,7,7,Tomato_Yellow_Leaf_Curl_Virus227,Tomato_Yellow_Leaf_Curl_Virus227,True,0.99983704
data/raw/Mendeley/plantvillage/Preprocessed data/Tomato_Yellow_Leaf_Curl_Virus227/Tyl2626.jpg,Tomato_Yellow_Leaf_Curl_Virus227,0,7,7,Tomato_Yellow_Leaf_Curl_Virus227,Tomato_Yellow_Leaf_Curl_Virus227,True,0.99991477
data/raw/Mendeley/plantvillage/Preprocessed data/Tomato_Yellow_Leaf_Curl_Virus227/Tyl2627.jpg,Tomato_Yellow_Leaf_Curl_Virus227,0,7,7,Tomato_Yellow_Leaf_Curl_Virus227,Tomato_Yellow_Leaf_Curl_Virus227,True,0.99999976
data/raw/Mendeley/plantvillage/Preprocessed data/Tomato_Yellow_Leaf_Curl_Virus227/Tyl2630.jpg,Tomato_Yellow_Leaf_Curl_Virus227,0,7,7,Tomato_Yellow_Leaf_Curl_Virus227,Tomato_Yellow_Leaf_Curl_Virus227,True,0.99998915
data/raw/Mendeley/plantvillage/Preprocessed data/Tomato_Yellow_Leaf_Curl_Virus227/Tyl2644.jpg,Tomato_Yellow_Leaf_Curl_Virus227,0,7,7,Tomato_Yellow_Leaf_Curl_Virus227,Tomato_Yellow_Leaf_Curl_Virus227,True,0.9999782
data/raw/Mendeley/plantvillage/Preprocessed data/Tomato_Yellow_Leaf_Curl_Virus227/Tyl2646.jpg,Tomato_Yellow_Leaf_Curl_Virus227,0,7,7,Tomato_Yellow_Leaf_Curl_Virus227,Tomato_Yellow_Leaf_Curl_Virus227,True,0.99999046
data/raw/Mendeley/plantvillage/Preprocessed data/Tomato_Yellow_Leaf_Curl_Virus227/Tyl2648.jpg,Tomato_Yellow_Leaf_Curl_Virus227,0,7,7,Tomato_Yellow_Leaf_Curl_Virus227,Tomato_Yellow_Leaf_Curl_Virus227,True,0.9999993
data/raw/Mendeley/plantvillage/Preprocessed data/Tomato_Yellow_Leaf_Curl_Virus227/Tyl265.jpg,Tomato_Yellow_Leaf_Curl_Virus227,0,7,7,Tomato_Yellow_Leaf_Curl_Virus227,Tomato_Yellow_Leaf_Curl_Virus227,True,1.0
data/raw/Mendeley/plantvillage/Preprocessed data/Tomato_Yellow_Leaf_Curl_Virus227/Tyl2652.jpg,Tomato_Yellow_Leaf_Curl_Virus227,0,7,7,Tomato_Yellow_Leaf_Curl_Virus227,Tomato_Yellow_Leaf_Curl_Virus227,True,0.9999987
data/raw/Mendeley/plantvillage/Preprocessed data/Tomato_Yellow_Leaf_Curl_Virus227/Tyl2653.jpg,Tomato_Yellow_Leaf_Curl_Virus227,0,7,7,Tomato_Yellow_Leaf_Curl_Virus227,Tomato_Yellow_Leaf_Curl_Virus227,True,0.9999994
data/raw/Mendeley/plantvillage/Preprocessed data/Tomato_Yellow_Leaf_Curl_Virus227/Tyl2660.jpg,Tomato_Yellow_Leaf_Curl_Virus227,0,7,7,Tomato_Yellow_Leaf_Curl_Virus227,Tomato_Yellow_Leaf_Curl_Virus227,True,0.9999565
data/raw/Mendeley/plantvillage/Preprocessed data/Tomato_Yellow_Leaf_Curl_Virus227/Tyl2670.jpg,Tomato_Yellow_Leaf_Curl_Virus227,0,7,7,Tomato_Yellow_Leaf_Curl_Virus227,Tomato_Yellow_Leaf_Curl_Virus227,True,0.9998841
data/raw/Mendeley/plantvillage/Preprocessed data/Tomato_Yellow_Leaf_Curl_Virus227/Tyl2672.jpg,Tomato_Yellow_Leaf_Curl_Virus227,0,7,7,Tomato_Yellow_Leaf_Curl_Virus227,Tomato_Yellow_Leaf_Curl_Virus227,True,0.9999896
data/raw/Mendeley/plantvillage/Preprocessed data/Tomato_Yellow_Leaf_Curl_Virus227/Tyl2677.jpg,Tomato_Yellow_Leaf_Curl_Virus227,0,7,7,Tomato_Yellow_Leaf_Curl_Virus227,Tomato_Yellow_Leaf_Curl_Virus227,True,0.99996483
data/raw/Mendeley/plantvillage/Preprocessed data/Tomato_Yellow_Leaf_Curl_Virus227/Tyl2680.jpg,Tomato_Yellow_Leaf_Curl_Virus227,0,7,7,Tomato_Yellow_Leaf_Curl_Virus227,Tomato_Yellow_Leaf_Curl_Virus227,True,0.99964035
data/raw/Mendeley/plantvillage/Preprocessed data/Tomato_Yellow_Leaf_Curl_Virus227/Tyl2688.jpg,Tomato_Yellow_Leaf_Curl_Virus227,0,7,7,Tomato_Yellow_Leaf_Curl_Virus227,Tomato_Yellow_Leaf_Curl_Virus227,True,0.9999912
data/raw/Mendeley/plantvillage/Preprocessed data/Tomato_Yellow_Leaf_Curl_Virus227/Tyl2692.jpg,Tomato_Yellow_Leaf_Curl_Virus227,0,7,7,Tomato_Yellow_Leaf_Curl_Virus227,Tomato_Yellow_Leaf_Curl_Virus227,True,0.998657
data/raw/Mendeley/plantvillage/Preprocessed data/Tomato_Yellow_Leaf_Curl_Virus227/Tyl2693.jpg,Tomato_Yellow_Leaf_Curl_Virus227,0,7,7,Tomato_Yellow_Leaf_Curl_Virus227,Tomato_Yellow_Leaf_Curl_Virus227,True,0.99999535
data/raw/Mendeley/plantvillage/Preprocessed data/Tomato_Yellow_Leaf_Curl_Virus227/Tyl2696.jpg,Tomato_Yellow_Leaf_Curl_Virus227,0,7,7,Tomato_Yellow_Leaf_Curl_Virus227,Tomato_Yellow_Leaf_Curl_Virus227,True,0.9999789
data/raw/Mendeley/plantvillage/Preprocessed data/Tomato_Yellow_Leaf_Curl_Virus227/Tyl2700.jpg,Tomato_Yellow_Leaf_Curl_Virus227,0,7,7,Tomato_Yellow_Leaf_Curl_Virus227,Tomato_Yellow_Leaf_Curl_Virus227,True,0.9996922
data/raw/Mendeley/plantvillage/Preprocessed data/Tomato_Yellow_Leaf_Curl_Virus227/Tyl2704.jpg,Tomato_Yellow_Leaf_Curl_Virus227,0,7,7,Tomato_Yellow_Leaf_Curl_Virus227,Tomato_Yellow_Leaf_Curl_Virus227,True,0.9998677
data/raw/Mendeley/plantvillage/Preprocessed data/Tomato_Yellow_Leaf_Curl_Virus227/Tyl2713.jpg,Tomato_Yellow_Leaf_Curl_Virus227,0,7,7,Tomato_Yellow_Leaf_Curl_Virus227,Tomato_Yellow_Leaf_Curl_Virus227,True,0.99979264
data/raw/Mendeley/plantvillage/Preprocessed data/Tomato_Yellow_Leaf_Curl_Virus227/Tyl2714.jpg,Tomato_Yellow_Leaf_Curl_Virus227,0,7,7,Tomato_Yellow_Leaf_Curl_Virus227,Tomato_Yellow_Leaf_Curl_Virus227,True,0.99998116
data/raw/Mendeley/plantvillage/Preprocessed data/Tomato_Yellow_Leaf_Curl_Virus227/Tyl2718.jpg,Tomato_Yellow_Leaf_Curl_Virus227,0,7,7,Tomato_Yellow_Leaf_Curl_Virus227,Tomato_Yellow_Leaf_Curl_Virus227,True,0.99580055
data/raw/Mendeley/plantvillage/Preprocessed data/Tomato_Yellow_Leaf_Curl_Virus227/Tyl2720.jpg,Tomato_Yellow_Leaf_Curl_Virus227,0,7,7,Tomato_Yellow_Leaf_Curl_Virus227,Tomato_Yellow_Leaf_Curl_Virus227,True,0.99999785
data/raw/Mendeley/plantvillage/Preprocessed data/Tomato_Yellow_Leaf_Curl_Virus227/Tyl2721.jpg,Tomato_Yellow_Leaf_Curl_Virus227,0,7,7,Tomato_Yellow_Leaf_Curl_Virus227,Tomato_Yellow_Leaf_Curl_Virus227,True,0.998754
data/raw/Mendeley/plantvillage/Preprocessed data/Tomato_Yellow_Leaf_Curl_Virus227/Tyl2726.jpg,Tomato_Yellow_Leaf_Curl_Virus227,0,7,7,Tomato_Yellow_Leaf_Curl_Virus227,Tomato_Yellow_Leaf_Curl_Virus227,True,0.9999211
data/raw/Mendeley/plantvillage/Preprocessed data/Tomato_Yellow_Leaf_Curl_Virus227/Tyl2729.jpg,Tomato_Yellow_Leaf_Curl_Virus227,0,7,7,Tomato_Yellow_Leaf_Curl_Virus227,Tomato_Yellow_Leaf_Curl_Virus227,True,0.99999607
data/raw/Mendeley/plantvillage/Preprocessed data/Tomato_Yellow_Leaf_Curl_Virus227/Tyl2744.jpg,Tomato_Yellow_Leaf_Curl_Virus227,0,7,7,Tomato_Yellow_Leaf_Curl_Virus227,Tomato_Yellow_Leaf_Curl_Virus227,True,0.9832425
data/raw/Mendeley/plantvillage/Preprocessed data/Tomato_Yellow_Leaf_Curl_Virus227/Tyl2755.jpg,Tomato_Yellow_Leaf_Curl_Virus227,0,7,7,Tomato_Yellow_Leaf_Curl_Virus227,Tomato_Yellow_Leaf_Curl_Virus227,True,0.99999475
data/raw/Mendeley/plantvillage/Preprocessed data/Tomato_Yellow_Leaf_Curl_Virus227/Tyl2758.jpg,Tomato_Yellow_Leaf_Curl_Virus227,0,7,7,Tomato_Yellow_Leaf_Curl_Virus227,Tomato_Yellow_Leaf_Curl_Virus227,True,0.9997236
data/raw/Mendeley/plantvillage/Preprocessed data/Tomato_Yellow_Leaf_Curl_Virus227/Tyl276.jpg,Tomato_Yellow_Leaf_Curl_Virus227,0,7,7,Tomato_Yellow_Leaf_Curl_Virus227,Tomato_Yellow_Leaf_Curl_Virus227,True,0.99999964
data/raw/Mendeley/plantvillage/Preprocessed data/Tomato_Yellow_Leaf_Curl_Virus227/Tyl2760.jpg,Tomato_Yellow_Leaf_Curl_Virus227,0,7,7,Tomato_Yellow_Leaf_Curl_Virus227,Tomato_Yellow_Leaf_Curl_Virus227,True,0.99976677
data/raw/Mendeley/plantvillage/Preprocessed data/Tomato_Yellow_Leaf_Curl_Virus227/Tyl2762.jpg,Tomato_Yellow_Leaf_Curl_Virus227,0,7,7,Tomato_Yellow_Leaf_Curl_Virus227,Tomato_Yellow_Leaf_Curl_Virus227,True,0.99997246
data/raw/Mendeley/plantvillage/Preprocessed data/Tomato_Yellow_Leaf_Curl_Virus227/Tyl2764.jpg,Tomato_Yellow_Leaf_Curl_Virus227,0,7,7,Tomato_Yellow_Leaf_Curl_Virus227,Tomato_Yellow_Leaf_Curl_Virus227,True,0.9999341
data/raw/Mendeley/plantvillage/Preprocessed data/Tomato_Yellow_Leaf_Curl_Virus227/Tyl277.jpg,Tomato_Yellow_Leaf_Curl_Virus227,0,7,7,Tomato_Yellow_Leaf_Curl_Virus227,Tomato_Yellow_Leaf_Curl_Virus227,True,0.99996686
data/raw/Mendeley/plantvillage/Preprocessed data/Tomato_Yellow_Leaf_Curl_Virus227/Tyl2774.jpg,Tomato_Yellow_Leaf_Curl_Virus227,0,7,7,Tomato_Yellow_Leaf_Curl_Virus227,Tomato_Yellow_Leaf_Curl_Virus227,True,0.99965477
data/raw/Mendeley/plantvillage/Preprocessed data/Tomato_Yellow_Leaf_Curl_Virus227/Tyl2781.jpg,Tomato_Yellow_Leaf_Curl_Virus227,0,7,7,Tomato_Yellow_Leaf_Curl_Virus227,Tomato_Yellow_Leaf_Curl_Virus227,True,0.9999653
data/raw/Mendeley/plantvillage/Preprocessed data/Tomato_Yellow_Leaf_Curl_Virus227/Tyl2782.jpg,Tomato_Yellow_Leaf_Curl_Virus227,0,7,7,Tomato_Yellow_Leaf_Curl_Virus227,Tomato_Yellow_Leaf_Curl_Virus227,True,0.99988115
data/raw/Mendeley/plantvillage/Preprocessed data/Tomato_Yellow_Leaf_Curl_Virus227/Tyl2796.jpg,Tomato_Yellow_Leaf_Curl_Virus227,0,7,7,Tomato_Yellow_Leaf_Curl_Virus227,Tomato_Yellow_Leaf_Curl_Virus227,True,0.99959904
data/raw/Mendeley/plantvillage/Preprocessed data/Tomato_Yellow_Leaf_Curl_Virus227/Tyl2799.jpg,Tomato_Yellow_Leaf_Curl_Virus227,0,7,7,Tomato_Yellow_Leaf_Curl_Virus227,Tomato_Yellow_Leaf_Curl_Virus227,True,0.99992156
data/raw/Mendeley/plantvillage/Preprocessed data/Tomato_Yellow_Leaf_Curl_Virus227/Tyl2803.jpg,Tomato_Yellow_Leaf_Curl_Virus227,0,7,7,Tomato_Yellow_Leaf_Curl_Virus227,Tomato_Yellow_Leaf_Curl_Virus227,True,0.99996126
data/raw/Mendeley/plantvillage/Preprocessed data/Tomato_Yellow_Leaf_Curl_Virus227/Tyl2804.jpg,Tomato_Yellow_Leaf_Curl_Virus227,0,7,7,Tomato_Yellow_Leaf_Curl_Virus227,Tomato_Yellow_Leaf_Curl_Virus227,True,0.999997
data/raw/Mendeley/plantvillage/Preprocessed data/Tomato_Yellow_Leaf_Curl_Virus227/Tyl2805.jpg,Tomato_Yellow_Leaf_Curl_Virus227,0,7,7,Tomato_Yellow_Leaf_Curl_Virus227,Tomato_Yellow_Leaf_Curl_Virus227,True,0.9997607
data/raw/Mendeley/plantvillage/Preprocessed data/Tomato_Yellow_Leaf_Curl_Virus227/Tyl2807.jpg,Tomato_Yellow_Leaf_Curl_Virus227,0,7,7,Tomato_Yellow_Leaf_Curl_Virus227,Tomato_Yellow_Leaf_Curl_Virus227,True,0.9999336
data/raw/Mendeley/plantvillage/Preprocessed data/Tomato_Yellow_Leaf_Curl_Virus227/Tyl2808.jpg,Tomato_Yellow_Leaf_Curl_Virus227,0,7,7,Tomato_Yellow_Leaf_Curl_Virus227,Tomato_Yellow_Leaf_Curl_Virus227,True,0.9999987
data/raw/Mendeley/plantvillage/Preprocessed data/Tomato_Yellow_Leaf_Curl_Virus227/Tyl2813.jpg,Tomato_Yellow_Leaf_Curl_Virus227,0,7,7,Tomato_Yellow_Leaf_Curl_Virus227,Tomato_Yellow_Leaf_Curl_Virus227,True,0.999998
data/raw/Mendeley/plantvillage/Preprocessed data/Tomato_Yellow_Leaf_Curl_Virus227/Tyl2817.jpg,Tomato_Yellow_Leaf_Curl_Virus227,0,7,7,Tomato_Yellow_Leaf_Curl_Virus227,Tomato_Yellow_Leaf_Curl_Virus227,True,0.9985392
data/raw/Mendeley/plantvillage/Preprocessed data/Tomato_Yellow_Leaf_Curl_Virus227/Tyl282.jpg,Tomato_Yellow_Leaf_Curl_Virus227,0,7,7,Tomato_Yellow_Leaf_Curl_Virus227,Tomato_Yellow_Leaf_Curl_Virus227,True,0.9995783
data/raw/Mendeley/plantvillage/Preprocessed data/Tomato_Yellow_Leaf_Curl_Virus227/Tyl2821.jpg,Tomato_Yellow_Leaf_Curl_Virus227,0,7,7,Tomato_Yellow_Leaf_Curl_Virus227,Tomato_Yellow_Leaf_Curl_Virus227,True,0.9999838
data/raw/Mendeley/plantvillage/Preprocessed data/Tomato_Yellow_Leaf_Curl_Virus227/Tyl2825.jpg,Tomato_Yellow_Leaf_Curl_Virus227,0,7,7,Tomato_Yellow_Leaf_Curl_Virus227,Tomato_Yellow_Leaf_Curl_Virus227,True,0.99216545
data/raw/Mendeley/plantvillage/Preprocessed data/Tomato_Yellow_Leaf_Curl_Virus227/Tyl2834.jpg,Tomato_Yellow_Leaf_Curl_Virus227,0,7,7,Tomato_Yellow_Leaf_Curl_Virus227,Tomato_Yellow_Leaf_Curl_Virus227,True,0.9999982
data/raw/Mendeley/plantvillage/Preprocessed data/Tomato_Yellow_Leaf_Curl_Virus227/Tyl2839.jpg,Tomato_Yellow_Leaf_Curl_Virus227,0,7,7,Tomato_Yellow_Leaf_Curl_Virus227,Tomato_Yellow_Leaf_Curl_Virus227,True,0.98987776
data/raw/Mendeley/plantvillage/Preprocessed data/Tomato_Yellow_Leaf_Curl_Virus227/Tyl2841.jpg,Tomato_Yellow_Leaf_Curl_Virus227,0,7,7,Tomato_Yellow_Leaf_Curl_Virus227,Tomato_Yellow_Leaf_Curl_Virus227,True,0.99999547
data/raw/Mendeley/plantvillage/Preprocessed data/Tomato_Yellow_Leaf_Curl_Virus227/Tyl2844.jpg,Tomato_Yellow_Leaf_Curl_Virus227,0,7,7,Tomato_Yellow_Leaf_Curl_Virus227,Tomato_Yellow_Leaf_Curl_Virus227,True,0.9999844
data/raw/Mendeley/plantvillage/Preprocessed data/Tomato_Yellow_Leaf_Curl_Virus227/Tyl2848.jpg,Tomato_Yellow_Leaf_Curl_Virus227,0,7,7,Tomato_Yellow_Leaf_Curl_Virus227,Tomato_Yellow_Leaf_Curl_Virus227,True,0.9999528
data/raw/Mendeley/plantvillage/Preprocessed data/Tomato_Yellow_Leaf_Curl_Virus227/Tyl2857.jpg,Tomato_Yellow_Leaf_Curl_Virus227,0,7,7,Tomato_Yellow_Leaf_Curl_Virus227,Tomato_Yellow_Leaf_Curl_Virus227,True,0.99997854
data/raw/Mendeley/plantvillage/Preprocessed data/Tomato_Yellow_Leaf_Curl_Virus227/Tyl286.jpg,Tomato_Yellow_Leaf_Curl_Virus227,0,7,7,Tomato_Yellow_Leaf_Curl_Virus227,Tomato_Yellow_Leaf_Curl_Virus227,True,0.9999933
data/raw/Mendeley/plantvillage/Preprocessed data/Tomato_Yellow_Leaf_Curl_Virus227/Tyl287.jpg,Tomato_Yellow_Leaf_Curl_Virus227,0,7,7,Tomato_Yellow_Leaf_Curl_Virus227,Tomato_Yellow_Leaf_Curl_Virus227,True,0.99999714
data/raw/Mendeley/plantvillage/Preprocessed data/Tomato_Yellow_Leaf_Curl_Virus227/Tyl2872.jpg,Tomato_Yellow_Leaf_Curl_Virus227,0,7,7,Tomato_Yellow_Leaf_Curl_Virus227,Tomato_Yellow_Leaf_Curl_Virus227,True,0.99999976
data/raw/Mendeley/plantvillage/Preprocessed data/Tomato_Yellow_Leaf_Curl_Virus227/Tyl2874.jpg,Tomato_Yellow_Leaf_Curl_Virus227,0,7,7,Tomato_Yellow_Leaf_Curl_Virus227,Tomato_Yellow_Leaf_Curl_Virus227,True,0.99999964
data/raw/Mendeley/plantvillage/Preprocessed data/Tomato_Yellow_Leaf_Curl_Virus227/Tyl2883.jpg,Tomato_Yellow_Leaf_Curl_Virus227,0,7,7,Tomato_Yellow_Leaf_Curl_Virus227,Tomato_Yellow_Leaf_Curl_Virus227,True,0.99962664
data/raw/Mendeley/plantvillage/Preprocessed data/Tomato_Yellow_Leaf_Curl_Virus227/Tyl2893.jpg,Tomato_Yellow_Leaf_Curl_Virus227,0,7,7,Tomato_Yellow_Leaf_Curl_Virus227,Tomato_Yellow_Leaf_Curl_Virus227,True,0.9999982
data/raw/Mendeley/plantvillage/Preprocessed data/Tomato_Yellow_Leaf_Curl_Virus227/Tyl2900.jpg,Tomato_Yellow_Leaf_Curl_Virus227,0,7,7,Tomato_Yellow_Leaf_Curl_Virus227,Tomato_Yellow_Leaf_Curl_Virus227,True,0.9961112
data/raw/Mendeley/plantvillage/Preprocessed data/Tomato_Yellow_Leaf_Curl_Virus227/Tyl2901.jpg,Tomato_Yellow_Leaf_Curl_Virus227,0,7,7,Tomato_Yellow_Leaf_Curl_Virus227,Tomato_Yellow_Leaf_Curl_Virus227,True,0.99628866
data/raw/Mendeley/plantvillage/Preprocessed data/Tomato_Yellow_Leaf_Curl_Virus227/Tyl2906.jpg,Tomato_Yellow_Leaf_Curl_Virus227,0,7,7,Tomato_Yellow_Leaf_Curl_Virus227,Tomato_Yellow_Leaf_Curl_Virus227,True,0.9999943
data/raw/Mendeley/plantvillage/Preprocessed data/Tomato_Yellow_Leaf_Curl_Virus227/Tyl2909.jpg,Tomato_Yellow_Leaf_Curl_Virus227,0,7,7,Tomato_Yellow_Leaf_Curl_Virus227,Tomato_Yellow_Leaf_Curl_Virus227,True,0.99984765
data/raw/Mendeley/plantvillage/Preprocessed data/Tomato_Yellow_Leaf_Curl_Virus227/Tyl2919.jpg,Tomato_Yellow_Leaf_Curl_Virus227,0,7,7,Tomato_Yellow_Leaf_Curl_Virus227,Tomato_Yellow_Leaf_Curl_Virus227,True,0.9999932
data/raw/Mendeley/plantvillage/Preprocessed data/Tomato_Yellow_Leaf_Curl_Virus227/Tyl2926.jpg,Tomato_Yellow_Leaf_Curl_Virus227,0,7,7,Tomato_Yellow_Leaf_Curl_Virus227,Tomato_Yellow_Leaf_Curl_Virus227,True,0.99991643
data/raw/Mendeley/plantvillage/Preprocessed data/Tomato_Yellow_Leaf_Curl_Virus227/Tyl2927.jpg,Tomato_Yellow_Leaf_Curl_Virus227,0,7,7,Tomato_Yellow_Leaf_Curl_Virus227,Tomato_Yellow_Leaf_Curl_Virus227,True,0.9998522
data/raw/Mendeley/plantvillage/Preprocessed data/Tomato_Yellow_Leaf_Curl_Virus227/Tyl2935.jpg,Tomato_Yellow_Leaf_Curl_Virus227,0,7,7,Tomato_Yellow_Leaf_Curl_Virus227,Tomato_Yellow_Leaf_Curl_Virus227,True,0.99999976
data/raw/Mendeley/plantvillage/Preprocessed data/Tomato_Yellow_Leaf_Curl_Virus227/Tyl2940.jpg,Tomato_Yellow_Leaf_Curl_Virus227,0,7,7,Tomato_Yellow_Leaf_Curl_Virus227,Tomato_Yellow_Leaf_Curl_Virus227,True,0.9999913
data/raw/Mendeley/plantvillage/Preprocessed data/Tomato_Yellow_Leaf_Curl_Virus227/Tyl2945.jpg,Tomato_Yellow_Leaf_Curl_Virus227,0,7,7,Tomato_Yellow_Leaf_Curl_Virus227,Tomato_Yellow_Leaf_Curl_Virus227,True,0.9985678
data/raw/Mendeley/plantvillage/Preprocessed data/Tomato_Yellow_Leaf_Curl_Virus227/Tyl2959.jpg,Tomato_Yellow_Leaf_Curl_Virus227,0,7,7,Tomato_Yellow_Leaf_Curl_Virus227,Tomato_Yellow_Leaf_Curl_Virus227,True,0.9999951
data/raw/Mendeley/plantvillage/Preprocessed data/Tomato_Yellow_Leaf_Curl_Virus227/Tyl297.jpg,Tomato_Yellow_Leaf_Curl_Virus227,0,7,7,Tomato_Yellow_Leaf_Curl_Virus227,Tomato_Yellow_Leaf_Curl_Virus227,True,0.9999293
data/raw/Mendeley/plantvillage/Preprocessed data/Tomato_Yellow_Leaf_Curl_Virus227/Tyl2974.jpg,Tomato_Yellow_Leaf_Curl_Virus227,0,7,7,Tomato_Yellow_Leaf_Curl_Virus227,Tomato_Yellow_Leaf_Curl_Virus227,True,0.99992526
data/raw/Mendeley/plantvillage/Preprocessed data/Tomato_Yellow_Leaf_Curl_Virus227/Tyl2977.jpg,Tomato_Yellow_Leaf_Curl_Virus227,0,7,7,Tomato_Yellow_Leaf_Curl_Virus227,Tomato_Yellow_Leaf_Curl_Virus227,True,0.9999988
data/raw/Mendeley/plantvillage/Preprocessed data/Tomato_Yellow_Leaf_Curl_Virus227/Tyl2984.jpg,Tomato_Yellow_Leaf_Curl_Virus227,0,7,7,Tomato_Yellow_Leaf_Curl_Virus227,Tomato_Yellow_Leaf_Curl_Virus227,True,0.9999963
data/raw/Mendeley/plantvillage/Preprocessed data/Tomato_Yellow_Leaf_Curl_Virus227/Tyl2989.jpg,Tomato_Yellow_Leaf_Curl_Virus227,0,7,7,Tomato_Yellow_Leaf_Curl_Virus227,Tomato_Yellow_Leaf_Curl_Virus227,True,0.9985455
data/raw/Mendeley/plantvillage/Preprocessed data/Tomato_Yellow_Leaf_Curl_Virus227/Tyl2990.jpg,Tomato_Yellow_Leaf_Curl_Virus227,0,7,7,Tomato_Yellow_Leaf_Curl_Virus227,Tomato_Yellow_Leaf_Curl_Virus227,True,0.99999595
data/raw/Mendeley/plantvillage/Preprocessed data/Tomato_Yellow_Leaf_Curl_Virus227/Tyl2997.jpg,Tomato_Yellow_Leaf_Curl_Virus227,0,7,7,Tomato_Yellow_Leaf_Curl_Virus227,Tomato_Yellow_Leaf_Curl_Virus227,True,0.9998673
data/raw/Mendeley/plantvillage/Preprocessed data/Tomato_Yellow_Leaf_Curl_Virus227/Tyl30.jpg,Tomato_Yellow_Leaf_Curl_Virus227,0,7,7,Tomato_Yellow_Leaf_Curl_Virus227,Tomato_Yellow_Leaf_Curl_Virus227,True,0.99999845
data/raw/Mendeley/plantvillage/Preprocessed data/Tomato_Yellow_Leaf_Curl_Virus227/Tyl300.jpg,Tomato_Yellow_Leaf_Curl_Virus227,0,7,7,Tomato_Yellow_Leaf_Curl_Virus227,Tomato_Yellow_Leaf_Curl_Virus227,True,0.99993086
data/raw/Mendeley/plantvillage/Preprocessed data/Tomato_Yellow_Leaf_Curl_Virus227/Tyl3009.jpg,Tomato_Yellow_Leaf_Curl_Virus227,0,7,7,Tomato_Yellow_Leaf_Curl_Virus227,Tomato_Yellow_Leaf_Curl_Virus227,True,0.99999475
data/raw/Mendeley/plantvillage/Preprocessed data/Tomato_Yellow_Leaf_Curl_Virus227/Tyl3014.jpg,Tomato_Yellow_Leaf_Curl_Virus227,0,7,7,Tomato_Yellow_Leaf_Curl_Virus227,Tomato_Yellow_Leaf_Curl_Virus227,True,0.8608084
data/raw/Mendeley/plantvillage/Preprocessed data/Tomato_Yellow_Leaf_Curl_Virus227/Tyl3015.jpg,Tomato_Yellow_Leaf_Curl_Virus227,0,7,7,Tomato_Yellow_Leaf_Curl_Virus227,Tomato_Yellow_Leaf_Curl_Virus227,True,0.9998715
data/raw/Mendeley/plantvillage/Preprocessed data/Tomato_Yellow_Leaf_Curl_Virus227/Tyl3017.jpg,Tomato_Yellow_Leaf_Curl_Virus227,0,7,7,Tomato_Yellow_Leaf_Curl_Virus227,Tomato_Yellow_Leaf_Curl_Virus227,True,0.99999547
data/raw/Mendeley/plantvillage/Preprocessed data/Tomato_Yellow_Leaf_Curl_Virus227/Tyl3019.jpg,Tomato_Yellow_Leaf_Curl_Virus227,0,7,7,Tomato_Yellow_Leaf_Curl_Virus227,Tomato_Yellow_Leaf_Curl_Virus227,True,0.9999212
data/raw/Mendeley/plantvillage/Preprocessed data/Tomato_Yellow_Leaf_Curl_Virus227/Tyl302.jpg,Tomato_Yellow_Leaf_Curl_Virus227,0,7,7,Tomato_Yellow_Leaf_Curl_Virus227,Tomato_Yellow_Leaf_Curl_Virus227,True,0.999676
data/raw/Mendeley/plantvillage/Preprocessed data/Tomato_Yellow_Leaf_Curl_Virus227/Tyl3020.jpg,Tomato_Yellow_Leaf_Curl_Virus227,0,7,7,Tomato_Yellow_Leaf_Curl_Virus227,Tomato_Yellow_Leaf_Curl_Virus227,True,0.9999995
data/raw/Mendeley/plantvillage/Preprocessed data/Tomato_Yellow_Leaf_Curl_Virus227/Tyl3023.jpg,Tomato_Yellow_Leaf_Curl_Virus227,0,7,7,Tomato_Yellow_Leaf_Curl_Virus227,Tomato_Yellow_Leaf_Curl_Virus227,True,0.99999344
data/raw/Mendeley/plantvillage/Preprocessed data/Tomato_Yellow_Leaf_Curl_Virus227/Tyl3026.jpg,Tomato_Yellow_Leaf_Curl_Virus227,0,7,7,Tomato_Yellow_Leaf_Curl_Virus227,Tomato_Yellow_Leaf_Curl_Virus227,True,0.999982
data/raw/Mendeley/plantvillage/Preprocessed data/Tomato_Yellow_Leaf_Curl_Virus227/Tyl3027.jpg,Tomato_Yellow_Leaf_Curl_Virus227,0,7,7,Tomato_Yellow_Leaf_Curl_Virus227,Tomato_Yellow_Leaf_Curl_Virus227,True,0.9969989
data/raw/Mendeley/plantvillage/Preprocessed data/Tomato_Yellow_Leaf_Curl_Virus227/Tyl3048.jpg,Tomato_Yellow_Leaf_Curl_Virus227,0,7,7,Tomato_Yellow_Leaf_Curl_Virus227,Tomato_Yellow_Leaf_Curl_Virus227,True,0.9971373
data/raw/Mendeley/plantvillage/Preprocessed data/Tomato_Yellow_Leaf_Curl_Virus227/Tyl3052.jpg,Tomato_Yellow_Leaf_Curl_Virus227,0,7,7,Tomato_Yellow_Leaf_Curl_Virus227,Tomato_Yellow_Leaf_Curl_Virus227,True,0.99982244
data/raw/Mendeley/plantvillage/Preprocessed data/Tomato_Yellow_Leaf_Curl_Virus227/Tyl3057.jpg,Tomato_Yellow_Leaf_Curl_Virus227,0,7,7,Tomato_Yellow_Leaf_Curl_Virus227,Tomato_Yellow_Leaf_Curl_Virus227,True,0.999997
data/raw/Mendeley/plantvillage/Preprocessed data/Tomato_Yellow_Leaf_Curl_Virus227/Tyl3065.jpg,Tomato_Yellow_Leaf_Curl_Virus227,0,7,7,Tomato_Yellow_Leaf_Curl_Virus227,Tomato_Yellow_Leaf_Curl_Virus227,True,0.9998091
data/raw/Mendeley/plantvillage/Preprocessed data/Tomato_Yellow_Leaf_Curl_Virus227/Tyl3067.jpg,Tomato_Yellow_Leaf_Curl_Virus227,0,7,7,Tomato_Yellow_Leaf_Curl_Virus227,Tomato_Yellow_Leaf_Curl_Virus227,True,0.9994555
data/raw/Mendeley/plantvillage/Preprocessed data/Tomato_Yellow_Leaf_Curl_Virus227/Tyl3085.jpg,Tomato_Yellow_Leaf_Curl_Virus227,0,7,7,Tomato_Yellow_Leaf_Curl_Virus227,Tomato_Yellow_Leaf_Curl_Virus227,True,0.9987953
data/raw/Mendeley/plantvillage/Preprocessed data/Tomato_Yellow_Leaf_Curl_Virus227/Tyl3095.jpg,Tomato_Yellow_Leaf_Curl_Virus227,0,7,7,Tomato_Yellow_Leaf_Curl_Virus227,Tomato_Yellow_Leaf_Curl_Virus227,True,0.9996909
data/raw/Mendeley/plantvillage/Preprocessed data/Tomato_Yellow_Leaf_Curl_Virus227/Tyl3098.jpg,Tomato_Yellow_Leaf_Curl_Virus227,0,7,7,Tomato_Yellow_Leaf_Curl_Virus227,Tomato_Yellow_Leaf_Curl_Virus227,True,0.99998045
data/raw/Mendeley/plantvillage/Preprocessed data/Tomato_Yellow_Leaf_Curl_Virus227/Tyl31.jpg,Tomato_Yellow_Leaf_Curl_Virus227,0,7,7,Tomato_Yellow_Leaf_Curl_Virus227,Tomato_Yellow_Leaf_Curl_Virus227,True,0.99999833
data/raw/Mendeley/plantvillage/Preprocessed data/Tomato_Yellow_Leaf_Curl_Virus227/Tyl3103.jpg,Tomato_Yellow_Leaf_Curl_Virus227,0,7,7,Tomato_Yellow_Leaf_Curl_Virus227,Tomato_Yellow_Leaf_Curl_Virus227,True,0.9999876
data/raw/Mendeley/plantvillage/Preprocessed data/Tomato_Yellow_Leaf_Curl_Virus227/Tyl3105.jpg,Tomato_Yellow_Leaf_Curl_Virus227,0,7,7,Tomato_Yellow_Leaf_Curl_Virus227,Tomato_Yellow_Leaf_Curl_Virus227,True,0.99998593
data/raw/Mendeley/plantvillage/Preprocessed data/Tomato_Yellow_Leaf_Curl_Virus227/Tyl3110.jpg,Tomato_Yellow_Leaf_Curl_Virus227,0,7,7,Tomato_Yellow_Leaf_Curl_Virus227,Tomato_Yellow_Leaf_Curl_Virus227,True,0.999987
data/raw/Mendeley/plantvillage/Preprocessed data/Tomato_Yellow_Leaf_Curl_Virus227/Tyl3114.jpg,Tomato_Yellow_Leaf_Curl_Virus227,0,7,7,Tomato_Yellow_Leaf_Curl_Virus227,Tomato_Yellow_Leaf_Curl_Virus227,True,0.9999752
data/raw/Mendeley/plantvillage/Preprocessed data/Tomato_Yellow_Leaf_Curl_Virus227/Tyl3117.jpg,Tomato_Yellow_Leaf_Curl_Virus227,0,7,7,Tomato_Yellow_Leaf_Curl_Virus227,Tomato_Yellow_Leaf_Curl_Virus227,True,0.99999964
data/raw/Mendeley/plantvillage/Preprocessed data/Tomato_Yellow_Leaf_Curl_Virus227/Tyl3118.jpg,Tomato_Yellow_Leaf_Curl_Virus227,0,7,7,Tomato_Yellow_Leaf_Curl_Virus227,Tomato_Yellow_Leaf_Curl_Virus227,True,0.9995233
data/raw/Mendeley/plantvillage/Preprocessed data/Tomato_Yellow_Leaf_Curl_Virus227/Tyl312.jpg,Tomato_Yellow_Leaf_Curl_Virus227,0,7,7,Tomato_Yellow_Leaf_Curl_Virus227,Tomato_Yellow_Leaf_Curl_Virus227,True,0.9999995
data/raw/Mendeley/plantvillage/Preprocessed data/Tomato_Yellow_Leaf_Curl_Virus227/Tyl3122.jpg,Tomato_Yellow_Leaf_Curl_Virus227,0,7,7,Tomato_Yellow_Leaf_Curl_Virus227,Tomato_Yellow_Leaf_Curl_Virus227,True,0.9999987
data/raw/Mendeley/plantvillage/Preprocessed data/Tomato_Yellow_Leaf_Curl_Virus227/Tyl3129.jpg,Tomato_Yellow_Leaf_Curl_Virus227,0,7,7,Tomato_Yellow_Leaf_Curl_Virus227,Tomato_Yellow_Leaf_Curl_Virus227,True,0.999944
data/raw/Mendeley/plantvillage/Preprocessed data/Tomato_Yellow_Leaf_Curl_Virus227/Tyl313.jpg,Tomato_Yellow_Leaf_Curl_Virus227,0,7,7,Tomato_Yellow_Leaf_Curl_Virus227,Tomato_Yellow_Leaf_Curl_Virus227,True,0.9999962
data/raw/Mendeley/plantvillage/Preprocessed data/Tomato_Yellow_Leaf_Curl_Virus227/Tyl3132.jpg,Tomato_Yellow_Leaf_Curl_Virus227,0,7,7,Tomato_Yellow_Leaf_Curl_Virus227,Tomato_Yellow_Leaf_Curl_Virus227,True,0.9999987
data/raw/Mendeley/plantvillage/Preprocessed data/Tomato_Yellow_Leaf_Curl_Virus227/Tyl3133.jpg,Tomato_Yellow_Leaf_Curl_Virus227,0,7,7,Tomato_Yellow_Leaf_Curl_Virus227,Tomato_Yellow_Leaf_Curl_Virus227,True,0.99999094
data/raw/Mendeley/plantvillage/Preprocessed data/Tomato_Yellow_Leaf_Curl_Virus227/Tyl3134.jpg,Tomato_Yellow_Leaf_Curl_Virus227,0,7,7,Tomato_Yellow_Leaf_Curl_Virus227,Tomato_Yellow_Leaf_Curl_Virus227,True,0.9999354
data/raw/Mendeley/plantvillage/Preprocessed data/Tomato_Yellow_Leaf_Curl_Virus227/Tyl3145.jpg,Tomato_Yellow_Leaf_Curl_Virus227,0,7,7,Tomato_Yellow_Leaf_Curl_Virus227,Tomato_Yellow_Leaf_Curl_Virus227,True,0.9925309
data/raw/Mendeley/plantvillage/Preprocessed data/Tomato_Yellow_Leaf_Curl_Virus227/Tyl3150.jpg,Tomato_Yellow_Leaf_Curl_Virus227,0,7,7,Tomato_Yellow_Leaf_Curl_Virus227,Tomato_Yellow_Leaf_Curl_Virus227,True,0.9999939
data/raw/Mendeley/plantvillage/Preprocessed data/Tomato_Yellow_Leaf_Curl_Virus227/Tyl3154.jpg,Tomato_Yellow_Leaf_Curl_Virus227,0,7,7,Tomato_Yellow_Leaf_Curl_Virus227,Tomato_Yellow_Leaf_Curl_Virus227,True,0.999998
data/raw/Mendeley/plantvillage/Preprocessed data/Tomato_Yellow_Leaf_Curl_Virus227/Tyl3157.jpg,Tomato_Yellow_Leaf_Curl_Virus227,0,7,7,Tomato_Yellow_Leaf_Curl_Virus227,Tomato_Yellow_Leaf_Curl_Virus227,True,0.99999964
data/raw/Mendeley/plantvillage/Preprocessed data/Tomato_Yellow_Leaf_Curl_Virus227/Tyl3159.jpg,Tomato_Yellow_Leaf_Curl_Virus227,0,7,7,Tomato_Yellow_Leaf_Curl_Virus227,Tomato_Yellow_Leaf_Curl_Virus227,True,0.999998
data/raw/Mendeley/plantvillage/Preprocessed data/Tomato_Yellow_Leaf_Curl_Virus227/Tyl3163.jpg,Tomato_Yellow_Leaf_Curl_Virus227,0,7,7,Tomato_Yellow_Leaf_Curl_Virus227,Tomato_Yellow_Leaf_Curl_Virus227,True,0.99998784
data/raw/Mendeley/plantvillage/Preprocessed data/Tomato_Yellow_Leaf_Curl_Virus227/Tyl3166.jpg,Tomato_Yellow_Leaf_Curl_Virus227,0,7,7,Tomato_Yellow_Leaf_Curl_Virus227,Tomato_Yellow_Leaf_Curl_Virus227,True,0.9999728
data/raw/Mendeley/plantvillage/Preprocessed data/Tomato_Yellow_Leaf_Curl_Virus227/Tyl3169.jpg,Tomato_Yellow_Leaf_Curl_Virus227,0,7,7,Tomato_Yellow_Leaf_Curl_Virus227,Tomato_Yellow_Leaf_Curl_Virus227,True,0.99999714
data/raw/Mendeley/plantvillage/Preprocessed data/Tomato_Yellow_Leaf_Curl_Virus227/Tyl317.jpg,Tomato_Yellow_Leaf_Curl_Virus227,0,7,7,Tomato_Yellow_Leaf_Curl_Virus227,Tomato_Yellow_Leaf_Curl_Virus227,True,0.9996779
data/raw/Mendeley/plantvillage/Preprocessed data/Tomato_Yellow_Leaf_Curl_Virus227/Tyl3171.jpg,Tomato_Yellow_Leaf_Curl_Virus227,0,7,7,Tomato_Yellow_Leaf_Curl_Virus227,Tomato_Yellow_Leaf_Curl_Virus227,True,0.99998796
data/raw/Mendeley/plantvillage/Preprocessed data/Tomato_Yellow_Leaf_Curl_Virus227/Tyl3173.jpg,Tomato_Yellow_Leaf_Curl_Virus227,0,7,7,Tomato_Yellow_Leaf_Curl_Virus227,Tomato_Yellow_Leaf_Curl_Virus227,True,0.9997483
data/raw/Mendeley/plantvillage/Preprocessed data/Tomato_Yellow_Leaf_Curl_Virus227/Tyl3176.jpg,Tomato_Yellow_Leaf_Curl_Virus227,0,7,7,Tomato_Yellow_Leaf_Curl_Virus227,Tomato_Yellow_Leaf_Curl_Virus227,True,0.9966389
data/raw/Mendeley/plantvillage/Preprocessed data/Tomato_Yellow_Leaf_Curl_Virus227/Tyl3180.jpg,Tomato_Yellow_Leaf_Curl_Virus227,0,7,7,Tomato_Yellow_Leaf_Curl_Virus227,Tomato_Yellow_Leaf_Curl_Virus227,True,0.9999993
data/raw/Mendeley/plantvillage/Preprocessed data/Tomato_Yellow_Leaf_Curl_Virus227/Tyl3185.jpg,Tomato_Yellow_Leaf_Curl_Virus227,0,7,7,Tomato_Yellow_Leaf_Curl_Virus227,Tomato_Yellow_Leaf_Curl_Virus227,True,0.9999902
data/raw/Mendeley/plantvillage/Preprocessed data/Tomato_Yellow_Leaf_Curl_Virus227/Tyl3189.jpg,Tomato_Yellow_Leaf_Curl_Virus227,0,7,7,Tomato_Yellow_Leaf_Curl_Virus227,Tomato_Yellow_Leaf_Curl_Virus227,True,0.99998283
data/raw/Mendeley/plantvillage/Preprocessed data/Tomato_Yellow_Leaf_Curl_Virus227/Tyl3195.jpg,Tomato_Yellow_Leaf_Curl_Virus227,0,7,7,Tomato_Yellow_Leaf_Curl_Virus227,Tomato_Yellow_Leaf_Curl_Virus227,True,0.9999684
data/raw/Mendeley/plantvillage/Preprocessed data/Tomato_Yellow_Leaf_Curl_Virus227/Tyl321.jpg,Tomato_Yellow_Leaf_Curl_Virus227,0,7,7,Tomato_Yellow_Leaf_Curl_Virus227,Tomato_Yellow_Leaf_Curl_Virus227,True,0.9999051
data/raw/Mendeley/plantvillage/Preprocessed data/Tomato_Yellow_Leaf_Curl_Virus227/Tyl3213.jpg,Tomato_Yellow_Leaf_Curl_Virus227,0,7,7,Tomato_Yellow_Leaf_Curl_Virus227,Tomato_Yellow_Leaf_Curl_Virus227,True,1.0
data/raw/Mendeley/plantvillage/Preprocessed data/Tomato_Yellow_Leaf_Curl_Virus227/Tyl3222.jpg,Tomato_Yellow_Leaf_Curl_Virus227,0,7,7,Tomato_Yellow_Leaf_Curl_Virus227,Tomato_Yellow_Leaf_Curl_Virus227,True,0.9997892
data/raw/Mendeley/plantvillage/Preprocessed data/Tomato_Yellow_Leaf_Curl_Virus227/Tyl3223.jpg,Tomato_Yellow_Leaf_Curl_Virus227,0,7,7,Tomato_Yellow_Leaf_Curl_Virus227,Tomato_Yellow_Leaf_Curl_Virus227,True,0.9999994
data/raw/Mendeley/plantvillage/Preprocessed data/Tomato_Yellow_Leaf_Curl_Virus227/Tyl3226.jpg,Tomato_Yellow_Leaf_Curl_Virus227,0,7,7,Tomato_Yellow_Leaf_Curl_Virus227,Tomato_Yellow_Leaf_Curl_Virus227,True,0.99999964
data/raw/Mendeley/plantvillage/Preprocessed data/Tomato_Yellow_Leaf_Curl_Virus227/Tyl3237.jpg,Tomato_Yellow_Leaf_Curl_Virus227,0,7,7,Tomato_Yellow_Leaf_Curl_Virus227,Tomato_Yellow_Leaf_Curl_Virus227,True,0.99994147
data/raw/Mendeley/plantvillage/Preprocessed data/Tomato_Yellow_Leaf_Curl_Virus227/Tyl324.jpg,Tomato_Yellow_Leaf_Curl_Virus227,0,7,7,Tomato_Yellow_Leaf_Curl_Virus227,Tomato_Yellow_Leaf_Curl_Virus227,True,0.999928
data/raw/Mendeley/plantvillage/Preprocessed data/Tomato_Yellow_Leaf_Curl_Virus227/Tyl3241.jpg,Tomato_Yellow_Leaf_Curl_Virus227,0,7,7,Tomato_Yellow_Leaf_Curl_Virus227,Tomato_Yellow_Leaf_Curl_Virus227,True,0.99995637
data/raw/Mendeley/plantvillage/Preprocessed data/Tomato_Yellow_Leaf_Curl_Virus227/Tyl3247.jpg,Tomato_Yellow_Leaf_Curl_Virus227,0,7,7,Tomato_Yellow_Leaf_Curl_Virus227,Tomato_Yellow_Leaf_Curl_Virus227,True,0.9999964
data/raw/Mendeley/plantvillage/Preprocessed data/Tomato_Yellow_Leaf_Curl_Virus227/Tyl3250.jpg,Tomato_Yellow_Leaf_Curl_Virus227,0,7,7,Tomato_Yellow_Leaf_Curl_Virus227,Tomato_Yellow_Leaf_Curl_Virus227,True,0.9999343
data/raw/Mendeley/plantvillage/Preprocessed data/Tomato_Yellow_Leaf_Curl_Virus227/Tyl3251.jpg,Tomato_Yellow_Leaf_Curl_Virus227,0,7,7,Tomato_Yellow_Leaf_Curl_Virus227,Tomato_Yellow_Leaf_Curl_Virus227,True,0.9993672
data/raw/Mendeley/plantvillage/Preprocessed data/Tomato_Yellow_Leaf_Curl_Virus227/Tyl3259.jpg,Tomato_Yellow_Leaf_Curl_Virus227,0,7,7,Tomato_Yellow_Leaf_Curl_Virus227,Tomato_Yellow_Leaf_Curl_Virus227,True,0.9999883
data/raw/Mendeley/plantvillage/Preprocessed data/Tomato_Yellow_Leaf_Curl_Virus227/Tyl3263.jpg,Tomato_Yellow_Leaf_Curl_Virus227,0,7,7,Tomato_Yellow_Leaf_Curl_Virus227,Tomato_Yellow_Leaf_Curl_Virus227,True,0.99999857
data/raw/Mendeley/plantvillage/Preprocessed data/Tomato_Yellow_Leaf_Curl_Virus227/Tyl3264.jpg,Tomato_Yellow_Leaf_Curl_Virus227,0,7,7,Tomato_Yellow_Leaf_Curl_Virus227,Tomato_Yellow_Leaf_Curl_Virus227,True,0.99966824
data/raw/Mendeley/plantvillage/Preprocessed data/Tomato_Yellow_Leaf_Curl_Virus227/Tyl3265.jpg,Tomato_Yellow_Leaf_Curl_Virus227,0,7,7,Tomato_Yellow_Leaf_Curl_Virus227,Tomato_Yellow_Leaf_Curl_Virus227,True,0.99991834
data/raw/Mendeley/plantvillage/Preprocessed data/Tomato_Yellow_Leaf_Curl_Virus227/Tyl328.jpg,Tomato_Yellow_Leaf_Curl_Virus227,0,7,7,Tomato_Yellow_Leaf_Curl_Virus227,Tomato_Yellow_Leaf_Curl_Virus227,True,0.999966
data/raw/Mendeley/plantvillage/Preprocessed data/Tomato_Yellow_Leaf_Curl_Virus227/Tyl3281.jpg,Tomato_Yellow_Leaf_Curl_Virus227,0,7,7,Tomato_Yellow_Leaf_Curl_Virus227,Tomato_Yellow_Leaf_Curl_Virus227,True,0.9999968
data/raw/Mendeley/plantvillage/Preprocessed data/Tomato_Yellow_Leaf_Curl_Virus227/Tyl329.jpg,Tomato_Yellow_Leaf_Curl_Virus227,0,7,7,Tomato_Yellow_Leaf_Curl_Virus227,Tomato_Yellow_Leaf_Curl_Virus227,True,0.9999963
data/raw/Mendeley/plantvillage/Preprocessed data/Tomato_Yellow_Leaf_Curl_Virus227/Tyl3290.jpg,Tomato_Yellow_Leaf_Curl_Virus227,0,7,7,Tomato_Yellow_Leaf_Curl_Virus227,Tomato_Yellow_Leaf_Curl_Virus227,True,0.999997
data/raw/Mendeley/plantvillage/Preprocessed data/Tomato_Yellow_Leaf_Curl_Virus227/Tyl3293.jpg,Tomato_Yellow_Leaf_Curl_Virus227,0,7,7,Tomato_Yellow_Leaf_Curl_Virus227,Tomato_Yellow_Leaf_Curl_Virus227,True,0.99968684
data/raw/Mendeley/plantvillage/Preprocessed data/Tomato_Yellow_Leaf_Curl_Virus227/Tyl3304.jpg,Tomato_Yellow_Leaf_Curl_Virus227,0,7,7,Tomato_Yellow_Leaf_Curl_Virus227,Tomato_Yellow_Leaf_Curl_Virus227,True,0.99999344
data/raw/Mendeley/plantvillage/Preprocessed data/Tomato_Yellow_Leaf_Curl_Virus227/Tyl3306.jpg,Tomato_Yellow_Leaf_Curl_Virus227,0,7,7,Tomato_Yellow_Leaf_Curl_Virus227,Tomato_Yellow_Leaf_Curl_Virus227,True,0.99996555
data/raw/Mendeley/plantvillage/Preprocessed data/Tomato_Yellow_Leaf_Curl_Virus227/Tyl3309.jpg,Tomato_Yellow_Leaf_Curl_Virus227,0,7,7,Tomato_Yellow_Leaf_Curl_Virus227,Tomato_Yellow_Leaf_Curl_Virus227,True,0.99999666
data/raw/Mendeley/plantvillage/Preprocessed data/Tomato_Yellow_Leaf_Curl_Virus227/Tyl3313.jpg,Tomato_Yellow_Leaf_Curl_Virus227,0,7,7,Tomato_Yellow_Leaf_Curl_Virus227,Tomato_Yellow_Leaf_Curl_Virus227,True,0.9986461
data/raw/Mendeley/plantvillage/Preprocessed data/Tomato_Yellow_Leaf_Curl_Virus227/Tyl3316.jpg,Tomato_Yellow_Leaf_Curl_Virus227,0,7,7,Tomato_Yellow_Leaf_Curl_Virus227,Tomato_Yellow_Leaf_Curl_Virus227,True,0.9997999
data/raw/Mendeley/plantvillage/Preprocessed data/Tomato_Yellow_Leaf_Curl_Virus227/Tyl332.jpg,Tomato_Yellow_Leaf_Curl_Virus227,0,7,7,Tomato_Yellow_Leaf_Curl_Virus227,Tomato_Yellow_Leaf_Curl_Virus227,True,0.9999652
data/raw/Mendeley/plantvillage/Preprocessed data/Tomato_Yellow_Leaf_Curl_Virus227/Tyl3325.jpg,Tomato_Yellow_Leaf_Curl_Virus227,0,7,7,Tomato_Yellow_Leaf_Curl_Virus227,Tomato_Yellow_Leaf_Curl_Virus227,True,0.99999845
data/raw/Mendeley/plantvillage/Preprocessed data/Tomato_Yellow_Leaf_Curl_Virus227/Tyl3331.jpg,Tomato_Yellow_Leaf_Curl_Virus227,0,7,7,Tomato_Yellow_Leaf_Curl_Virus227,Tomato_Yellow_Leaf_Curl_Virus227,True,0.99986386
data/raw/Mendeley/plantvillage/Preprocessed data/Tomato_Yellow_Leaf_Curl_Virus227/Tyl3336.jpg,Tomato_Yellow_Leaf_Curl_Virus227,0,7,7,Tomato_Yellow_Leaf_Curl_Virus227,Tomato_Yellow_Leaf_Curl_Virus227,True,0.99994075
data/raw/Mendeley/plantvillage/Preprocessed data/Tomato_Yellow_Leaf_Curl_Virus227/Tyl3337.jpg,Tomato_Yellow_Leaf_Curl_Virus227,0,7,7,Tomato_Yellow_Leaf_Curl_Virus227,Tomato_Yellow_Leaf_Curl_Virus227,True,0.99997985
data/raw/Mendeley/plantvillage/Preprocessed data/Tomato_Yellow_Leaf_Curl_Virus227/Tyl3341.jpg,Tomato_Yellow_Leaf_Curl_Virus227,0,7,7,Tomato_Yellow_Leaf_Curl_Virus227,Tomato_Yellow_Leaf_Curl_Virus227,True,0.99999917
data/raw/Mendeley/plantvillage/Preprocessed data/Tomato_Yellow_Leaf_Curl_Virus227/Tyl3343.jpg,Tomato_Yellow_Leaf_Curl_Virus227,0,7,7,Tomato_Yellow_Leaf_Curl_Virus227,Tomato_Yellow_Leaf_Curl_Virus227,True,0.9999982
data/raw/Mendeley/plantvillage/Preprocessed data/Tomato_Yellow_Leaf_Curl_Virus227/Tyl3348.jpg,Tomato_Yellow_Leaf_Curl_Virus227,0,7,7,Tomato_Yellow_Leaf_Curl_Virus227,Tomato_Yellow_Leaf_Curl_Virus227,True,0.9999609
data/raw/Mendeley/plantvillage/Preprocessed data/Tomato_Yellow_Leaf_Curl_Virus227/Tyl3361.jpg,Tomato_Yellow_Leaf_Curl_Virus227,0,7,7,Tomato_Yellow_Leaf_Curl_Virus227,Tomato_Yellow_Leaf_Curl_Virus227,True,0.99995947
data/raw/Mendeley/plantvillage/Preprocessed data/Tomato_Yellow_Leaf_Curl_Virus227/Tyl3362.jpg,Tomato_Yellow_Leaf_Curl_Virus227,0,7,7,Tomato_Yellow_Leaf_Curl_Virus227,Tomato_Yellow_Leaf_Curl_Virus227,True,0.99985504
data/raw/Mendeley/plantvillage/Preprocessed data/Tomato_Yellow_Leaf_Curl_Virus227/Tyl3363.jpg,Tomato_Yellow_Leaf_Curl_Virus227,0,7,7,Tomato_Yellow_Leaf_Curl_Virus227,Tomato_Yellow_Leaf_Curl_Virus227,True,0.9999944
data/raw/Mendeley/plantvillage/Preprocessed data/Tomato_Yellow_Leaf_Curl_Virus227/Tyl3367.jpg,Tomato_Yellow_Leaf_Curl_Virus227,0,7,7,Tomato_Yellow_Leaf_Curl_Virus227,Tomato_Yellow_Leaf_Curl_Virus227,True,0.99996996
data/raw/Mendeley/plantvillage/Preprocessed data/Tomato_Yellow_Leaf_Curl_Virus227/Tyl3371.jpg,Tomato_Yellow_Leaf_Curl_Virus227,0,7,7,Tomato_Yellow_Leaf_Curl_Virus227,Tomato_Yellow_Leaf_Curl_Virus227,True,0.9584415
data/raw/Mendeley/plantvillage/Preprocessed data/Tomato_Yellow_Leaf_Curl_Virus227/Tyl3372.jpg,Tomato_Yellow_Leaf_Curl_Virus227,0,7,7,Tomato_Yellow_Leaf_Curl_Virus227,Tomato_Yellow_Leaf_Curl_Virus227,True,0.9999337
data/raw/Mendeley/plantvillage/Preprocessed data/Tomato_Yellow_Leaf_Curl_Virus227/Tyl3377.jpg,Tomato_Yellow_Leaf_Curl_Virus227,0,7,7,Tomato_Yellow_Leaf_Curl_Virus227,Tomato_Yellow_Leaf_Curl_Virus227,True,0.9999591
data/raw/Mendeley/plantvillage/Preprocessed data/Tomato_Yellow_Leaf_Curl_Virus227/Tyl3379.jpg,Tomato_Yellow_Leaf_Curl_Virus227,0,7,7,Tomato_Yellow_Leaf_Curl_Virus227,Tomato_Yellow_Leaf_Curl_Virus227,True,0.9999831
data/raw/Mendeley/plantvillage/Preprocessed data/Tomato_Yellow_Leaf_Curl_Virus227/Tyl3380.jpg,Tomato_Yellow_Leaf_Curl_Virus227,0,7,7,Tomato_Yellow_Leaf_Curl_Virus227,Tomato_Yellow_Leaf_Curl_Virus227,True,0.9997923
data/raw/Mendeley/plantvillage/Preprocessed data/Tomato_Yellow_Leaf_Curl_Virus227/Tyl3381.jpg,Tomato_Yellow_Leaf_Curl_Virus227,0,7,7,Tomato_Yellow_Leaf_Curl_Virus227,Tomato_Yellow_Leaf_Curl_Virus227,True,0.99921155
data/raw/Mendeley/plantvillage/Preprocessed data/Tomato_Yellow_Leaf_Curl_Virus227/Tyl3385.jpg,Tomato_Yellow_Leaf_Curl_Virus227,0,7,7,Tomato_Yellow_Leaf_Curl_Virus227,Tomato_Yellow_Leaf_Curl_Virus227,True,0.99998474
data/raw/Mendeley/plantvillage/Preprocessed data/Tomato_Yellow_Leaf_Curl_Virus227/Tyl339.jpg,Tomato_Yellow_Leaf_Curl_Virus227,0,7,7,Tomato_Yellow_Leaf_Curl_Virus227,Tomato_Yellow_Leaf_Curl_Virus227,True,0.9991186
data/raw/Mendeley/plantvillage/Preprocessed data/Tomato_Yellow_Leaf_Curl_Virus227/Tyl3394.jpg,Tomato_Yellow_Leaf_Curl_Virus227,0,7,7,Tomato_Yellow_Leaf_Curl_Virus227,Tomato_Yellow_Leaf_Curl_Virus227,True,0.9999995
data/raw/Mendeley/plantvillage/Preprocessed data/Tomato_Yellow_Leaf_Curl_Virus227/Tyl3396.jpg,Tomato_Yellow_Leaf_Curl_Virus227,0,7,7,Tomato_Yellow_Leaf_Curl_Virus227,Tomato_Yellow_Leaf_Curl_Virus227,True,0.99999964
data/raw/Mendeley/plantvillage/Preprocessed data/Tomato_Yellow_Leaf_Curl_Virus227/Tyl340.jpg,Tomato_Yellow_Leaf_Curl_Virus227,0,7,7,Tomato_Yellow_Leaf_Curl_Virus227,Tomato_Yellow_Leaf_Curl_Virus227,True,0.9999838
data/raw/Mendeley/plantvillage/Preprocessed data/Tomato_Yellow_Leaf_Curl_Virus227/Tyl3400.jpg,Tomato_Yellow_Leaf_Curl_Virus227,0,7,7,Tomato_Yellow_Leaf_Curl_Virus227,Tomato_Yellow_Leaf_Curl_Virus227,True,0.9997465
data/raw/Mendeley/plantvillage/Preprocessed data/Tomato_Yellow_Leaf_Curl_Virus227/Tyl3402.jpg,Tomato_Yellow_Leaf_Curl_Virus227,0,7,7,Tomato_Yellow_Leaf_Curl_Virus227,Tomato_Yellow_Leaf_Curl_Virus227,True,0.99999285
data/raw/Mendeley/plantvillage/Preprocessed data/Tomato_Yellow_Leaf_Curl_Virus227/Tyl3405.jpg,Tomato_Yellow_Leaf_Curl_Virus227,0,7,7,Tomato_Yellow_Leaf_Curl_Virus227,Tomato_Yellow_Leaf_Curl_Virus227,True,0.99999416
data/raw/Mendeley/plantvillage/Preprocessed data/Tomato_Yellow_Leaf_Curl_Virus227/Tyl3406.jpg,Tomato_Yellow_Leaf_Curl_Virus227,0,7,7,Tomato_Yellow_Leaf_Curl_Virus227,Tomato_Yellow_Leaf_Curl_Virus227,True,0.9954313
data/raw/Mendeley/plantvillage/Preprocessed data/Tomato_Yellow_Leaf_Curl_Virus227/Tyl341.jpg,Tomato_Yellow_Leaf_Curl_Virus227,0,7,7,Tomato_Yellow_Leaf_Curl_Virus227,Tomato_Yellow_Leaf_Curl_Virus227,True,0.99938035
data/raw/Mendeley/plantvillage/Preprocessed data/Tomato_Yellow_Leaf_Curl_Virus227/Tyl3414.jpg,Tomato_Yellow_Leaf_Curl_Virus227,0,7,7,Tomato_Yellow_Leaf_Curl_Virus227,Tomato_Yellow_Leaf_Curl_Virus227,True,0.9999808
data/raw/Mendeley/plantvillage/Preprocessed data/Tomato_Yellow_Leaf_Curl_Virus227/Tyl3415.jpg,Tomato_Yellow_Leaf_Curl_Virus227,0,7,7,Tomato_Yellow_Leaf_Curl_Virus227,Tomato_Yellow_Leaf_Curl_Virus227,True,0.99999046
data/raw/Mendeley/plantvillage/Preprocessed data/Tomato_Yellow_Leaf_Curl_Virus227/Tyl3421.jpg,Tomato_Yellow_Leaf_Curl_Virus227,0,7,7,Tomato_Yellow_Leaf_Curl_Virus227,Tomato_Yellow_Leaf_Curl_Virus227,True,0.9999912
data/raw/Mendeley/plantvillage/Preprocessed data/Tomato_Yellow_Leaf_Curl_Virus227/Tyl3426.jpg,Tomato_Yellow_Leaf_Curl_Virus227,0,7,7,Tomato_Yellow_Leaf_Curl_Virus227,Tomato_Yellow_Leaf_Curl_Virus227,True,0.99946135
data/raw/Mendeley/plantvillage/Preprocessed data/Tomato_Yellow_Leaf_Curl_Virus227/Tyl3436.jpg,Tomato_Yellow_Leaf_Curl_Virus227,0,7,7,Tomato_Yellow_Leaf_Curl_Virus227,Tomato_Yellow_Leaf_Curl_Virus227,True,0.9986546
data/raw/Mendeley/plantvillage/Preprocessed data/Tomato_Yellow_Leaf_Curl_Virus227/Tyl3438.jpg,Tomato_Yellow_Leaf_Curl_Virus227,0,7,7,Tomato_Yellow_Leaf_Curl_Virus227,Tomato_Yellow_Leaf_Curl_Virus227,True,0.9939353
data/raw/Mendeley/plantvillage/Preprocessed data/Tomato_Yellow_Leaf_Curl_Virus227/Tyl3441.jpg,Tomato_Yellow_Leaf_Curl_Virus227,0,7,7,Tomato_Yellow_Leaf_Curl_Virus227,Tomato_Yellow_Leaf_Curl_Virus227,True,0.99988616
data/raw/Mendeley/plantvillage/Preprocessed data/Tomato_Yellow_Leaf_Curl_Virus227/Tyl3442.jpg,Tomato_Yellow_Leaf_Curl_Virus227,0,7,7,Tomato_Yellow_Leaf_Curl_Virus227,Tomato_Yellow_Leaf_Curl_Virus227,True,0.9999938
data/raw/Mendeley/plantvillage/Preprocessed data/Tomato_Yellow_Leaf_Curl_Virus227/Tyl3443.jpg,Tomato_Yellow_Leaf_Curl_Virus227,0,7,7,Tomato_Yellow_Leaf_Curl_Virus227,Tomato_Yellow_Leaf_Curl_Virus227,True,0.99999976
data/raw/Mendeley/plantvillage/Preprocessed data/Tomato_Yellow_Leaf_Curl_Virus227/Tyl345.jpg,Tomato_Yellow_Leaf_Curl_Virus227,0,7,7,Tomato_Yellow_Leaf_Curl_Virus227,Tomato_Yellow_Leaf_Curl_Virus227,True,0.9995652
data/raw/Mendeley/plantvillage/Preprocessed data/Tomato_Yellow_Leaf_Curl_Virus227/Tyl3462.jpg,Tomato_Yellow_Leaf_Curl_Virus227,0,7,7,Tomato_Yellow_Leaf_Curl_Virus227,Tomato_Yellow_Leaf_Curl_Virus227,True,0.9999962
data/raw/Mendeley/plantvillage/Preprocessed data/Tomato_Yellow_Leaf_Curl_Virus227/Tyl3470.jpg,Tomato_Yellow_Leaf_Curl_Virus227,0,7,7,Tomato_Yellow_Leaf_Curl_Virus227,Tomato_Yellow_Leaf_Curl_Virus227,True,0.9990207
data/raw/Mendeley/plantvillage/Preprocessed data/Tomato_Yellow_Leaf_Curl_Virus227/Tyl3474.jpg,Tomato_Yellow_Leaf_Curl_Virus227,0,7,7,Tomato_Yellow_Leaf_Curl_Virus227,Tomato_Yellow_Leaf_Curl_Virus227,True,0.99999774
data/raw/Mendeley/plantvillage/Preprocessed data/Tomato_Yellow_Leaf_Curl_Virus227/Tyl3475.jpg,Tomato_Yellow_Leaf_Curl_Virus227,0,7,7,Tomato_Yellow_Leaf_Curl_Virus227,Tomato_Yellow_Leaf_Curl_Virus227,True,0.99998987
data/raw/Mendeley/plantvillage/Preprocessed data/Tomato_Yellow_Leaf_Curl_Virus227/Tyl3476.jpg,Tomato_Yellow_Leaf_Curl_Virus227,0,7,7,Tomato_Yellow_Leaf_Curl_Virus227,Tomato_Yellow_Leaf_Curl_Virus227,True,0.99999726
data/raw/Mendeley/plantvillage/Preprocessed data/Tomato_Yellow_Leaf_Curl_Virus227/Tyl3479.jpg,Tomato_Yellow_Leaf_Curl_Virus227,0,7,7,Tomato_Yellow_Leaf_Curl_Virus227,Tomato_Yellow_Leaf_Curl_Virus227,True,0.99999976
data/raw/Mendeley/plantvillage/Preprocessed data/Tomato_Yellow_Leaf_Curl_Virus227/Tyl3480.jpg,Tomato_Yellow_Leaf_Curl_Virus227,0,7,7,Tomato_Yellow_Leaf_Curl_Virus227,Tomato_Yellow_Leaf_Curl_Virus227,True,0.99999046
data/raw/Mendeley/plantvillage/Preprocessed data/Tomato_Yellow_Leaf_Curl_Virus227/Tyl3494.jpg,Tomato_Yellow_Leaf_Curl_Virus227,0,7,7,Tomato_Yellow_Leaf_Curl_Virus227,Tomato_Yellow_Leaf_Curl_Virus227,True,0.9999981
data/raw/Mendeley/plantvillage/Preprocessed data/Tomato_Yellow_Leaf_Curl_Virus227/Tyl3498.jpg,Tomato_Yellow_Leaf_Curl_Virus227,0,7,7,Tomato_Yellow_Leaf_Curl_Virus227,Tomato_Yellow_Leaf_Curl_Virus227,True,0.9998765
data/raw/Mendeley/plantvillage/Preprocessed data/Tomato_Yellow_Leaf_Curl_Virus227/Tyl3499.jpg,Tomato_Yellow_Leaf_Curl_Virus227,0,7,7,Tomato_Yellow_Leaf_Curl_Virus227,Tomato_Yellow_Leaf_Curl_Virus227,True,0.9996773
data/raw/Mendeley/plantvillage/Preprocessed data/Tomato_Yellow_Leaf_Curl_Virus227/Tyl350.jpg,Tomato_Yellow_Leaf_Curl_Virus227,0,7,7,Tomato_Yellow_Leaf_Curl_Virus227,Tomato_Yellow_Leaf_Curl_Virus227,True,0.9992182
data/raw/Mendeley/plantvillage/Preprocessed data/Tomato_Yellow_Leaf_Curl_Virus227/Tyl3504.jpg,Tomato_Yellow_Leaf_Curl_Virus227,0,7,7,Tomato_Yellow_Leaf_Curl_Virus227,Tomato_Yellow_Leaf_Curl_Virus227,True,0.9997849
data/raw/Mendeley/plantvillage/Preprocessed data/Tomato_Yellow_Leaf_Curl_Virus227/Tyl3508.jpg,Tomato_Yellow_Leaf_Curl_Virus227,0,7,7,Tomato_Yellow_Leaf_Curl_Virus227,Tomato_Yellow_Leaf_Curl_Virus227,True,0.99999034
data/raw/Mendeley/plantvillage/Preprocessed data/Tomato_Yellow_Leaf_Curl_Virus227/Tyl3509.jpg,Tomato_Yellow_Leaf_Curl_Virus227,0,7,7,Tomato_Yellow_Leaf_Curl_Virus227,Tomato_Yellow_Leaf_Curl_Virus227,True,0.99999964
data/raw/Mendeley/plantvillage/Preprocessed data/Tomato_Yellow_Leaf_Curl_Virus227/Tyl3510.jpg,Tomato_Yellow_Leaf_Curl_Virus227,0,7,7,Tomato_Yellow_Leaf_Curl_Virus227,Tomato_Yellow_Leaf_Curl_Virus227,True,0.99993074
data/raw/Mendeley/plantvillage/Preprocessed data/Tomato_Yellow_Leaf_Curl_Virus227/Tyl3517.jpg,Tomato_Yellow_Leaf_Curl_Virus227,0,7,7,Tomato_Yellow_Leaf_Curl_Virus227,Tomato_Yellow_Leaf_Curl_Virus227,True,0.99944204
data/raw/Mendeley/plantvillage/Preprocessed data/Tomato_Yellow_Leaf_Curl_Virus227/Tyl3529.jpg,Tomato_Yellow_Leaf_Curl_Virus227,0,7,7,Tomato_Yellow_Leaf_Curl_Virus227,Tomato_Yellow_Leaf_Curl_Virus227,True,0.96072227
data/raw/Mendeley/plantvillage/Preprocessed data/Tomato_Yellow_Leaf_Curl_Virus227/Tyl3548.jpg,Tomato_Yellow_Leaf_Curl_Virus227,0,7,7,Tomato_Yellow_Leaf_Curl_Virus227,Tomato_Yellow_Leaf_Curl_Virus227,True,0.9994653
data/raw/Mendeley/plantvillage/Preprocessed data/Tomato_Yellow_Leaf_Curl_Virus227/Tyl3550.jpg,Tomato_Yellow_Leaf_Curl_Virus227,0,7,7,Tomato_Yellow_Leaf_Curl_Virus227,Tomato_Yellow_Leaf_Curl_Virus227,True,0.9997712
data/raw/Mendeley/plantvillage/Preprocessed data/Tomato_Yellow_Leaf_Curl_Virus227/Tyl3553.jpg,Tomato_Yellow_Leaf_Curl_Virus227,0,7,7,Tomato_Yellow_Leaf_Curl_Virus227,Tomato_Yellow_Leaf_Curl_Virus227,True,0.99992585
data/raw/Mendeley/plantvillage/Preprocessed data/Tomato_Yellow_Leaf_Curl_Virus227/Tyl3560.jpg,Tomato_Yellow_Leaf_Curl_Virus227,0,7,7,Tomato_Yellow_Leaf_Curl_Virus227,Tomato_Yellow_Leaf_Curl_Virus227,True,0.9923078
data/raw/Mendeley/plantvillage/Preprocessed data/Tomato_Yellow_Leaf_Curl_Virus227/Tyl3567.jpg,Tomato_Yellow_Leaf_Curl_Virus227,0,7,7,Tomato_Yellow_Leaf_Curl_Virus227,Tomato_Yellow_Leaf_Curl_Virus227,True,0.99991035
data/raw/Mendeley/plantvillage/Preprocessed data/Tomato_Yellow_Leaf_Curl_Virus227/Tyl3568.jpg,Tomato_Yellow_Leaf_Curl_Virus227,0,7,7,Tomato_Yellow_Leaf_Curl_Virus227,Tomato_Yellow_Leaf_Curl_Virus227,True,0.9999999
data/raw/Mendeley/plantvillage/Preprocessed data/Tomato_Yellow_Leaf_Curl_Virus227/Tyl3573.jpg,Tomato_Yellow_Leaf_Curl_Virus227,0,7,7,Tomato_Yellow_Leaf_Curl_Virus227,Tomato_Yellow_Leaf_Curl_Virus227,True,0.99814284
data/raw/Mendeley/plantvillage/Preprocessed data/Tomato_Yellow_Leaf_Curl_Virus227/Tyl3576.jpg,Tomato_Yellow_Leaf_Curl_Virus227,0,7,7,Tomato_Yellow_Leaf_Curl_Virus227,Tomato_Yellow_Leaf_Curl_Virus227,True,0.9995902
data/raw/Mendeley/plantvillage/Preprocessed data/Tomato_Yellow_Leaf_Curl_Virus227/Tyl3579.jpg,Tomato_Yellow_Leaf_Curl_Virus227,0,7,7,Tomato_Yellow_Leaf_Curl_Virus227,Tomato_Yellow_Leaf_Curl_Virus227,True,0.9995148
data/raw/Mendeley/plantvillage/Preprocessed data/Tomato_Yellow_Leaf_Curl_Virus227/Tyl3592.jpg,Tomato_Yellow_Leaf_Curl_Virus227,0,7,7,Tomato_Yellow_Leaf_Curl_Virus227,Tomato_Yellow_Leaf_Curl_Virus227,True,0.99999666
data/raw/Mendeley/plantvillage/Preprocessed data/Tomato_Yellow_Leaf_Curl_Virus227/Tyl3598.jpg,Tomato_Yellow_Leaf_Curl_Virus227,0,7,7,Tomato_Yellow_Leaf_Curl_Virus227,Tomato_Yellow_Leaf_Curl_Virus227,True,1.0
data/raw/Mendeley/plantvillage/Preprocessed data/Tomato_Yellow_Leaf_Curl_Virus227/Tyl3601.jpg,Tomato_Yellow_Leaf_Curl_Virus227,0,7,7,Tomato_Yellow_Leaf_Curl_Virus227,Tomato_Yellow_Leaf_Curl_Virus227,True,0.99999976
data/raw/Mendeley/plantvillage/Preprocessed data/Tomato_Yellow_Leaf_Curl_Virus227/Tyl361.jpg,Tomato_Yellow_Leaf_Curl_Virus227,0,7,7,Tomato_Yellow_Leaf_Curl_Virus227,Tomato_Yellow_Leaf_Curl_Virus227,True,0.99976593
data/raw/Mendeley/plantvillage/Preprocessed data/Tomato_Yellow_Leaf_Curl_Virus227/Tyl3611.jpg,Tomato_Yellow_Leaf_Curl_Virus227,0,7,7,Tomato_Yellow_Leaf_Curl_Virus227,Tomato_Yellow_Leaf_Curl_Virus227,True,0.9999963
data/raw/Mendeley/plantvillage/Preprocessed data/Tomato_Yellow_Leaf_Curl_Virus227/Tyl3613.jpg,Tomato_Yellow_Leaf_Curl_Virus227,0,7,7,Tomato_Yellow_Leaf_Curl_Virus227,Tomato_Yellow_Leaf_Curl_Virus227,True,0.99998426
data/raw/Mendeley/plantvillage/Preprocessed data/Tomato_Yellow_Leaf_Curl_Virus227/Tyl3617.jpg,Tomato_Yellow_Leaf_Curl_Virus227,0,7,7,Tomato_Yellow_Leaf_Curl_Virus227,Tomato_Yellow_Leaf_Curl_Virus227,True,0.9999975
data/raw/Mendeley/plantvillage/Preprocessed data/Tomato_Yellow_Leaf_Curl_Virus227/Tyl3624.jpg,Tomato_Yellow_Leaf_Curl_Virus227,0,7,7,Tomato_Yellow_Leaf_Curl_Virus227,Tomato_Yellow_Leaf_Curl_Virus227,True,0.99998057
data/raw/Mendeley/plantvillage/Preprocessed data/Tomato_Yellow_Leaf_Curl_Virus227/Tyl3626.jpg,Tomato_Yellow_Leaf_Curl_Virus227,0,7,7,Tomato_Yellow_Leaf_Curl_Virus227,Tomato_Yellow_Leaf_Curl_Virus227,True,0.9999857
data/raw/Mendeley/plantvillage/Preprocessed data/Tomato_Yellow_Leaf_Curl_Virus227/Tyl3629.jpg,Tomato_Yellow_Leaf_Curl_Virus227,0,7,7,Tomato_Yellow_Leaf_Curl_Virus227,Tomato_Yellow_Leaf_Curl_Virus227,True,1.0
data/raw/Mendeley/plantvillage/Preprocessed data/Tomato_Yellow_Leaf_Curl_Virus227/Tyl3631.jpg,Tomato_Yellow_Leaf_Curl_Virus227,0,7,7,Tomato_Yellow_Leaf_Curl_Virus227,Tomato_Yellow_Leaf_Curl_Virus227,True,0.9999771
data/raw/Mendeley/plantvillage/Preprocessed data/Tomato_Yellow_Leaf_Curl_Virus227/Tyl3632.jpg,Tomato_Yellow_Leaf_Curl_Virus227,0,7,7,Tomato_Yellow_Leaf_Curl_Virus227,Tomato_Yellow_Leaf_Curl_Virus227,True,0.99999833
data/raw/Mendeley/plantvillage/Preprocessed data/Tomato_Yellow_Leaf_Curl_Virus227/Tyl364.jpg,Tomato_Yellow_Leaf_Curl_Virus227,0,7,7,Tomato_Yellow_Leaf_Curl_Virus227,Tomato_Yellow_Leaf_Curl_Virus227,True,0.9999995
data/raw/Mendeley/plantvillage/Preprocessed data/Tomato_Yellow_Leaf_Curl_Virus227/Tyl3643.jpg,Tomato_Yellow_Leaf_Curl_Virus227,0,7,7,Tomato_Yellow_Leaf_Curl_Virus227,Tomato_Yellow_Leaf_Curl_Virus227,True,0.9998857
data/raw/Mendeley/plantvillage/Preprocessed data/Tomato_Yellow_Leaf_Curl_Virus227/Tyl365.jpg,Tomato_Yellow_Leaf_Curl_Virus227,0,7,7,Tomato_Yellow_Leaf_Curl_Virus227,Tomato_Yellow_Leaf_Curl_Virus227,True,0.9999939
data/raw/Mendeley/plantvillage/Preprocessed data/Tomato_Yellow_Leaf_Curl_Virus227/Tyl3652.jpg,Tomato_Yellow_Leaf_Curl_Virus227,0,7,7,Tomato_Yellow_Leaf_Curl_Virus227,Tomato_Yellow_Leaf_Curl_Virus227,True,0.9999924
data/raw/Mendeley/plantvillage/Preprocessed data/Tomato_Yellow_Leaf_Curl_Virus227/Tyl3655.jpg,Tomato_Yellow_Leaf_Curl_Virus227,0,7,7,Tomato_Yellow_Leaf_Curl_Virus227,Tomato_Yellow_Leaf_Curl_Virus227,True,0.9999951
data/raw/Mendeley/plantvillage/Preprocessed data/Tomato_Yellow_Leaf_Curl_Virus227/Tyl3658.jpg,Tomato_Yellow_Leaf_Curl_Virus227,0,7,7,Tomato_Yellow_Leaf_Curl_Virus227,Tomato_Yellow_Leaf_Curl_Virus227,True,0.99277747
data/raw/Mendeley/plantvillage/Preprocessed data/Tomato_Yellow_Leaf_Curl_Virus227/Tyl3665.jpg,Tomato_Yellow_Leaf_Curl_Virus227,0,7,7,Tomato_Yellow_Leaf_Curl_Virus227,Tomato_Yellow_Leaf_Curl_Virus227,True,0.9999975
data/raw/Mendeley/plantvillage/Preprocessed data/Tomato_Yellow_Leaf_Curl_Virus227/Tyl3666.jpg,Tomato_Yellow_Leaf_Curl_Virus227,0,7,7,Tomato_Yellow_Leaf_Curl_Virus227,Tomato_Yellow_Leaf_Curl_Virus227,True,0.9993709
data/raw/Mendeley/plantvillage/Preprocessed data/Tomato_Yellow_Leaf_Curl_Virus227/Tyl3668.jpg,Tomato_Yellow_Leaf_Curl_Virus227,0,7,7,Tomato_Yellow_Leaf_Curl_Virus227,Tomato_Yellow_Leaf_Curl_Virus227,True,0.9999516
data/raw/Mendeley/plantvillage/Preprocessed data/Tomato_Yellow_Leaf_Curl_Virus227/Tyl3685.jpg,Tomato_Yellow_Leaf_Curl_Virus227,0,7,7,Tomato_Yellow_Leaf_Curl_Virus227,Tomato_Yellow_Leaf_Curl_Virus227,True,0.99970335
data/raw/Mendeley/plantvillage/Preprocessed data/Tomato_Yellow_Leaf_Curl_Virus227/Tyl3693.jpg,Tomato_Yellow_Leaf_Curl_Virus227,0,7,7,Tomato_Yellow_Leaf_Curl_Virus227,Tomato_Yellow_Leaf_Curl_Virus227,True,0.99996924
data/raw/Mendeley/plantvillage/Preprocessed data/Tomato_Yellow_Leaf_Curl_Virus227/Tyl370.jpg,Tomato_Yellow_Leaf_Curl_Virus227,0,7,7,Tomato_Yellow_Leaf_Curl_Virus227,Tomato_Yellow_Leaf_Curl_Virus227,True,0.99999297
data/raw/Mendeley/plantvillage/Preprocessed data/Tomato_Yellow_Leaf_Curl_Virus227/Tyl3703.jpg,Tomato_Yellow_Leaf_Curl_Virus227,0,7,7,Tomato_Yellow_Leaf_Curl_Virus227,Tomato_Yellow_Leaf_Curl_Virus227,True,0.99998176
data/raw/Mendeley/plantvillage/Preprocessed data/Tomato_Yellow_Leaf_Curl_Virus227/Tyl371.jpg,Tomato_Yellow_Leaf_Curl_Virus227,0,7,7,Tomato_Yellow_Leaf_Curl_Virus227,Tomato_Yellow_Leaf_Curl_Virus227,True,0.99957937
data/raw/Mendeley/plantvillage/Preprocessed data/Tomato_Yellow_Leaf_Curl_Virus227/Tyl3711.jpg,Tomato_Yellow_Leaf_Curl_Virus227,0,7,7,Tomato_Yellow_Leaf_Curl_Virus227,Tomato_Yellow_Leaf_Curl_Virus227,True,0.9999999
data/raw/Mendeley/plantvillage/Preprocessed data/Tomato_Yellow_Leaf_Curl_Virus227/Tyl3716.jpg,Tomato_Yellow_Leaf_Curl_Virus227,0,7,7,Tomato_Yellow_Leaf_Curl_Virus227,Tomato_Yellow_Leaf_Curl_Virus227,True,0.9999908
data/raw/Mendeley/plantvillage/Preprocessed data/Tomato_Yellow_Leaf_Curl_Virus227/Tyl3717.jpg,Tomato_Yellow_Leaf_Curl_Virus227,0,7,7,Tomato_Yellow_Leaf_Curl_Virus227,Tomato_Yellow_Leaf_Curl_Virus227,True,0.999997
data/raw/Mendeley/plantvillage/Preprocessed data/Tomato_Yellow_Leaf_Curl_Virus227/Tyl3733.jpg,Tomato_Yellow_Leaf_Curl_Virus227,0,7,7,Tomato_Yellow_Leaf_Curl_Virus227,Tomato_Yellow_Leaf_Curl_Virus227,True,0.9998791
data/raw/Mendeley/plantvillage/Preprocessed data/Tomato_Yellow_Leaf_Curl_Virus227/Tyl3734.jpg,Tomato_Yellow_Leaf_Curl_Virus227,0,7,7,Tomato_Yellow_Leaf_Curl_Virus227,Tomato_Yellow_Leaf_Curl_Virus227,True,0.9999988
data/raw/Mendeley/plantvillage/Preprocessed data/Tomato_Yellow_Leaf_Curl_Virus227/Tyl3736.jpg,Tomato_Yellow_Leaf_Curl_Virus227,0,7,7,Tomato_Yellow_Leaf_Curl_Virus227,Tomato_Yellow_Leaf_Curl_Virus227,True,0.9999312
data/raw/Mendeley/plantvillage/Preprocessed data/Tomato_Yellow_Leaf_Curl_Virus227/Tyl3741.jpg,Tomato_Yellow_Leaf_Curl_Virus227,0,7,7,Tomato_Yellow_Leaf_Curl_Virus227,Tomato_Yellow_Leaf_Curl_Virus227,True,0.99999964
data/raw/Mendeley/plantvillage/Preprocessed data/Tomato_Yellow_Leaf_Curl_Virus227/Tyl3745.jpg,Tomato_Yellow_Leaf_Curl_Virus227,0,7,7,Tomato_Yellow_Leaf_Curl_Virus227,Tomato_Yellow_Leaf_Curl_Virus227,True,0.8875743
data/raw/Mendeley/plantvillage/Preprocessed data/Tomato_Yellow_Leaf_Curl_Virus227/Tyl3747.jpg,Tomato_Yellow_Leaf_Curl_Virus227,0,7,7,Tomato_Yellow_Leaf_Curl_Virus227,Tomato_Yellow_Leaf_Curl_Virus227,True,0.99999785
data/raw/Mendeley/plantvillage/Preprocessed data/Tomato_Yellow_Leaf_Curl_Virus227/Tyl3768.jpg,Tomato_Yellow_Leaf_Curl_Virus227,0,7,7,Tomato_Yellow_Leaf_Curl_Virus227,Tomato_Yellow_Leaf_Curl_Virus227,True,0.9999937
data/raw/Mendeley/plantvillage/Preprocessed data/Tomato_Yellow_Leaf_Curl_Virus227/Tyl377.jpg,Tomato_Yellow_Leaf_Curl_Virus227,0,7,7,Tomato_Yellow_Leaf_Curl_Virus227,Tomato_Yellow_Leaf_Curl_Virus227,True,0.99999034
data/raw/Mendeley/plantvillage/Preprocessed data/Tomato_Yellow_Leaf_Curl_Virus227/Tyl3777.jpg,Tomato_Yellow_Leaf_Curl_Virus227,0,7,7,Tomato_Yellow_Leaf_Curl_Virus227,Tomato_Yellow_Leaf_Curl_Virus227,True,1.0
data/raw/Mendeley/plantvillage/Preprocessed data/Tomato_Yellow_Leaf_Curl_Virus227/Tyl3779.jpg,Tomato_Yellow_Leaf_Curl_Virus227,0,7,7,Tomato_Yellow_Leaf_Curl_Virus227,Tomato_Yellow_Leaf_Curl_Virus227,True,0.9999794
data/raw/Mendeley/plantvillage/Preprocessed data/Tomato_Yellow_Leaf_Curl_Virus227/Tyl3780.jpg,Tomato_Yellow_Leaf_Curl_Virus227,0,7,7,Tomato_Yellow_Leaf_Curl_Virus227,Tomato_Yellow_Leaf_Curl_Virus227,True,0.99999225
data/raw/Mendeley/plantvillage/Preprocessed data/Tomato_Yellow_Leaf_Curl_Virus227/Tyl3784.jpg,Tomato_Yellow_Leaf_Curl_Virus227,0,7,7,Tomato_Yellow_Leaf_Curl_Virus227,Tomato_Yellow_Leaf_Curl_Virus227,True,0.9998653
data/raw/Mendeley/plantvillage/Preprocessed data/Tomato_Yellow_Leaf_Curl_Virus227/Tyl3786.jpg,Tomato_Yellow_Leaf_Curl_Virus227,0,7,7,Tomato_Yellow_Leaf_Curl_Virus227,Tomato_Yellow_Leaf_Curl_Virus227,True,0.9999964
data/raw/Mendeley/plantvillage/Preprocessed data/Tomato_Yellow_Leaf_Curl_Virus227/Tyl3796.jpg,Tomato_Yellow_Leaf_Curl_Virus227,0,7,7,Tomato_Yellow_Leaf_Curl_Virus227,Tomato_Yellow_Leaf_Curl_Virus227,True,0.9999896
data/raw/Mendeley/plantvillage/Preprocessed data/Tomato_Yellow_Leaf_Curl_Virus227/Tyl3802.jpg,Tomato_Yellow_Leaf_Curl_Virus227,0,7,7,Tomato_Yellow_Leaf_Curl_Virus227,Tomato_Yellow_Leaf_Curl_Virus227,True,0.9999106
data/raw/Mendeley/plantvillage/Preprocessed data/Tomato_Yellow_Leaf_Curl_Virus227/Tyl3804.jpg,Tomato_Yellow_Leaf_Curl_Virus227,0,7,7,Tomato_Yellow_Leaf_Curl_Virus227,Tomato_Yellow_Leaf_Curl_Virus227,True,0.99999344
data/raw/Mendeley/plantvillage/Preprocessed data/Tomato_Yellow_Leaf_Curl_Virus227/Tyl3808.jpg,Tomato_Yellow_Leaf_Curl_Virus227,0,7,7,Tomato_Yellow_Leaf_Curl_Virus227,Tomato_Yellow_Leaf_Curl_Virus227,True,0.9997224
data/raw/Mendeley/plantvillage/Preprocessed data/Tomato_Yellow_Leaf_Curl_Virus227/Tyl3809.jpg,Tomato_Yellow_Leaf_Curl_Virus227,0,7,7,Tomato_Yellow_Leaf_Curl_Virus227,Tomato_Yellow_Leaf_Curl_Virus227,True,0.9999362
data/raw/Mendeley/plantvillage/Preprocessed data/Tomato_Yellow_Leaf_Curl_Virus227/Tyl3813.jpg,Tomato_Yellow_Leaf_Curl_Virus227,0,7,7,Tomato_Yellow_Leaf_Curl_Virus227,Tomato_Yellow_Leaf_Curl_Virus227,True,0.99999285
data/raw/Mendeley/plantvillage/Preprocessed data/Tomato_Yellow_Leaf_Curl_Virus227/Tyl382.jpg,Tomato_Yellow_Leaf_Curl_Virus227,0,7,7,Tomato_Yellow_Leaf_Curl_Virus227,Tomato_Yellow_Leaf_Curl_Virus227,True,0.99999845
data/raw/Mendeley/plantvillage/Preprocessed data/Tomato_Yellow_Leaf_Curl_Virus227/Tyl3829.jpg,Tomato_Yellow_Leaf_Curl_Virus227,0,7,7,Tomato_Yellow_Leaf_Curl_Virus227,Tomato_Yellow_Leaf_Curl_Virus227,True,0.99985564
data/raw/Mendeley/plantvillage/Preprocessed data/Tomato_Yellow_Leaf_Curl_Virus227/Tyl3830.jpg,Tomato_Yellow_Leaf_Curl_Virus227,0,7,7,Tomato_Yellow_Leaf_Curl_Virus227,Tomato_Yellow_Leaf_Curl_Virus227,True,0.9999201
data/raw/Mendeley/plantvillage/Preprocessed data/Tomato_Yellow_Leaf_Curl_Virus227/Tyl3834.jpg,Tomato_Yellow_Leaf_Curl_Virus227,0,7,7,Tomato_Yellow_Leaf_Curl_Virus227,Tomato_Yellow_Leaf_Curl_Virus227,True,0.99994075
data/raw/Mendeley/plantvillage/Preprocessed data/Tomato_Yellow_Leaf_Curl_Virus227/Tyl384.jpg,Tomato_Yellow_Leaf_Curl_Virus227,0,7,7,Tomato_Yellow_Leaf_Curl_Virus227,Tomato_Yellow_Leaf_Curl_Virus227,True,0.9608595
data/raw/Mendeley/plantvillage/Preprocessed data/Tomato_Yellow_Leaf_Curl_Virus227/Tyl3840.jpg,Tomato_Yellow_Leaf_Curl_Virus227,0,7,7,Tomato_Yellow_Leaf_Curl_Virus227,Tomato_Yellow_Leaf_Curl_Virus227,True,0.99999976
data/raw/Mendeley/plantvillage/Preprocessed data/Tomato_Yellow_Leaf_Curl_Virus227/Tyl3843.jpg,Tomato_Yellow_Leaf_Curl_Virus227,0,7,7,Tomato_Yellow_Leaf_Curl_Virus227,Tomato_Yellow_Leaf_Curl_Virus227,True,0.9999995
data/raw/Mendeley/plantvillage/Preprocessed data/Tomato_Yellow_Leaf_Curl_Virus227/Tyl3851.jpg,Tomato_Yellow_Leaf_Curl_Virus227,0,7,7,Tomato_Yellow_Leaf_Curl_Virus227,Tomato_Yellow_Leaf_Curl_Virus227,True,0.99999726
data/raw/Mendeley/plantvillage/Preprocessed data/Tomato_Yellow_Leaf_Curl_Virus227/Tyl3852.jpg,Tomato_Yellow_Leaf_Curl_Virus227,0,7,7,Tomato_Yellow_Leaf_Curl_Virus227,Tomato_Yellow_Leaf_Curl_Virus227,True,0.99995303
data/raw/Mendeley/plantvillage/Preprocessed data/Tomato_Yellow_Leaf_Curl_Virus227/Tyl3860.jpg,Tomato_Yellow_Leaf_Curl_Virus227,0,7,7,Tomato_Yellow_Leaf_Curl_Virus227,Tomato_Yellow_Leaf_Curl_Virus227,True,0.9875059
data/raw/Mendeley/plantvillage/Preprocessed data/Tomato_Yellow_Leaf_Curl_Virus227/Tyl3865.jpg,Tomato_Yellow_Leaf_Curl_Virus227,0,7,7,Tomato_Yellow_Leaf_Curl_Virus227,Tomato_Yellow_Leaf_Curl_Virus227,True,0.999979
data/raw/Mendeley/plantvillage/Preprocessed data/Tomato_Yellow_Leaf_Curl_Virus227/Tyl3867.jpg,Tomato_Yellow_Leaf_Curl_Virus227,0,7,7,Tomato_Yellow_Leaf_Curl_Virus227,Tomato_Yellow_Leaf_Curl_Virus227,True,0.9999918
data/raw/Mendeley/plantvillage/Preprocessed data/Tomato_Yellow_Leaf_Curl_Virus227/Tyl3869.jpg,Tomato_Yellow_Leaf_Curl_Virus227,0,7,7,Tomato_Yellow_Leaf_Curl_Virus227,Tomato_Yellow_Leaf_Curl_Virus227,True,0.99992263
data/raw/Mendeley/plantvillage/Preprocessed data/Tomato_Yellow_Leaf_Curl_Virus227/Tyl3875.jpg,Tomato_Yellow_Leaf_Curl_Virus227,0,7,7,Tomato_Yellow_Leaf_Curl_Virus227,Tomato_Yellow_Leaf_Curl_Virus227,True,0.99995863
data/raw/Mendeley/plantvillage/Preprocessed data/Tomato_Yellow_Leaf_Curl_Virus227/Tyl3876.jpg,Tomato_Yellow_Leaf_Curl_Virus227,0,7,7,Tomato_Yellow_Leaf_Curl_Virus227,Tomato_Yellow_Leaf_Curl_Virus227,True,0.99999774
data/raw/Mendeley/plantvillage/Preprocessed data/Tomato_Yellow_Leaf_Curl_Virus227/Tyl388.jpg,Tomato_Yellow_Leaf_Curl_Virus227,0,7,7,Tomato_Yellow_Leaf_Curl_Virus227,Tomato_Yellow_Leaf_Curl_Virus227,True,0.9999999
data/raw/Mendeley/plantvillage/Preprocessed data/Tomato_Yellow_Leaf_Curl_Virus227/Tyl3888.jpg,Tomato_Yellow_Leaf_Curl_Virus227,0,7,7,Tomato_Yellow_Leaf_Curl_Virus227,Tomato_Yellow_Leaf_Curl_Virus227,True,0.99997866
data/raw/Mendeley/plantvillage/Preprocessed data/Tomato_Yellow_Leaf_Curl_Virus227/Tyl3889.jpg,Tomato_Yellow_Leaf_Curl_Virus227,0,7,7,Tomato_Yellow_Leaf_Curl_Virus227,Tomato_Yellow_Leaf_Curl_Virus227,True,0.9998072
data/raw/Mendeley/plantvillage/Preprocessed data/Tomato_Yellow_Leaf_Curl_Virus227/Tyl3891.jpg,Tomato_Yellow_Leaf_Curl_Virus227,0,7,7,Tomato_Yellow_Leaf_Curl_Virus227,Tomato_Yellow_Leaf_Curl_Virus227,True,0.99999607
data/raw/Mendeley/plantvillage/Preprocessed data/Tomato_Yellow_Leaf_Curl_Virus227/Tyl3892.jpg,Tomato_Yellow_Leaf_Curl_Virus227,0,7,7,Tomato_Yellow_Leaf_Curl_Virus227,Tomato_Yellow_Leaf_Curl_Virus227,True,0.9999877
data/raw/Mendeley/plantvillage/Preprocessed data/Tomato_Yellow_Leaf_Curl_Virus227/Tyl3904.jpg,Tomato_Yellow_Leaf_Curl_Virus227,0,7,7,Tomato_Yellow_Leaf_Curl_Virus227,Tomato_Yellow_Leaf_Curl_Virus227,True,0.9989717
data/raw/Mendeley/plantvillage/Preprocessed data/Tomato_Yellow_Leaf_Curl_Virus227/Tyl3906.jpg,Tomato_Yellow_Leaf_Curl_Virus227,0,7,7,Tomato_Yellow_Leaf_Curl_Virus227,Tomato_Yellow_Leaf_Curl_Virus227,True,0.99999833
data/raw/Mendeley/plantvillage/Preprocessed data/Tomato_Yellow_Leaf_Curl_Virus227/Tyl3912.jpg,Tomato_Yellow_Leaf_Curl_Virus227,0,7,7,Tomato_Yellow_Leaf_Curl_Virus227,Tomato_Yellow_Leaf_Curl_Virus227,True,1.0
data/raw/Mendeley/plantvillage/Preprocessed data/Tomato_Yellow_Leaf_Curl_Virus227/Tyl3916.jpg,Tomato_Yellow_Leaf_Curl_Virus227,0,7,7,Tomato_Yellow_Leaf_Curl_Virus227,Tomato_Yellow_Leaf_Curl_Virus227,True,0.9999943
data/raw/Mendeley/plantvillage/Preprocessed data/Tomato_Yellow_Leaf_Curl_Virus227/Tyl3923.jpg,Tomato_Yellow_Leaf_Curl_Virus227,0,7,7,Tomato_Yellow_Leaf_Curl_Virus227,Tomato_Yellow_Leaf_Curl_Virus227,True,0.99999464
data/raw/Mendeley/plantvillage/Preprocessed data/Tomato_Yellow_Leaf_Curl_Virus227/Tyl3924.jpg,Tomato_Yellow_Leaf_Curl_Virus227,0,7,7,Tomato_Yellow_Leaf_Curl_Virus227,Tomato_Yellow_Leaf_Curl_Virus227,True,0.99998736
data/raw/Mendeley/plantvillage/Preprocessed data/Tomato_Yellow_Leaf_Curl_Virus227/Tyl3931.jpg,Tomato_Yellow_Leaf_Curl_Virus227,0,7,7,Tomato_Yellow_Leaf_Curl_Virus227,Tomato_Yellow_Leaf_Curl_Virus227,True,0.9999876
data/raw/Mendeley/plantvillage/Preprocessed data/Tomato_Yellow_Leaf_Curl_Virus227/Tyl3937.jpg,Tomato_Yellow_Leaf_Curl_Virus227,0,7,7,Tomato_Yellow_Leaf_Curl_Virus227,Tomato_Yellow_Leaf_Curl_Virus227,True,0.999995
data/raw/Mendeley/plantvillage/Preprocessed data/Tomato_Yellow_Leaf_Curl_Virus227/Tyl3940.jpg,Tomato_Yellow_Leaf_Curl_Virus227,0,7,7,Tomato_Yellow_Leaf_Curl_Virus227,Tomato_Yellow_Leaf_Curl_Virus227,True,0.9992034
data/raw/Mendeley/plantvillage/Preprocessed data/Tomato_Yellow_Leaf_Curl_Virus227/Tyl3946.jpg,Tomato_Yellow_Leaf_Curl_Virus227,0,7,7,Tomato_Yellow_Leaf_Curl_Virus227,Tomato_Yellow_Leaf_Curl_Virus227,True,0.99475455
data/raw/Mendeley/plantvillage/Preprocessed data/Tomato_Yellow_Leaf_Curl_Virus227/Tyl3947.jpg,Tomato_Yellow_Leaf_Curl_Virus227,0,7,7,Tomato_Yellow_Leaf_Curl_Virus227,Tomato_Yellow_Leaf_Curl_Virus227,True,0.99997854
data/raw/Mendeley/plantvillage/Preprocessed data/Tomato_Yellow_Leaf_Curl_Virus227/Tyl3950.jpg,Tomato_Yellow_Leaf_Curl_Virus227,0,7,7,Tomato_Yellow_Leaf_Curl_Virus227,Tomato_Yellow_Leaf_Curl_Virus227,True,0.99999344
data/raw/Mendeley/plantvillage/Preprocessed data/Tomato_Yellow_Leaf_Curl_Virus227/Tyl3956.jpg,Tomato_Yellow_Leaf_Curl_Virus227,0,7,7,Tomato_Yellow_Leaf_Curl_Virus227,Tomato_Yellow_Leaf_Curl_Virus227,True,0.99994695
data/raw/Mendeley/plantvillage/Preprocessed data/Tomato_Yellow_Leaf_Curl_Virus227/Tyl3957.jpg,Tomato_Yellow_Leaf_Curl_Virus227,0,7,7,Tomato_Yellow_Leaf_Curl_Virus227,Tomato_Yellow_Leaf_Curl_Virus227,True,0.9999888
data/raw/Mendeley/plantvillage/Preprocessed data/Tomato_Yellow_Leaf_Curl_Virus227/Tyl3960.jpg,Tomato_Yellow_Leaf_Curl_Virus227,0,7,7,Tomato_Yellow_Leaf_Curl_Virus227,Tomato_Yellow_Leaf_Curl_Virus227,True,1.0
data/raw/Mendeley/plantvillage/Preprocessed data/Tomato_Yellow_Leaf_Curl_Virus227/Tyl3961.jpg,Tomato_Yellow_Leaf_Curl_Virus227,0,7,7,Tomato_Yellow_Leaf_Curl_Virus227,Tomato_Yellow_Leaf_Curl_Virus227,True,0.999992
data/raw/Mendeley/plantvillage/Preprocessed data/Tomato_Yellow_Leaf_Curl_Virus227/Tyl3965.jpg,Tomato_Yellow_Leaf_Curl_Virus227,0,7,7,Tomato_Yellow_Leaf_Curl_Virus227,Tomato_Yellow_Leaf_Curl_Virus227,True,0.99966586
data/raw/Mendeley/plantvillage/Preprocessed data/Tomato_Yellow_Leaf_Curl_Virus227/Tyl3967.jpg,Tomato_Yellow_Leaf_Curl_Virus227,0,7,7,Tomato_Yellow_Leaf_Curl_Virus227,Tomato_Yellow_Leaf_Curl_Virus227,True,0.9993098
data/raw/Mendeley/plantvillage/Preprocessed data/Tomato_Yellow_Leaf_Curl_Virus227/Tyl3970.jpg,Tomato_Yellow_Leaf_Curl_Virus227,0,7,7,Tomato_Yellow_Leaf_Curl_Virus227,Tomato_Yellow_Leaf_Curl_Virus227,True,0.9999988
data/raw/Mendeley/plantvillage/Preprocessed data/Tomato_Yellow_Leaf_Curl_Virus227/Tyl3972.jpg,Tomato_Yellow_Leaf_Curl_Virus227,0,7,7,Tomato_Yellow_Leaf_Curl_Virus227,Tomato_Yellow_Leaf_Curl_Virus227,True,0.9999989
data/raw/Mendeley/plantvillage/Preprocessed data/Tomato_Yellow_Leaf_Curl_Virus227/Tyl3975.jpg,Tomato_Yellow_Leaf_Curl_Virus227,0,7,7,Tomato_Yellow_Leaf_Curl_Virus227,Tomato_Yellow_Leaf_Curl_Virus227,True,0.9999993
data/raw/Mendeley/plantvillage/Preprocessed data/Tomato_Yellow_Leaf_Curl_Virus227/Tyl3982.jpg,Tomato_Yellow_Leaf_Curl_Virus227,0,7,7,Tomato_Yellow_Leaf_Curl_Virus227,Tomato_Yellow_Leaf_Curl_Virus227,True,0.9999672
data/raw/Mendeley/plantvillage/Preprocessed data/Tomato_Yellow_Leaf_Curl_Virus227/Tyl3995.jpg,Tomato_Yellow_Leaf_Curl_Virus227,0,7,7,Tomato_Yellow_Leaf_Curl_Virus227,Tomato_Yellow_Leaf_Curl_Virus227,True,0.9999771
data/raw/Mendeley/plantvillage/Preprocessed data/Tomato_Yellow_Leaf_Curl_Virus227/Tyl3997.jpg,Tomato_Yellow_Leaf_Curl_Virus227,0,7,7,Tomato_Yellow_Leaf_Curl_Virus227,Tomato_Yellow_Leaf_Curl_Virus227,True,0.99997926
data/raw/Mendeley/plantvillage/Preprocessed data/Tomato_Yellow_Leaf_Curl_Virus227/Tyl4001.jpg,Tomato_Yellow_Leaf_Curl_Virus227,0,7,7,Tomato_Yellow_Leaf_Curl_Virus227,Tomato_Yellow_Leaf_Curl_Virus227,True,0.9998952
data/raw/Mendeley/plantvillage/Preprocessed data/Tomato_Yellow_Leaf_Curl_Virus227/Tyl4006.jpg,Tomato_Yellow_Leaf_Curl_Virus227,0,7,7,Tomato_Yellow_Leaf_Curl_Virus227,Tomato_Yellow_Leaf_Curl_Virus227,True,0.9999999
data/raw/Mendeley/plantvillage/Preprocessed data/Tomato_Yellow_Leaf_Curl_Virus227/Tyl4007.jpg,Tomato_Yellow_Leaf_Curl_Virus227,0,7,7,Tomato_Yellow_Leaf_Curl_Virus227,Tomato_Yellow_Leaf_Curl_Virus227,True,1.0
data/raw/Mendeley/plantvillage/Preprocessed data/Tomato_Yellow_Leaf_Curl_Virus227/Tyl4009.jpg,Tomato_Yellow_Leaf_Curl_Virus227,0,7,7,Tomato_Yellow_Leaf_Curl_Virus227,Tomato_Yellow_Leaf_Curl_Virus227,True,0.99997723
data/raw/Mendeley/plantvillage/Preprocessed data/Tomato_Yellow_Leaf_Curl_Virus227/Tyl4017.jpg,Tomato_Yellow_Leaf_Curl_Virus227,0,7,7,Tomato_Yellow_Leaf_Curl_Virus227,Tomato_Yellow_Leaf_Curl_Virus227,True,0.9999939
data/raw/Mendeley/plantvillage/Preprocessed data/Tomato_Yellow_Leaf_Curl_Virus227/Tyl4024.jpg,Tomato_Yellow_Leaf_Curl_Virus227,0,7,7,Tomato_Yellow_Leaf_Curl_Virus227,Tomato_Yellow_Leaf_Curl_Virus227,True,0.9999989
data/raw/Mendeley/plantvillage/Preprocessed data/Tomato_Yellow_Leaf_Curl_Virus227/Tyl4025.jpg,Tomato_Yellow_Leaf_Curl_Virus227,0,7,7,Tomato_Yellow_Leaf_Curl_Virus227,Tomato_Yellow_Leaf_Curl_Virus227,True,0.9999857
data/raw/Mendeley/plantvillage/Preprocessed data/Tomato_Yellow_Leaf_Curl_Virus227/Tyl4026.jpg,Tomato_Yellow_Leaf_Curl_Virus227,0,7,7,Tomato_Yellow_Leaf_Curl_Virus227,Tomato_Yellow_Leaf_Curl_Virus227,True,0.9998926
data/raw/Mendeley/plantvillage/Preprocessed data/Tomato_Yellow_Leaf_Curl_Virus227/Tyl4027.jpg,Tomato_Yellow_Leaf_Curl_Virus227,0,7,7,Tomato_Yellow_Leaf_Curl_Virus227,Tomato_Yellow_Leaf_Curl_Virus227,True,0.99998856
data/raw/Mendeley/plantvillage/Preprocessed data/Tomato_Yellow_Leaf_Curl_Virus227/Tyl4029.jpg,Tomato_Yellow_Leaf_Curl_Virus227,0,7,7,Tomato_Yellow_Leaf_Curl_Virus227,Tomato_Yellow_Leaf_Curl_Virus227,True,0.9998863
data/raw/Mendeley/plantvillage/Preprocessed data/Tomato_Yellow_Leaf_Curl_Virus227/Tyl403.jpg,Tomato_Yellow_Leaf_Curl_Virus227,0,7,7,Tomato_Yellow_Leaf_Curl_Virus227,Tomato_Yellow_Leaf_Curl_Virus227,True,1.0
data/raw/Mendeley/plantvillage/Preprocessed data/Tomato_Yellow_Leaf_Curl_Virus227/Tyl4030.jpg,Tomato_Yellow_Leaf_Curl_Virus227,0,7,7,Tomato_Yellow_Leaf_Curl_Virus227,Tomato_Yellow_Leaf_Curl_Virus227,True,0.99970347
data/raw/Mendeley/plantvillage/Preprocessed data/Tomato_Yellow_Leaf_Curl_Virus227/Tyl4035.jpg,Tomato_Yellow_Leaf_Curl_Virus227,0,7,7,Tomato_Yellow_Leaf_Curl_Virus227,Tomato_Yellow_Leaf_Curl_Virus227,True,0.999856
data/raw/Mendeley/plantvillage/Preprocessed data/Tomato_Yellow_Leaf_Curl_Virus227/Tyl4041.jpg,Tomato_Yellow_Leaf_Curl_Virus227,0,7,7,Tomato_Yellow_Leaf_Curl_Virus227,Tomato_Yellow_Leaf_Curl_Virus227,True,0.99999964
data/raw/Mendeley/plantvillage/Preprocessed data/Tomato_Yellow_Leaf_Curl_Virus227/Tyl4044.jpg,Tomato_Yellow_Leaf_Curl_Virus227,0,7,7,Tomato_Yellow_Leaf_Curl_Virus227,Tomato_Yellow_Leaf_Curl_Virus227,True,0.99990404
data/raw/Mendeley/plantvillage/Preprocessed data/Tomato_Yellow_Leaf_Curl_Virus227/Tyl4050.jpg,Tomato_Yellow_Leaf_Curl_Virus227,0,7,7,Tomato_Yellow_Leaf_Curl_Virus227,Tomato_Yellow_Leaf_Curl_Virus227,True,0.99929893
data/raw/Mendeley/plantvillage/Preprocessed data/Tomato_Yellow_Leaf_Curl_Virus227/Tyl4056.jpg,Tomato_Yellow_Leaf_Curl_Virus227,0,7,7,Tomato_Yellow_Leaf_Curl_Virus227,Tomato_Yellow_Leaf_Curl_Virus227,True,0.99999976
data/raw/Mendeley/plantvillage/Preprocessed data/Tomato_Yellow_Leaf_Curl_Virus227/Tyl4057.jpg,Tomato_Yellow_Leaf_Curl_Virus227,0,7,7,Tomato_Yellow_Leaf_Curl_Virus227,Tomato_Yellow_Leaf_Curl_Virus227,True,0.99996006
data/raw/Mendeley/plantvillage/Preprocessed data/Tomato_Yellow_Leaf_Curl_Virus227/Tyl4059.jpg,Tomato_Yellow_Leaf_Curl_Virus227,0,7,7,Tomato_Yellow_Leaf_Curl_Virus227,Tomato_Yellow_Leaf_Curl_Virus227,True,0.99999976
data/raw/Mendeley/plantvillage/Preprocessed data/Tomato_Yellow_Leaf_Curl_Virus227/Tyl406.jpg,Tomato_Yellow_Leaf_Curl_Virus227,0,7,7,Tomato_Yellow_Leaf_Curl_Virus227,Tomato_Yellow_Leaf_Curl_Virus227,True,0.99977714
data/raw/Mendeley/plantvillage/Preprocessed data/Tomato_Yellow_Leaf_Curl_Virus227/Tyl4062.jpg,Tomato_Yellow_Leaf_Curl_Virus227,0,7,7,Tomato_Yellow_Leaf_Curl_Virus227,Tomato_Yellow_Leaf_Curl_Virus227,True,1.0
data/raw/Mendeley/plantvillage/Preprocessed data/Tomato_Yellow_Leaf_Curl_Virus227/Tyl4064.jpg,Tomato_Yellow_Leaf_Curl_Virus227,0,7,7,Tomato_Yellow_Leaf_Curl_Virus227,Tomato_Yellow_Leaf_Curl_Virus227,True,0.9999939
data/raw/Mendeley/plantvillage/Preprocessed data/Tomato_Yellow_Leaf_Curl_Virus227/Tyl407.jpg,Tomato_Yellow_Leaf_Curl_Virus227,0,7,7,Tomato_Yellow_Leaf_Curl_Virus227,Tomato_Yellow_Leaf_Curl_Virus227,True,0.9994702
data/raw/Mendeley/plantvillage/Preprocessed data/Tomato_Yellow_Leaf_Curl_Virus227/Tyl4076.jpg,Tomato_Yellow_Leaf_Curl_Virus227,0,7,7,Tomato_Yellow_Leaf_Curl_Virus227,Tomato_Yellow_Leaf_Curl_Virus227,True,0.9971482
data/raw/Mendeley/plantvillage/Preprocessed data/Tomato_Yellow_Leaf_Curl_Virus227/Tyl408.jpg,Tomato_Yellow_Leaf_Curl_Virus227,0,7,7,Tomato_Yellow_Leaf_Curl_Virus227,Tomato_Yellow_Leaf_Curl_Virus227,True,0.9999993
data/raw/Mendeley/plantvillage/Preprocessed data/Tomato_Yellow_Leaf_Curl_Virus227/Tyl4082.jpg,Tomato_Yellow_Leaf_Curl_Virus227,0,7,7,Tomato_Yellow_Leaf_Curl_Virus227,Tomato_Yellow_Leaf_Curl_Virus227,True,0.9999386
data/raw/Mendeley/plantvillage/Preprocessed data/Tomato_Yellow_Leaf_Curl_Virus227/Tyl4090.jpg,Tomato_Yellow_Leaf_Curl_Virus227,0,7,7,Tomato_Yellow_Leaf_Curl_Virus227,Tomato_Yellow_Leaf_Curl_Virus227,True,0.9999467
data/raw/Mendeley/plantvillage/Preprocessed data/Tomato_Yellow_Leaf_Curl_Virus227/Tyl4091.jpg,Tomato_Yellow_Leaf_Curl_Virus227,0,7,7,Tomato_Yellow_Leaf_Curl_Virus227,Tomato_Yellow_Leaf_Curl_Virus227,True,0.9999509
data/raw/Mendeley/plantvillage/Preprocessed data/Tomato_Yellow_Leaf_Curl_Virus227/Tyl4095.jpg,Tomato_Yellow_Leaf_Curl_Virus227,0,7,7,Tomato_Yellow_Leaf_Curl_Virus227,Tomato_Yellow_Leaf_Curl_Virus227,True,0.99997747
data/raw/Mendeley/plantvillage/Preprocessed data/Tomato_Yellow_Leaf_Curl_Virus227/Tyl41.jpg,Tomato_Yellow_Leaf_Curl_Virus227,0,7,7,Tomato_Yellow_Leaf_Curl_Virus227,Tomato_Yellow_Leaf_Curl_Virus227,True,0.99999964
data/raw/Mendeley/plantvillage/Preprocessed data/Tomato_Yellow_Leaf_Curl_Virus227/Tyl410.jpg,Tomato_Yellow_Leaf_Curl_Virus227,0,7,7,Tomato_Yellow_Leaf_Curl_Virus227,Tomato_Yellow_Leaf_Curl_Virus227,True,0.9997713
data/raw/Mendeley/plantvillage/Preprocessed data/Tomato_Yellow_Leaf_Curl_Virus227/Tyl4100.jpg,Tomato_Yellow_Leaf_Curl_Virus227,0,7,7,Tomato_Yellow_Leaf_Curl_Virus227,Tomato_Yellow_Leaf_Curl_Virus227,True,0.99968123
data/raw/Mendeley/plantvillage/Preprocessed data/Tomato_Yellow_Leaf_Curl_Virus227/Tyl4102.jpg,Tomato_Yellow_Leaf_Curl_Virus227,0,7,7,Tomato_Yellow_Leaf_Curl_Virus227,Tomato_Yellow_Leaf_Curl_Virus227,True,0.9999101
data/raw/Mendeley/plantvillage/Preprocessed data/Tomato_Yellow_Leaf_Curl_Virus227/Tyl4103.jpg,Tomato_Yellow_Leaf_Curl_Virus227,0,7,7,Tomato_Yellow_Leaf_Curl_Virus227,Tomato_Yellow_Leaf_Curl_Virus227,True,0.99999475
data/raw/Mendeley/plantvillage/Preprocessed data/Tomato_Yellow_Leaf_Curl_Virus227/Tyl4114.jpg,Tomato_Yellow_Leaf_Curl_Virus227,0,7,7,Tomato_Yellow_Leaf_Curl_Virus227,Tomato_Yellow_Leaf_Curl_Virus227,True,0.9999274
data/raw/Mendeley/plantvillage/Preprocessed data/Tomato_Yellow_Leaf_Curl_Virus227/Tyl4115.jpg,Tomato_Yellow_Leaf_Curl_Virus227,0,7,7,Tomato_Yellow_Leaf_Curl_Virus227,Tomato_Yellow_Leaf_Curl_Virus227,True,0.9999918
data/raw/Mendeley/plantvillage/Preprocessed data/Tomato_Yellow_Leaf_Curl_Virus227/Tyl4117.jpg,Tomato_Yellow_Leaf_Curl_Virus227,0,7,7,Tomato_Yellow_Leaf_Curl_Virus227,Tomato_Yellow_Leaf_Curl_Virus227,True,0.99999917
data/raw/Mendeley/plantvillage/Preprocessed data/Tomato_Yellow_Leaf_Curl_Virus227/Tyl4121.jpg,Tomato_Yellow_Leaf_Curl_Virus227,0,7,7,Tomato_Yellow_Leaf_Curl_Virus227,Tomato_Yellow_Leaf_Curl_Virus227,True,0.9999614
data/raw/Mendeley/plantvillage/Preprocessed data/Tomato_Yellow_Leaf_Curl_Virus227/Tyl4126.jpg,Tomato_Yellow_Leaf_Curl_Virus227,0,7,7,Tomato_Yellow_Leaf_Curl_Virus227,Tomato_Yellow_Leaf_Curl_Virus227,True,0.9999865
data/raw/Mendeley/plantvillage/Preprocessed data/Tomato_Yellow_Leaf_Curl_Virus227/Tyl4127.jpg,Tomato_Yellow_Leaf_Curl_Virus227,0,7,7,Tomato_Yellow_Leaf_Curl_Virus227,Tomato_Yellow_Leaf_Curl_Virus227,True,0.9997726
data/raw/Mendeley/plantvillage/Preprocessed data/Tomato_Yellow_Leaf_Curl_Virus227/Tyl4131.jpg,Tomato_Yellow_Leaf_Curl_Virus227,0,7,7,Tomato_Yellow_Leaf_Curl_Virus227,Tomato_Yellow_Leaf_Curl_Virus227,True,0.99999964
data/raw/Mendeley/plantvillage/Preprocessed data/Tomato_Yellow_Leaf_Curl_Virus227/Tyl4138.jpg,Tomato_Yellow_Leaf_Curl_Virus227,0,7,7,Tomato_Yellow_Leaf_Curl_Virus227,Tomato_Yellow_Leaf_Curl_Virus227,True,0.9990989
data/raw/Mendeley/plantvillage/Preprocessed data/Tomato_Yellow_Leaf_Curl_Virus227/Tyl4139.jpg,Tomato_Yellow_Leaf_Curl_Virus227,0,7,7,Tomato_Yellow_Leaf_Curl_Virus227,Tomato_Yellow_Leaf_Curl_Virus227,True,0.9998043
data/raw/Mendeley/plantvillage/Preprocessed data/Tomato_Yellow_Leaf_Curl_Virus227/Tyl4143.jpg,Tomato_Yellow_Leaf_Curl_Virus227,0,7,7,Tomato_Yellow_Leaf_Curl_Virus227,Tomato_Yellow_Leaf_Curl_Virus227,True,0.9999857
data/raw/Mendeley/plantvillage/Preprocessed data/Tomato_Yellow_Leaf_Curl_Virus227/Tyl4147.jpg,Tomato_Yellow_Leaf_Curl_Virus227,0,7,7,Tomato_Yellow_Leaf_Curl_Virus227,Tomato_Yellow_Leaf_Curl_Virus227,True,0.99999964
data/raw/Mendeley/plantvillage/Preprocessed data/Tomato_Yellow_Leaf_Curl_Virus227/Tyl4155.jpg,Tomato_Yellow_Leaf_Curl_Virus227,0,7,4,Tomato_Yellow_Leaf_Curl_Virus227,Leaf_Mold227,False,0.9568579
data/raw/Mendeley/plantvillage/Preprocessed data/Tomato_Yellow_Leaf_Curl_Virus227/Tyl4157.jpg,Tomato_Yellow_Leaf_Curl_Virus227,0,7,7,Tomato_Yellow_Leaf_Curl_Virus227,Tomato_Yellow_Leaf_Curl_Virus227,True,0.998558
data/raw/Mendeley/plantvillage/Preprocessed data/Tomato_Yellow_Leaf_Curl_Virus227/Tyl4160.jpg,Tomato_Yellow_Leaf_Curl_Virus227,0,7,7,Tomato_Yellow_Leaf_Curl_Virus227,Tomato_Yellow_Leaf_Curl_Virus227,True,0.9999827
data/raw/Mendeley/plantvillage/Preprocessed data/Tomato_Yellow_Leaf_Curl_Virus227/Tyl4161.jpg,Tomato_Yellow_Leaf_Curl_Virus227,0,7,7,Tomato_Yellow_Leaf_Curl_Virus227,Tomato_Yellow_Leaf_Curl_Virus227,True,0.9999999
data/raw/Mendeley/plantvillage/Preprocessed data/Tomato_Yellow_Leaf_Curl_Virus227/Tyl4165.jpg,Tomato_Yellow_Leaf_Curl_Virus227,0,7,7,Tomato_Yellow_Leaf_Curl_Virus227,Tomato_Yellow_Leaf_Curl_Virus227,True,0.9999856
data/raw/Mendeley/plantvillage/Preprocessed data/Tomato_Yellow_Leaf_Curl_Virus227/Tyl4170.jpg,Tomato_Yellow_Leaf_Curl_Virus227,0,7,7,Tomato_Yellow_Leaf_Curl_Virus227,Tomato_Yellow_Leaf_Curl_Virus227,True,0.99967897
data/raw/Mendeley/plantvillage/Preprocessed data/Tomato_Yellow_Leaf_Curl_Virus227/Tyl418.jpg,Tomato_Yellow_Leaf_Curl_Virus227,0,7,7,Tomato_Yellow_Leaf_Curl_Virus227,Tomato_Yellow_Leaf_Curl_Virus227,True,0.9999722
data/raw/Mendeley/plantvillage/Preprocessed data/Tomato_Yellow_Leaf_Curl_Virus227/Tyl4182.jpg,Tomato_Yellow_Leaf_Curl_Virus227,0,7,7,Tomato_Yellow_Leaf_Curl_Virus227,Tomato_Yellow_Leaf_Curl_Virus227,True,0.9910426
data/raw/Mendeley/plantvillage/Preprocessed data/Tomato_Yellow_Leaf_Curl_Virus227/Tyl4183.jpg,Tomato_Yellow_Leaf_Curl_Virus227,0,7,7,Tomato_Yellow_Leaf_Curl_Virus227,Tomato_Yellow_Leaf_Curl_Virus227,True,0.99999416
data/raw/Mendeley/plantvillage/Preprocessed data/Tomato_Yellow_Leaf_Curl_Virus227/Tyl419.jpg,Tomato_Yellow_Leaf_Curl_Virus227,0,7,7,Tomato_Yellow_Leaf_Curl_Virus227,Tomato_Yellow_Leaf_Curl_Virus227,True,1.0
data/raw/Mendeley/plantvillage/Preprocessed data/Tomato_Yellow_Leaf_Curl_Virus227/Tyl4194.jpg,Tomato_Yellow_Leaf_Curl_Virus227,0,7,7,Tomato_Yellow_Leaf_Curl_Virus227,Tomato_Yellow_Leaf_Curl_Virus227,True,1.0
data/raw/Mendeley/plantvillage/Preprocessed data/Tomato_Yellow_Leaf_Curl_Virus227/Tyl4196.jpg,Tomato_Yellow_Leaf_Curl_Virus227,0,7,7,Tomato_Yellow_Leaf_Curl_Virus227,Tomato_Yellow_Leaf_Curl_Virus227,True,0.9989537
data/raw/Mendeley/plantvillage/Preprocessed data/Tomato_Yellow_Leaf_Curl_Virus227/Tyl4197.jpg,Tomato_Yellow_Leaf_Curl_Virus227,0,7,7,Tomato_Yellow_Leaf_Curl_Virus227,Tomato_Yellow_Leaf_Curl_Virus227,True,0.9999945
data/raw/Mendeley/plantvillage/Preprocessed data/Tomato_Yellow_Leaf_Curl_Virus227/Tyl4201.jpg,Tomato_Yellow_Leaf_Curl_Virus227,0,7,7,Tomato_Yellow_Leaf_Curl_Virus227,Tomato_Yellow_Leaf_Curl_Virus227,True,0.99999845
data/raw/Mendeley/plantvillage/Preprocessed data/Tomato_Yellow_Leaf_Curl_Virus227/Tyl4210.jpg,Tomato_Yellow_Leaf_Curl_Virus227,0,7,7,Tomato_Yellow_Leaf_Curl_Virus227,Tomato_Yellow_Leaf_Curl_Virus227,True,0.999895
data/raw/Mendeley/plantvillage/Preprocessed data/Tomato_Yellow_Leaf_Curl_Virus227/Tyl4214.jpg,Tomato_Yellow_Leaf_Curl_Virus227,0,7,7,Tomato_Yellow_Leaf_Curl_Virus227,Tomato_Yellow_Leaf_Curl_Virus227,True,0.9999988
data/raw/Mendeley/plantvillage/Preprocessed data/Tomato_Yellow_Leaf_Curl_Virus227/Tyl422.jpg,Tomato_Yellow_Leaf_Curl_Virus227,0,7,7,Tomato_Yellow_Leaf_Curl_Virus227,Tomato_Yellow_Leaf_Curl_Virus227,True,0.99998605
data/raw/Mendeley/plantvillage/Preprocessed data/Tomato_Yellow_Leaf_Curl_Virus227/Tyl4222.jpg,Tomato_Yellow_Leaf_Curl_Virus227,0,7,7,Tomato_Yellow_Leaf_Curl_Virus227,Tomato_Yellow_Leaf_Curl_Virus227,True,1.0
data/raw/Mendeley/plantvillage/Preprocessed data/Tomato_Yellow_Leaf_Curl_Virus227/Tyl4224.jpg,Tomato_Yellow_Leaf_Curl_Virus227,0,7,7,Tomato_Yellow_Leaf_Curl_Virus227,Tomato_Yellow_Leaf_Curl_Virus227,True,0.99998677
data/raw/Mendeley/plantvillage/Preprocessed data/Tomato_Yellow_Leaf_Curl_Virus227/Tyl4238.jpg,Tomato_Yellow_Leaf_Curl_Virus227,0,7,7,Tomato_Yellow_Leaf_Curl_Virus227,Tomato_Yellow_Leaf_Curl_Virus227,True,0.99997413
data/raw/Mendeley/plantvillage/Preprocessed data/Tomato_Yellow_Leaf_Curl_Virus227/Tyl4247.jpg,Tomato_Yellow_Leaf_Curl_Virus227,0,7,7,Tomato_Yellow_Leaf_Curl_Virus227,Tomato_Yellow_Leaf_Curl_Virus227,True,0.99824786
data/raw/Mendeley/plantvillage/Preprocessed data/Tomato_Yellow_Leaf_Curl_Virus227/Tyl4256.jpg,Tomato_Yellow_Leaf_Curl_Virus227,0,7,7,Tomato_Yellow_Leaf_Curl_Virus227,Tomato_Yellow_Leaf_Curl_Virus227,True,0.9999651
data/raw/Mendeley/plantvillage/Preprocessed data/Tomato_Yellow_Leaf_Curl_Virus227/Tyl4260.jpg,Tomato_Yellow_Leaf_Curl_Virus227,0,7,7,Tomato_Yellow_Leaf_Curl_Virus227,Tomato_Yellow_Leaf_Curl_Virus227,True,0.99996257
data/raw/Mendeley/plantvillage/Preprocessed data/Tomato_Yellow_Leaf_Curl_Virus227/Tyl4269.jpg,Tomato_Yellow_Leaf_Curl_Virus227,0,7,7,Tomato_Yellow_Leaf_Curl_Virus227,Tomato_Yellow_Leaf_Curl_Virus227,True,0.999967
data/raw/Mendeley/plantvillage/Preprocessed data/Tomato_Yellow_Leaf_Curl_Virus227/Tyl4274.jpg,Tomato_Yellow_Leaf_Curl_Virus227,0,7,7,Tomato_Yellow_Leaf_Curl_Virus227,Tomato_Yellow_Leaf_Curl_Virus227,True,0.9999969
data/raw/Mendeley/plantvillage/Preprocessed data/Tomato_Yellow_Leaf_Curl_Virus227/Tyl4286.jpg,Tomato_Yellow_Leaf_Curl_Virus227,0,7,7,Tomato_Yellow_Leaf_Curl_Virus227,Tomato_Yellow_Leaf_Curl_Virus227,True,0.99996674
data/raw/Mendeley/plantvillage/Preprocessed data/Tomato_Yellow_Leaf_Curl_Virus227/Tyl438.jpg,Tomato_Yellow_Leaf_Curl_Virus227,0,7,7,Tomato_Yellow_Leaf_Curl_Virus227,Tomato_Yellow_Leaf_Curl_Virus227,True,0.99992156
data/raw/Mendeley/plantvillage/Preprocessed data/Tomato_Yellow_Leaf_Curl_Virus227/Tyl464.jpg,Tomato_Yellow_Leaf_Curl_Virus227,0,7,7,Tomato_Yellow_Leaf_Curl_Virus227,Tomato_Yellow_Leaf_Curl_Virus227,True,0.9989722
data/raw/Mendeley/plantvillage/Preprocessed data/Tomato_Yellow_Leaf_Curl_Virus227/Tyl466.jpg,Tomato_Yellow_Leaf_Curl_Virus227,0,7,7,Tomato_Yellow_Leaf_Curl_Virus227,Tomato_Yellow_Leaf_Curl_Virus227,True,0.9996582
data/raw/Mendeley/plantvillage/Preprocessed data/Tomato_Yellow_Leaf_Curl_Virus227/Tyl468.jpg,Tomato_Yellow_Leaf_Curl_Virus227,0,7,7,Tomato_Yellow_Leaf_Curl_Virus227,Tomato_Yellow_Leaf_Curl_Virus227,True,0.9999708
data/raw/Mendeley/plantvillage/Preprocessed data/Tomato_Yellow_Leaf_Curl_Virus227/Tyl469.jpg,Tomato_Yellow_Leaf_Curl_Virus227,0,7,7,Tomato_Yellow_Leaf_Curl_Virus227,Tomato_Yellow_Leaf_Curl_Virus227,True,0.9999958
data/raw/Mendeley/plantvillage/Preprocessed data/Tomato_Yellow_Leaf_Curl_Virus227/Tyl476.jpg,Tomato_Yellow_Leaf_Curl_Virus227,0,7,7,Tomato_Yellow_Leaf_Curl_Virus227,Tomato_Yellow_Leaf_Curl_Virus227,True,0.99837685
data/raw/Mendeley/plantvillage/Preprocessed data/Tomato_Yellow_Leaf_Curl_Virus227/Tyl479.jpg,Tomato_Yellow_Leaf_Curl_Virus227,0,7,7,Tomato_Yellow_Leaf_Curl_Virus227,Tomato_Yellow_Leaf_Curl_Virus227,True,0.99995506
data/raw/Mendeley/plantvillage/Preprocessed data/Tomato_Yellow_Leaf_Curl_Virus227/Tyl48.jpg,Tomato_Yellow_Leaf_Curl_Virus227,0,7,7,Tomato_Yellow_Leaf_Curl_Virus227,Tomato_Yellow_Leaf_Curl_Virus227,True,0.99999833
data/raw/Mendeley/plantvillage/Preprocessed data/Tomato_Yellow_Leaf_Curl_Virus227/Tyl485.jpg,Tomato_Yellow_Leaf_Curl_Virus227,0,7,7,Tomato_Yellow_Leaf_Curl_Virus227,Tomato_Yellow_Leaf_Curl_Virus227,True,0.99951196
data/raw/Mendeley/plantvillage/Preprocessed data/Tomato_Yellow_Leaf_Curl_Virus227/Tyl489.jpg,Tomato_Yellow_Leaf_Curl_Virus227,0,7,7,Tomato_Yellow_Leaf_Curl_Virus227,Tomato_Yellow_Leaf_Curl_Virus227,True,0.99994576
data/raw/Mendeley/plantvillage/Preprocessed data/Tomato_Yellow_Leaf_Curl_Virus227/Tyl491.jpg,Tomato_Yellow_Leaf_Curl_Virus227,0,7,7,Tomato_Yellow_Leaf_Curl_Virus227,Tomato_Yellow_Leaf_Curl_Virus227,True,0.9999908
data/raw/Mendeley/plantvillage/Preprocessed data/Tomato_Yellow_Leaf_Curl_Virus227/Tyl494.jpg,Tomato_Yellow_Leaf_Curl_Virus227,0,7,7,Tomato_Yellow_Leaf_Curl_Virus227,Tomato_Yellow_Leaf_Curl_Virus227,True,0.99994123
data/raw/Mendeley/plantvillage/Preprocessed data/Tomato_Yellow_Leaf_Curl_Virus227/Tyl504.jpg,Tomato_Yellow_Leaf_Curl_Virus227,0,7,7,Tomato_Yellow_Leaf_Curl_Virus227,Tomato_Yellow_Leaf_Curl_Virus227,True,0.9999821
data/raw/Mendeley/plantvillage/Preprocessed data/Tomato_Yellow_Leaf_Curl_Virus227/Tyl506.jpg,Tomato_Yellow_Leaf_Curl_Virus227,0,7,7,Tomato_Yellow_Leaf_Curl_Virus227,Tomato_Yellow_Leaf_Curl_Virus227,True,0.9999951
data/raw/Mendeley/plantvillage/Preprocessed data/Tomato_Yellow_Leaf_Curl_Virus227/Tyl511.jpg,Tomato_Yellow_Leaf_Curl_Virus227,0,7,7,Tomato_Yellow_Leaf_Curl_Virus227,Tomato_Yellow_Leaf_Curl_Virus227,True,0.99999154
data/raw/Mendeley/plantvillage/Preprocessed data/Tomato_Yellow_Leaf_Curl_Virus227/Tyl52.jpg,Tomato_Yellow_Leaf_Curl_Virus227,0,7,7,Tomato_Yellow_Leaf_Curl_Virus227,Tomato_Yellow_Leaf_Curl_Virus227,True,0.9999356
data/raw/Mendeley/plantvillage/Preprocessed data/Tomato_Yellow_Leaf_Curl_Virus227/Tyl520.jpg,Tomato_Yellow_Leaf_Curl_Virus227,0,7,7,Tomato_Yellow_Leaf_Curl_Virus227,Tomato_Yellow_Leaf_Curl_Virus227,True,0.9999809
data/raw/Mendeley/plantvillage/Preprocessed data/Tomato_Yellow_Leaf_Curl_Virus227/Tyl528.jpg,Tomato_Yellow_Leaf_Curl_Virus227,0,7,7,Tomato_Yellow_Leaf_Curl_Virus227,Tomato_Yellow_Leaf_Curl_Virus227,True,0.9999982
data/raw/Mendeley/plantvillage/Preprocessed data/Tomato_Yellow_Leaf_Curl_Virus227/Tyl529.jpg,Tomato_Yellow_Leaf_Curl_Virus227,0,7,7,Tomato_Yellow_Leaf_Curl_Virus227,Tomato_Yellow_Leaf_Curl_Virus227,True,0.99982494
data/raw/Mendeley/plantvillage/Preprocessed data/Tomato_Yellow_Leaf_Curl_Virus227/Tyl530.jpg,Tomato_Yellow_Leaf_Curl_Virus227,0,7,7,Tomato_Yellow_Leaf_Curl_Virus227,Tomato_Yellow_Leaf_Curl_Virus227,True,0.999998
data/raw/Mendeley/plantvillage/Preprocessed data/Tomato_Yellow_Leaf_Curl_Virus227/Tyl531.jpg,Tomato_Yellow_Leaf_Curl_Virus227,0,7,7,Tomato_Yellow_Leaf_Curl_Virus227,Tomato_Yellow_Leaf_Curl_Virus227,True,0.9998952
data/raw/Mendeley/plantvillage/Preprocessed data/Tomato_Yellow_Leaf_Curl_Virus227/Tyl532.jpg,Tomato_Yellow_Leaf_Curl_Virus227,0,7,7,Tomato_Yellow_Leaf_Curl_Virus227,Tomato_Yellow_Leaf_Curl_Virus227,True,0.99999714
data/raw/Mendeley/plantvillage/Preprocessed data/Tomato_Yellow_Leaf_Curl_Virus227/Tyl538.jpg,Tomato_Yellow_Leaf_Curl_Virus227,0,7,7,Tomato_Yellow_Leaf_Curl_Virus227,Tomato_Yellow_Leaf_Curl_Virus227,True,0.99989414
data/raw/Mendeley/plantvillage/Preprocessed data/Tomato_Yellow_Leaf_Curl_Virus227/Tyl548.jpg,Tomato_Yellow_Leaf_Curl_Virus227,0,7,7,Tomato_Yellow_Leaf_Curl_Virus227,Tomato_Yellow_Leaf_Curl_Virus227,True,0.99998283
data/raw/Mendeley/plantvillage/Preprocessed data/Tomato_Yellow_Leaf_Curl_Virus227/Tyl554.jpg,Tomato_Yellow_Leaf_Curl_Virus227,0,7,7,Tomato_Yellow_Leaf_Curl_Virus227,Tomato_Yellow_Leaf_Curl_Virus227,True,0.9999937
data/raw/Mendeley/plantvillage/Preprocessed data/Tomato_Yellow_Leaf_Curl_Virus227/Tyl555.jpg,Tomato_Yellow_Leaf_Curl_Virus227,0,7,7,Tomato_Yellow_Leaf_Curl_Virus227,Tomato_Yellow_Leaf_Curl_Virus227,True,0.99992
data/raw/Mendeley/plantvillage/Preprocessed data/Tomato_Yellow_Leaf_Curl_Virus227/Tyl56.jpg,Tomato_Yellow_Leaf_Curl_Virus227,0,7,7,Tomato_Yellow_Leaf_Curl_Virus227,Tomato_Yellow_Leaf_Curl_Virus227,True,0.99994934
data/raw/Mendeley/plantvillage/Preprocessed data/Tomato_Yellow_Leaf_Curl_Virus227/Tyl560.jpg,Tomato_Yellow_Leaf_Curl_Virus227,0,7,7,Tomato_Yellow_Leaf_Curl_Virus227,Tomato_Yellow_Leaf_Curl_Virus227,True,0.99999774
data/raw/Mendeley/plantvillage/Preprocessed data/Tomato_Yellow_Leaf_Curl_Virus227/Tyl562.jpg,Tomato_Yellow_Leaf_Curl_Virus227,0,7,7,Tomato_Yellow_Leaf_Curl_Virus227,Tomato_Yellow_Leaf_Curl_Virus227,True,0.9999962
data/raw/Mendeley/plantvillage/Preprocessed data/Tomato_Yellow_Leaf_Curl_Virus227/Tyl565.jpg,Tomato_Yellow_Leaf_Curl_Virus227,0,7,7,Tomato_Yellow_Leaf_Curl_Virus227,Tomato_Yellow_Leaf_Curl_Virus227,True,0.99996734
data/raw/Mendeley/plantvillage/Preprocessed data/Tomato_Yellow_Leaf_Curl_Virus227/Tyl568.jpg,Tomato_Yellow_Leaf_Curl_Virus227,0,7,7,Tomato_Yellow_Leaf_Curl_Virus227,Tomato_Yellow_Leaf_Curl_Virus227,True,0.9999459
data/raw/Mendeley/plantvillage/Preprocessed data/Tomato_Yellow_Leaf_Curl_Virus227/Tyl571.jpg,Tomato_Yellow_Leaf_Curl_Virus227,0,7,7,Tomato_Yellow_Leaf_Curl_Virus227,Tomato_Yellow_Leaf_Curl_Virus227,True,0.9999037
data/raw/Mendeley/plantvillage/Preprocessed data/Tomato_Yellow_Leaf_Curl_Virus227/Tyl576.jpg,Tomato_Yellow_Leaf_Curl_Virus227,0,7,7,Tomato_Yellow_Leaf_Curl_Virus227,Tomato_Yellow_Leaf_Curl_Virus227,True,1.0
data/raw/Mendeley/plantvillage/Preprocessed data/Tomato_Yellow_Leaf_Curl_Virus227/Tyl577.jpg,Tomato_Yellow_Leaf_Curl_Virus227,0,7,7,Tomato_Yellow_Leaf_Curl_Virus227,Tomato_Yellow_Leaf_Curl_Virus227,True,0.99952793
data/raw/Mendeley/plantvillage/Preprocessed data/Tomato_Yellow_Leaf_Curl_Virus227/Tyl58.jpg,Tomato_Yellow_Leaf_Curl_Virus227,0,7,7,Tomato_Yellow_Leaf_Curl_Virus227,Tomato_Yellow_Leaf_Curl_Virus227,True,0.9999914
data/raw/Mendeley/plantvillage/Preprocessed data/Tomato_Yellow_Leaf_Curl_Virus227/Tyl581.jpg,Tomato_Yellow_Leaf_Curl_Virus227,0,7,7,Tomato_Yellow_Leaf_Curl_Virus227,Tomato_Yellow_Leaf_Curl_Virus227,True,0.99999905
data/raw/Mendeley/plantvillage/Preprocessed data/Tomato_Yellow_Leaf_Curl_Virus227/Tyl59.jpg,Tomato_Yellow_Leaf_Curl_Virus227,0,7,7,Tomato_Yellow_Leaf_Curl_Virus227,Tomato_Yellow_Leaf_Curl_Virus227,True,0.9999776
data/raw/Mendeley/plantvillage/Preprocessed data/Tomato_Yellow_Leaf_Curl_Virus227/Tyl590.jpg,Tomato_Yellow_Leaf_Curl_Virus227,0,7,7,Tomato_Yellow_Leaf_Curl_Virus227,Tomato_Yellow_Leaf_Curl_Virus227,True,0.99993026
data/raw/Mendeley/plantvillage/Preprocessed data/Tomato_Yellow_Leaf_Curl_Virus227/Tyl604.jpg,Tomato_Yellow_Leaf_Curl_Virus227,0,7,7,Tomato_Yellow_Leaf_Curl_Virus227,Tomato_Yellow_Leaf_Curl_Virus227,True,0.99999905
data/raw/Mendeley/plantvillage/Preprocessed data/Tomato_Yellow_Leaf_Curl_Virus227/Tyl605.jpg,Tomato_Yellow_Leaf_Curl_Virus227,0,7,7,Tomato_Yellow_Leaf_Curl_Virus227,Tomato_Yellow_Leaf_Curl_Virus227,True,0.9999465
data/raw/Mendeley/plantvillage/Preprocessed data/Tomato_Yellow_Leaf_Curl_Virus227/Tyl610.jpg,Tomato_Yellow_Leaf_Curl_Virus227,0,7,7,Tomato_Yellow_Leaf_Curl_Virus227,Tomato_Yellow_Leaf_Curl_Virus227,True,0.9999918
data/raw/Mendeley/plantvillage/Preprocessed data/Tomato_Yellow_Leaf_Curl_Virus227/Tyl616.jpg,Tomato_Yellow_Leaf_Curl_Virus227,0,7,7,Tomato_Yellow_Leaf_Curl_Virus227,Tomato_Yellow_Leaf_Curl_Virus227,True,0.9999685
data/raw/Mendeley/plantvillage/Preprocessed data/Tomato_Yellow_Leaf_Curl_Virus227/Tyl617.jpg,Tomato_Yellow_Leaf_Curl_Virus227,0,7,7,Tomato_Yellow_Leaf_Curl_Virus227,Tomato_Yellow_Leaf_Curl_Virus227,True,0.9999665
data/raw/Mendeley/plantvillage/Preprocessed data/Tomato_Yellow_Leaf_Curl_Virus227/Tyl620.jpg,Tomato_Yellow_Leaf_Curl_Virus227,0,7,7,Tomato_Yellow_Leaf_Curl_Virus227,Tomato_Yellow_Leaf_Curl_Virus227,True,0.99985933
data/raw/Mendeley/plantvillage/Preprocessed data/Tomato_Yellow_Leaf_Curl_Virus227/Tyl624.jpg,Tomato_Yellow_Leaf_Curl_Virus227,0,7,7,Tomato_Yellow_Leaf_Curl_Virus227,Tomato_Yellow_Leaf_Curl_Virus227,True,0.9999844
data/raw/Mendeley/plantvillage/Preprocessed data/Tomato_Yellow_Leaf_Curl_Virus227/Tyl625.jpg,Tomato_Yellow_Leaf_Curl_Virus227,0,7,7,Tomato_Yellow_Leaf_Curl_Virus227,Tomato_Yellow_Leaf_Curl_Virus227,True,0.99999046
data/raw/Mendeley/plantvillage/Preprocessed data/Tomato_Yellow_Leaf_Curl_Virus227/Tyl626.jpg,Tomato_Yellow_Leaf_Curl_Virus227,0,7,7,Tomato_Yellow_Leaf_Curl_Virus227,Tomato_Yellow_Leaf_Curl_Virus227,True,0.9999989
data/raw/Mendeley/plantvillage/Preprocessed data/Tomato_Yellow_Leaf_Curl_Virus227/Tyl63.jpg,Tomato_Yellow_Leaf_Curl_Virus227,0,7,7,Tomato_Yellow_Leaf_Curl_Virus227,Tomato_Yellow_Leaf_Curl_Virus227,True,0.9999931
data/raw/Mendeley/plantvillage/Preprocessed data/Tomato_Yellow_Leaf_Curl_Virus227/Tyl632.jpg,Tomato_Yellow_Leaf_Curl_Virus227,0,7,7,Tomato_Yellow_Leaf_Curl_Virus227,Tomato_Yellow_Leaf_Curl_Virus227,True,0.96781945
data/raw/Mendeley/plantvillage/Preprocessed data/Tomato_Yellow_Leaf_Curl_Virus227/Tyl639.jpg,Tomato_Yellow_Leaf_Curl_Virus227,0,7,7,Tomato_Yellow_Leaf_Curl_Virus227,Tomato_Yellow_Leaf_Curl_Virus227,True,0.99980205
data/raw/Mendeley/plantvillage/Preprocessed data/Tomato_Yellow_Leaf_Curl_Virus227/Tyl641.jpg,Tomato_Yellow_Leaf_Curl_Virus227,0,7,7,Tomato_Yellow_Leaf_Curl_Virus227,Tomato_Yellow_Leaf_Curl_Virus227,True,0.99966276
data/raw/Mendeley/plantvillage/Preprocessed data/Tomato_Yellow_Leaf_Curl_Virus227/Tyl658.jpg,Tomato_Yellow_Leaf_Curl_Virus227,0,7,7,Tomato_Yellow_Leaf_Curl_Virus227,Tomato_Yellow_Leaf_Curl_Virus227,True,0.999997
data/raw/Mendeley/plantvillage/Preprocessed data/Tomato_Yellow_Leaf_Curl_Virus227/Tyl662.jpg,Tomato_Yellow_Leaf_Curl_Virus227,0,7,7,Tomato_Yellow_Leaf_Curl_Virus227,Tomato_Yellow_Leaf_Curl_Virus227,True,0.9999782
data/raw/Mendeley/plantvillage/Preprocessed data/Tomato_Yellow_Leaf_Curl_Virus227/Tyl666.jpg,Tomato_Yellow_Leaf_Curl_Virus227,0,7,7,Tomato_Yellow_Leaf_Curl_Virus227,Tomato_Yellow_Leaf_Curl_Virus227,True,0.9993254
data/raw/Mendeley/plantvillage/Preprocessed data/Tomato_Yellow_Leaf_Curl_Virus227/Tyl667.jpg,Tomato_Yellow_Leaf_Curl_Virus227,0,7,7,Tomato_Yellow_Leaf_Curl_Virus227,Tomato_Yellow_Leaf_Curl_Virus227,True,0.9998074
data/raw/Mendeley/plantvillage/Preprocessed data/Tomato_Yellow_Leaf_Curl_Virus227/Tyl668.jpg,Tomato_Yellow_Leaf_Curl_Virus227,0,7,7,Tomato_Yellow_Leaf_Curl_Virus227,Tomato_Yellow_Leaf_Curl_Virus227,True,0.999933
data/raw/Mendeley/plantvillage/Preprocessed data/Tomato_Yellow_Leaf_Curl_Virus227/Tyl671.jpg,Tomato_Yellow_Leaf_Curl_Virus227,0,7,7,Tomato_Yellow_Leaf_Curl_Virus227,Tomato_Yellow_Leaf_Curl_Virus227,True,0.99997294
data/raw/Mendeley/plantvillage/Preprocessed data/Tomato_Yellow_Leaf_Curl_Virus227/Tyl674.jpg,Tomato_Yellow_Leaf_Curl_Virus227,0,7,7,Tomato_Yellow_Leaf_Curl_Virus227,Tomato_Yellow_Leaf_Curl_Virus227,True,0.99993145
data/raw/Mendeley/plantvillage/Preprocessed data/Tomato_Yellow_Leaf_Curl_Virus227/Tyl679.jpg,Tomato_Yellow_Leaf_Curl_Virus227,0,7,7,Tomato_Yellow_Leaf_Curl_Virus227,Tomato_Yellow_Leaf_Curl_Virus227,True,0.99965763
data/raw/Mendeley/plantvillage/Preprocessed data/Tomato_Yellow_Leaf_Curl_Virus227/Tyl682.jpg,Tomato_Yellow_Leaf_Curl_Virus227,0,7,7,Tomato_Yellow_Leaf_Curl_Virus227,Tomato_Yellow_Leaf_Curl_Virus227,True,0.99999845
data/raw/Mendeley/plantvillage/Preprocessed data/Tomato_Yellow_Leaf_Curl_Virus227/Tyl706.jpg,Tomato_Yellow_Leaf_Curl_Virus227,0,7,7,Tomato_Yellow_Leaf_Curl_Virus227,Tomato_Yellow_Leaf_Curl_Virus227,True,0.99923885
data/raw/Mendeley/plantvillage/Preprocessed data/Tomato_Yellow_Leaf_Curl_Virus227/Tyl708.jpg,Tomato_Yellow_Leaf_Curl_Virus227,0,7,7,Tomato_Yellow_Leaf_Curl_Virus227,Tomato_Yellow_Leaf_Curl_Virus227,True,0.9999734
data/raw/Mendeley/plantvillage/Preprocessed data/Tomato_Yellow_Leaf_Curl_Virus227/Tyl710.jpg,Tomato_Yellow_Leaf_Curl_Virus227,0,7,7,Tomato_Yellow_Leaf_Curl_Virus227,Tomato_Yellow_Leaf_Curl_Virus227,True,0.9994122
data/raw/Mendeley/plantvillage/Preprocessed data/Tomato_Yellow_Leaf_Curl_Virus227/Tyl711.jpg,Tomato_Yellow_Leaf_Curl_Virus227,0,7,7,Tomato_Yellow_Leaf_Curl_Virus227,Tomato_Yellow_Leaf_Curl_Virus227,True,0.9999894
data/raw/Mendeley/plantvillage/Preprocessed data/Tomato_Yellow_Leaf_Curl_Virus227/Tyl715.jpg,Tomato_Yellow_Leaf_Curl_Virus227,0,7,7,Tomato_Yellow_Leaf_Curl_Virus227,Tomato_Yellow_Leaf_Curl_Virus227,True,0.9992937
data/raw/Mendeley/plantvillage/Preprocessed data/Tomato_Yellow_Leaf_Curl_Virus227/Tyl718.jpg,Tomato_Yellow_Leaf_Curl_Virus227,0,7,7,Tomato_Yellow_Leaf_Curl_Virus227,Tomato_Yellow_Leaf_Curl_Virus227,True,0.9998876
data/raw/Mendeley/plantvillage/Preprocessed data/Tomato_Yellow_Leaf_Curl_Virus227/Tyl719.jpg,Tomato_Yellow_Leaf_Curl_Virus227,0,7,7,Tomato_Yellow_Leaf_Curl_Virus227,Tomato_Yellow_Leaf_Curl_Virus227,True,0.9999825
data/raw/Mendeley/plantvillage/Preprocessed data/Tomato_Yellow_Leaf_Curl_Virus227/Tyl732.jpg,Tomato_Yellow_Leaf_Curl_Virus227,0,7,7,Tomato_Yellow_Leaf_Curl_Virus227,Tomato_Yellow_Leaf_Curl_Virus227,True,0.999992
data/raw/Mendeley/plantvillage/Preprocessed data/Tomato_Yellow_Leaf_Curl_Virus227/Tyl744.jpg,Tomato_Yellow_Leaf_Curl_Virus227,0,7,7,Tomato_Yellow_Leaf_Curl_Virus227,Tomato_Yellow_Leaf_Curl_Virus227,True,0.9999856
data/raw/Mendeley/plantvillage/Preprocessed data/Tomato_Yellow_Leaf_Curl_Virus227/Tyl764.jpg,Tomato_Yellow_Leaf_Curl_Virus227,0,7,7,Tomato_Yellow_Leaf_Curl_Virus227,Tomato_Yellow_Leaf_Curl_Virus227,True,0.9999993
data/raw/Mendeley/plantvillage/Preprocessed data/Tomato_Yellow_Leaf_Curl_Virus227/Tyl777.jpg,Tomato_Yellow_Leaf_Curl_Virus227,0,7,7,Tomato_Yellow_Leaf_Curl_Virus227,Tomato_Yellow_Leaf_Curl_Virus227,True,0.99999774
data/raw/Mendeley/plantvillage/Preprocessed data/Tomato_Yellow_Leaf_Curl_Virus227/Tyl779.jpg,Tomato_Yellow_Leaf_Curl_Virus227,0,7,7,Tomato_Yellow_Leaf_Curl_Virus227,Tomato_Yellow_Leaf_Curl_Virus227,True,0.999997
data/raw/Mendeley/plantvillage/Preprocessed data/Tomato_Yellow_Leaf_Curl_Virus227/Tyl780.jpg,Tomato_Yellow_Leaf_Curl_Virus227,0,7,7,Tomato_Yellow_Leaf_Curl_Virus227,Tomato_Yellow_Leaf_Curl_Virus227,True,0.9999807
data/raw/Mendeley/plantvillage/Preprocessed data/Tomato_Yellow_Leaf_Curl_Virus227/Tyl782.jpg,Tomato_Yellow_Leaf_Curl_Virus227,0,7,7,Tomato_Yellow_Leaf_Curl_Virus227,Tomato_Yellow_Leaf_Curl_Virus227,True,0.99999607
data/raw/Mendeley/plantvillage/Preprocessed data/Tomato_Yellow_Leaf_Curl_Virus227/Tyl783.jpg,Tomato_Yellow_Leaf_Curl_Virus227,0,7,7,Tomato_Yellow_Leaf_Curl_Virus227,Tomato_Yellow_Leaf_Curl_Virus227,True,0.9999355
data/raw/Mendeley/plantvillage/Preprocessed data/Tomato_Yellow_Leaf_Curl_Virus227/Tyl792.jpg,Tomato_Yellow_Leaf_Curl_Virus227,0,7,7,Tomato_Yellow_Leaf_Curl_Virus227,Tomato_Yellow_Leaf_Curl_Virus227,True,0.99997616
data/raw/Mendeley/plantvillage/Preprocessed data/Tomato_Yellow_Leaf_Curl_Virus227/Tyl80.jpg,Tomato_Yellow_Leaf_Curl_Virus227,0,7,7,Tomato_Yellow_Leaf_Curl_Virus227,Tomato_Yellow_Leaf_Curl_Virus227,True,0.9999702
data/raw/Mendeley/plantvillage/Preprocessed data/Tomato_Yellow_Leaf_Curl_Virus227/Tyl801.jpg,Tomato_Yellow_Leaf_Curl_Virus227,0,7,7,Tomato_Yellow_Leaf_Curl_Virus227,Tomato_Yellow_Leaf_Curl_Virus227,True,0.9999691
data/raw/Mendeley/plantvillage/Preprocessed data/Tomato_Yellow_Leaf_Curl_Virus227/Tyl803.jpg,Tomato_Yellow_Leaf_Curl_Virus227,0,7,7,Tomato_Yellow_Leaf_Curl_Virus227,Tomato_Yellow_Leaf_Curl_Virus227,True,0.996548
data/raw/Mendeley/plantvillage/Preprocessed data/Tomato_Yellow_Leaf_Curl_Virus227/Tyl804.jpg,Tomato_Yellow_Leaf_Curl_Virus227,0,7,7,Tomato_Yellow_Leaf_Curl_Virus227,Tomato_Yellow_Leaf_Curl_Virus227,True,0.99951077
data/raw/Mendeley/plantvillage/Preprocessed data/Tomato_Yellow_Leaf_Curl_Virus227/Tyl81.jpg,Tomato_Yellow_Leaf_Curl_Virus227,0,7,7,Tomato_Yellow_Leaf_Curl_Virus227,Tomato_Yellow_Leaf_Curl_Virus227,True,0.9999273
data/raw/Mendeley/plantvillage/Preprocessed data/Tomato_Yellow_Leaf_Curl_Virus227/Tyl811.jpg,Tomato_Yellow_Leaf_Curl_Virus227,0,7,7,Tomato_Yellow_Leaf_Curl_Virus227,Tomato_Yellow_Leaf_Curl_Virus227,True,0.99989915
data/raw/Mendeley/plantvillage/Preprocessed data/Tomato_Yellow_Leaf_Curl_Virus227/Tyl812.jpg,Tomato_Yellow_Leaf_Curl_Virus227,0,7,7,Tomato_Yellow_Leaf_Curl_Virus227,Tomato_Yellow_Leaf_Curl_Virus227,True,0.99998903
data/raw/Mendeley/plantvillage/Preprocessed data/Tomato_Yellow_Leaf_Curl_Virus227/Tyl813.jpg,Tomato_Yellow_Leaf_Curl_Virus227,0,7,7,Tomato_Yellow_Leaf_Curl_Virus227,Tomato_Yellow_Leaf_Curl_Virus227,True,0.9557724
data/raw/Mendeley/plantvillage/Preprocessed data/Tomato_Yellow_Leaf_Curl_Virus227/Tyl819.jpg,Tomato_Yellow_Leaf_Curl_Virus227,0,7,7,Tomato_Yellow_Leaf_Curl_Virus227,Tomato_Yellow_Leaf_Curl_Virus227,True,0.99978477
data/raw/Mendeley/plantvillage/Preprocessed data/Tomato_Yellow_Leaf_Curl_Virus227/Tyl824.jpg,Tomato_Yellow_Leaf_Curl_Virus227,0,7,7,Tomato_Yellow_Leaf_Curl_Virus227,Tomato_Yellow_Leaf_Curl_Virus227,True,0.9956922
data/raw/Mendeley/plantvillage/Preprocessed data/Tomato_Yellow_Leaf_Curl_Virus227/Tyl826.jpg,Tomato_Yellow_Leaf_Curl_Virus227,0,7,7,Tomato_Yellow_Leaf_Curl_Virus227,Tomato_Yellow_Leaf_Curl_Virus227,True,0.9999143
data/raw/Mendeley/plantvillage/Preprocessed data/Tomato_Yellow_Leaf_Curl_Virus227/Tyl827.jpg,Tomato_Yellow_Leaf_Curl_Virus227,0,7,7,Tomato_Yellow_Leaf_Curl_Virus227,Tomato_Yellow_Leaf_Curl_Virus227,True,0.9999846
data/raw/Mendeley/plantvillage/Preprocessed data/Tomato_Yellow_Leaf_Curl_Virus227/Tyl831.jpg,Tomato_Yellow_Leaf_Curl_Virus227,0,7,7,Tomato_Yellow_Leaf_Curl_Virus227,Tomato_Yellow_Leaf_Curl_Virus227,True,0.9999865
data/raw/Mendeley/plantvillage/Preprocessed data/Tomato_Yellow_Leaf_Curl_Virus227/Tyl836.jpg,Tomato_Yellow_Leaf_Curl_Virus227,0,7,7,Tomato_Yellow_Leaf_Curl_Virus227,Tomato_Yellow_Leaf_Curl_Virus227,True,0.9855348
data/raw/Mendeley/plantvillage/Preprocessed data/Tomato_Yellow_Leaf_Curl_Virus227/Tyl842.jpg,Tomato_Yellow_Leaf_Curl_Virus227,0,7,7,Tomato_Yellow_Leaf_Curl_Virus227,Tomato_Yellow_Leaf_Curl_Virus227,True,0.999936
data/raw/Mendeley/plantvillage/Preprocessed data/Tomato_Yellow_Leaf_Curl_Virus227/Tyl847.jpg,Tomato_Yellow_Leaf_Curl_Virus227,0,7,7,Tomato_Yellow_Leaf_Curl_Virus227,Tomato_Yellow_Leaf_Curl_Virus227,True,0.9999732
data/raw/Mendeley/plantvillage/Preprocessed data/Tomato_Yellow_Leaf_Curl_Virus227/Tyl85.jpg,Tomato_Yellow_Leaf_Curl_Virus227,0,7,7,Tomato_Yellow_Leaf_Curl_Virus227,Tomato_Yellow_Leaf_Curl_Virus227,True,0.9994186
data/raw/Mendeley/plantvillage/Preprocessed data/Tomato_Yellow_Leaf_Curl_Virus227/Tyl856.jpg,Tomato_Yellow_Leaf_Curl_Virus227,0,7,7,Tomato_Yellow_Leaf_Curl_Virus227,Tomato_Yellow_Leaf_Curl_Virus227,True,0.9956892
data/raw/Mendeley/plantvillage/Preprocessed data/Tomato_Yellow_Leaf_Curl_Virus227/Tyl859.jpg,Tomato_Yellow_Leaf_Curl_Virus227,0,7,7,Tomato_Yellow_Leaf_Curl_Virus227,Tomato_Yellow_Leaf_Curl_Virus227,True,0.9999993
data/raw/Mendeley/plantvillage/Preprocessed data/Tomato_Yellow_Leaf_Curl_Virus227/Tyl86.jpg,Tomato_Yellow_Leaf_Curl_Virus227,0,7,7,Tomato_Yellow_Leaf_Curl_Virus227,Tomato_Yellow_Leaf_Curl_Virus227,True,0.9997899
data/raw/Mendeley/plantvillage/Preprocessed data/Tomato_Yellow_Leaf_Curl_Virus227/Tyl863.jpg,Tomato_Yellow_Leaf_Curl_Virus227,0,7,7,Tomato_Yellow_Leaf_Curl_Virus227,Tomato_Yellow_Leaf_Curl_Virus227,True,0.99998724
data/raw/Mendeley/plantvillage/Preprocessed data/Tomato_Yellow_Leaf_Curl_Virus227/Tyl869.jpg,Tomato_Yellow_Leaf_Curl_Virus227,0,7,7,Tomato_Yellow_Leaf_Curl_Virus227,Tomato_Yellow_Leaf_Curl_Virus227,True,0.9999702
data/raw/Mendeley/plantvillage/Preprocessed data/Tomato_Yellow_Leaf_Curl_Virus227/Tyl871.jpg,Tomato_Yellow_Leaf_Curl_Virus227,0,7,7,Tomato_Yellow_Leaf_Curl_Virus227,Tomato_Yellow_Leaf_Curl_Virus227,True,0.999406
data/raw/Mendeley/plantvillage/Preprocessed data/Tomato_Yellow_Leaf_Curl_Virus227/Tyl892.jpg,Tomato_Yellow_Leaf_Curl_Virus227,0,7,7,Tomato_Yellow_Leaf_Curl_Virus227,Tomato_Yellow_Leaf_Curl_Virus227,True,0.9997546
data/raw/Mendeley/plantvillage/Preprocessed data/Tomato_Yellow_Leaf_Curl_Virus227/Tyl902.jpg,Tomato_Yellow_Leaf_Curl_Virus227,0,7,7,Tomato_Yellow_Leaf_Curl_Virus227,Tomato_Yellow_Leaf_Curl_Virus227,True,0.9998317
data/raw/Mendeley/plantvillage/Preprocessed data/Tomato_Yellow_Leaf_Curl_Virus227/Tyl91.jpg,Tomato_Yellow_Leaf_Curl_Virus227,0,7,7,Tomato_Yellow_Leaf_Curl_Virus227,Tomato_Yellow_Leaf_Curl_Virus227,True,0.9998331
data/raw/Mendeley/plantvillage/Preprocessed data/Tomato_Yellow_Leaf_Curl_Virus227/Tyl912.jpg,Tomato_Yellow_Leaf_Curl_Virus227,0,7,7,Tomato_Yellow_Leaf_Curl_Virus227,Tomato_Yellow_Leaf_Curl_Virus227,True,0.9999263
data/raw/Mendeley/plantvillage/Preprocessed data/Tomato_Yellow_Leaf_Curl_Virus227/Tyl913.jpg,Tomato_Yellow_Leaf_Curl_Virus227,0,7,7,Tomato_Yellow_Leaf_Curl_Virus227,Tomato_Yellow_Leaf_Curl_Virus227,True,0.9999708
data/raw/Mendeley/plantvillage/Preprocessed data/Tomato_Yellow_Leaf_Curl_Virus227/Tyl914.jpg,Tomato_Yellow_Leaf_Curl_Virus227,0,7,7,Tomato_Yellow_Leaf_Curl_Virus227,Tomato_Yellow_Leaf_Curl_Virus227,True,0.99996257
data/raw/Mendeley/plantvillage/Preprocessed data/Tomato_Yellow_Leaf_Curl_Virus227/Tyl915.jpg,Tomato_Yellow_Leaf_Curl_Virus227,0,7,7,Tomato_Yellow_Leaf_Curl_Virus227,Tomato_Yellow_Leaf_Curl_Virus227,True,0.99990356
data/raw/Mendeley/plantvillage/Preprocessed data/Tomato_Yellow_Leaf_Curl_Virus227/Tyl92.jpg,Tomato_Yellow_Leaf_Curl_Virus227,0,7,7,Tomato_Yellow_Leaf_Curl_Virus227,Tomato_Yellow_Leaf_Curl_Virus227,True,0.99987566
data/raw/Mendeley/plantvillage/Preprocessed data/Tomato_Yellow_Leaf_Curl_Virus227/Tyl924.jpg,Tomato_Yellow_Leaf_Curl_Virus227,0,7,7,Tomato_Yellow_Leaf_Curl_Virus227,Tomato_Yellow_Leaf_Curl_Virus227,True,0.999982
data/raw/Mendeley/plantvillage/Preprocessed data/Tomato_Yellow_Leaf_Curl_Virus227/Tyl929.jpg,Tomato_Yellow_Leaf_Curl_Virus227,0,7,7,Tomato_Yellow_Leaf_Curl_Virus227,Tomato_Yellow_Leaf_Curl_Virus227,True,0.9999932
data/raw/Mendeley/plantvillage/Preprocessed data/Tomato_Yellow_Leaf_Curl_Virus227/Tyl930.jpg,Tomato_Yellow_Leaf_Curl_Virus227,0,7,7,Tomato_Yellow_Leaf_Curl_Virus227,Tomato_Yellow_Leaf_Curl_Virus227,True,0.99998915
data/raw/Mendeley/plantvillage/Preprocessed data/Tomato_Yellow_Leaf_Curl_Virus227/Tyl931.jpg,Tomato_Yellow_Leaf_Curl_Virus227,0,7,7,Tomato_Yellow_Leaf_Curl_Virus227,Tomato_Yellow_Leaf_Curl_Virus227,True,0.9999969
data/raw/Mendeley/plantvillage/Preprocessed data/Tomato_Yellow_Leaf_Curl_Virus227/Tyl935.jpg,Tomato_Yellow_Leaf_Curl_Virus227,0,7,7,Tomato_Yellow_Leaf_Curl_Virus227,Tomato_Yellow_Leaf_Curl_Virus227,True,0.999962
data/raw/Mendeley/plantvillage/Preprocessed data/Tomato_Yellow_Leaf_Curl_Virus227/Tyl937.jpg,Tomato_Yellow_Leaf_Curl_Virus227,0,7,7,Tomato_Yellow_Leaf_Curl_Virus227,Tomato_Yellow_Leaf_Curl_Virus227,True,0.9999584
data/raw/Mendeley/plantvillage/Preprocessed data/Tomato_Yellow_Leaf_Curl_Virus227/Tyl939.jpg,Tomato_Yellow_Leaf_Curl_Virus227,0,7,7,Tomato_Yellow_Leaf_Curl_Virus227,Tomato_Yellow_Leaf_Curl_Virus227,True,0.9999999
data/raw/Mendeley/plantvillage/Preprocessed data/Tomato_Yellow_Leaf_Curl_Virus227/Tyl941.jpg,Tomato_Yellow_Leaf_Curl_Virus227,0,7,7,Tomato_Yellow_Leaf_Curl_Virus227,Tomato_Yellow_Leaf_Curl_Virus227,True,0.9995597
data/raw/Mendeley/plantvillage/Preprocessed data/Tomato_Yellow_Leaf_Curl_Virus227/Tyl943.jpg,Tomato_Yellow_Leaf_Curl_Virus227,0,7,7,Tomato_Yellow_Leaf_Curl_Virus227,Tomato_Yellow_Leaf_Curl_Virus227,True,0.99998426
data/raw/Mendeley/plantvillage/Preprocessed data/Tomato_Yellow_Leaf_Curl_Virus227/Tyl950.jpg,Tomato_Yellow_Leaf_Curl_Virus227,0,7,7,Tomato_Yellow_Leaf_Curl_Virus227,Tomato_Yellow_Leaf_Curl_Virus227,True,0.9999989
data/raw/Mendeley/plantvillage/Preprocessed data/Tomato_Yellow_Leaf_Curl_Virus227/Tyl958.jpg,Tomato_Yellow_Leaf_Curl_Virus227,0,7,7,Tomato_Yellow_Leaf_Curl_Virus227,Tomato_Yellow_Leaf_Curl_Virus227,True,0.9999814
data/raw/Mendeley/plantvillage/Preprocessed data/Tomato_Yellow_Leaf_Curl_Virus227/Tyl96.jpg,Tomato_Yellow_Leaf_Curl_Virus227,0,7,7,Tomato_Yellow_Leaf_Curl_Virus227,Tomato_Yellow_Leaf_Curl_Virus227,True,0.99999976
data/raw/Mendeley/plantvillage/Preprocessed data/Tomato_Yellow_Leaf_Curl_Virus227/Tyl966.jpg,Tomato_Yellow_Leaf_Curl_Virus227,0,7,7,Tomato_Yellow_Leaf_Curl_Virus227,Tomato_Yellow_Leaf_Curl_Virus227,True,0.9999621
data/raw/Mendeley/plantvillage/Preprocessed data/Tomato_Yellow_Leaf_Curl_Virus227/Tyl97.jpg,Tomato_Yellow_Leaf_Curl_Virus227,0,7,7,Tomato_Yellow_Leaf_Curl_Virus227,Tomato_Yellow_Leaf_Curl_Virus227,True,0.9998004
data/raw/Mendeley/plantvillage/Preprocessed data/Tomato_Yellow_Leaf_Curl_Virus227/Tyl974.jpg,Tomato_Yellow_Leaf_Curl_Virus227,0,7,7,Tomato_Yellow_Leaf_Curl_Virus227,Tomato_Yellow_Leaf_Curl_Virus227,True,0.99985266
data/raw/Mendeley/plantvillage/Preprocessed data/Tomato_Yellow_Leaf_Curl_Virus227/Tyl985.jpg,Tomato_Yellow_Leaf_Curl_Virus227,0,7,7,Tomato_Yellow_Leaf_Curl_Virus227,Tomato_Yellow_Leaf_Curl_Virus227,True,0.9999949
data/raw/Mendeley/plantvillage/Preprocessed data/Tomato_Yellow_Leaf_Curl_Virus227/Tyl993.jpg,Tomato_Yellow_Leaf_Curl_Virus227,0,7,7,Tomato_Yellow_Leaf_Curl_Virus227,Tomato_Yellow_Leaf_Curl_Virus227,True,0.9999796
data/raw/Mendeley/plantvillage/Preprocessed data/Tomato_Yellow_Leaf_Curl_Virus227/Tyl998.jpg,Tomato_Yellow_Leaf_Curl_Virus227,0,7,7,Tomato_Yellow_Leaf_Curl_Virus227,Tomato_Yellow_Leaf_Curl_Virus227,True,0.9998785
data/raw/Mendeley/plantvillage/Preprocessed data/Tomato_Yellow_Leaf_Curl_Virus227/Tyl999.jpg,Tomato_Yellow_Leaf_Curl_Virus227,0,7,7,Tomato_Yellow_Leaf_Curl_Virus227,Tomato_Yellow_Leaf_Curl_Virus227,True,0.96807086
data/raw/Mendeley/plantvillage/Preprocessed data/Tomato_mosaic_virus227/Tmv10.jpg,Tomato_mosaic_virus227,0,8,8,Tomato_mosaic_virus227,Tomato_mosaic_virus227,True,1.0
data/raw/Mendeley/plantvillage/Preprocessed data/Tomato_mosaic_virus227/Tmv100.jpg,Tomato_mosaic_virus227,0,8,8,Tomato_mosaic_virus227,Tomato_mosaic_virus227,True,1.0
data/raw/Mendeley/plantvillage/Preprocessed data/Tomato_mosaic_virus227/Tmv103.jpg,Tomato_mosaic_virus227,0,8,8,Tomato_mosaic_virus227,Tomato_mosaic_virus227,True,0.99999
data/raw/Mendeley/plantvillage/Preprocessed data/Tomato_mosaic_virus227/Tmv116.jpg,Tomato_mosaic_virus227,0,8,8,Tomato_mosaic_virus227,Tomato_mosaic_virus227,True,0.99994946
data/raw/Mendeley/plantvillage/Preprocessed data/Tomato_mosaic_virus227/Tmv127.jpg,Tomato_mosaic_virus227,0,8,8,Tomato_mosaic_virus227,Tomato_mosaic_virus227,True,0.9999993
data/raw/Mendeley/plantvillage/Preprocessed data/Tomato_mosaic_virus227/Tmv135.jpg,Tomato_mosaic_virus227,0,8,8,Tomato_mosaic_virus227,Tomato_mosaic_virus227,True,0.9995215
data/raw/Mendeley/plantvillage/Preprocessed data/Tomato_mosaic_virus227/Tmv138.jpg,Tomato_mosaic_virus227,0,8,8,Tomato_mosaic_virus227,Tomato_mosaic_virus227,True,0.99972266
data/raw/Mendeley/plantvillage/Preprocessed data/Tomato_mosaic_virus227/Tmv158.jpg,Tomato_mosaic_virus227,0,8,8,Tomato_mosaic_virus227,Tomato_mosaic_virus227,True,1.0
data/raw/Mendeley/plantvillage/Preprocessed data/Tomato_mosaic_virus227/Tmv161.jpg,Tomato_mosaic_virus227,0,8,8,Tomato_mosaic_virus227,Tomato_mosaic_virus227,True,0.99997747
data/raw/Mendeley/plantvillage/Preprocessed data/Tomato_mosaic_virus227/Tmv168.jpg,Tomato_mosaic_virus227,0,8,8,Tomato_mosaic_virus227,Tomato_mosaic_virus227,True,0.9999999
data/raw/Mendeley/plantvillage/Preprocessed data/Tomato_mosaic_virus227/Tmv170.jpg,Tomato_mosaic_virus227,0,8,8,Tomato_mosaic_virus227,Tomato_mosaic_virus227,True,0.9999981
data/raw/Mendeley/plantvillage/Preprocessed data/Tomato_mosaic_virus227/Tmv173.jpg,Tomato_mosaic_virus227,0,8,8,Tomato_mosaic_virus227,Tomato_mosaic_virus227,True,0.99999905
data/raw/Mendeley/plantvillage/Preprocessed data/Tomato_mosaic_virus227/Tmv175.jpg,Tomato_mosaic_virus227,0,8,8,Tomato_mosaic_virus227,Tomato_mosaic_virus227,True,1.0
data/raw/Mendeley/plantvillage/Preprocessed data/Tomato_mosaic_virus227/Tmv176.jpg,Tomato_mosaic_virus227,0,8,8,Tomato_mosaic_virus227,Tomato_mosaic_virus227,True,0.9999927
data/raw/Mendeley/plantvillage/Preprocessed data/Tomato_mosaic_virus227/Tmv177.jpg,Tomato_mosaic_virus227,0,8,8,Tomato_mosaic_virus227,Tomato_mosaic_virus227,True,1.0
data/raw/Mendeley/plantvillage/Preprocessed data/Tomato_mosaic_virus227/Tmv18.jpg,Tomato_mosaic_virus227,0,8,8,Tomato_mosaic_virus227,Tomato_mosaic_virus227,True,0.99995995
data/raw/Mendeley/plantvillage/Preprocessed data/Tomato_mosaic_virus227/Tmv193.jpg,Tomato_mosaic_virus227,0,8,8,Tomato_mosaic_virus227,Tomato_mosaic_virus227,True,0.99999046
data/raw/Mendeley/plantvillage/Preprocessed data/Tomato_mosaic_virus227/Tmv194.jpg,Tomato_mosaic_virus227,0,8,8,Tomato_mosaic_virus227,Tomato_mosaic_virus227,True,0.99999964
data/raw/Mendeley/plantvillage/Preprocessed data/Tomato_mosaic_virus227/Tmv20.jpg,Tomato_mosaic_virus227,0,8,8,Tomato_mosaic_virus227,Tomato_mosaic_virus227,True,1.0
data/raw/Mendeley/plantvillage/Preprocessed data/Tomato_mosaic_virus227/Tmv210.jpg,Tomato_mosaic_virus227,0,8,8,Tomato_mosaic_virus227,Tomato_mosaic_virus227,True,0.99999094
data/raw/Mendeley/plantvillage/Preprocessed data/Tomato_mosaic_virus227/Tmv211.jpg,Tomato_mosaic_virus227,0,8,8,Tomato_mosaic_virus227,Tomato_mosaic_virus227,True,0.9999999
data/raw/Mendeley/plantvillage/Preprocessed data/Tomato_mosaic_virus227/Tmv212.jpg,Tomato_mosaic_virus227,0,8,8,Tomato_mosaic_virus227,Tomato_mosaic_virus227,True,0.99999976
data/raw/Mendeley/plantvillage/Preprocessed data/Tomato_mosaic_virus227/Tmv220.jpg,Tomato_mosaic_virus227,0,8,8,Tomato_mosaic_virus227,Tomato_mosaic_virus227,True,1.0
data/raw/Mendeley/plantvillage/Preprocessed data/Tomato_mosaic_virus227/Tmv224.jpg,Tomato_mosaic_virus227,0,8,8,Tomato_mosaic_virus227,Tomato_mosaic_virus227,True,0.99138814
data/raw/Mendeley/plantvillage/Preprocessed data/Tomato_mosaic_virus227/Tmv225.jpg,Tomato_mosaic_virus227,0,8,8,Tomato_mosaic_virus227,Tomato_mosaic_virus227,True,0.9999236
data/raw/Mendeley/plantvillage/Preprocessed data/Tomato_mosaic_virus227/Tmv226.jpg,Tomato_mosaic_virus227,0,8,8,Tomato_mosaic_virus227,Tomato_mosaic_virus227,True,0.9999943
data/raw/Mendeley/plantvillage/Preprocessed data/Tomato_mosaic_virus227/Tmv228.jpg,Tomato_mosaic_virus227,0,8,8,Tomato_mosaic_virus227,Tomato_mosaic_virus227,True,0.99999976
data/raw/Mendeley/plantvillage/Preprocessed data/Tomato_mosaic_virus227/Tmv244.jpg,Tomato_mosaic_virus227,0,8,8,Tomato_mosaic_virus227,Tomato_mosaic_virus227,True,0.9999324
data/raw/Mendeley/plantvillage/Preprocessed data/Tomato_mosaic_virus227/Tmv245.jpg,Tomato_mosaic_virus227,0,8,8,Tomato_mosaic_virus227,Tomato_mosaic_virus227,True,0.99915564
data/raw/Mendeley/plantvillage/Preprocessed data/Tomato_mosaic_virus227/Tmv248.jpg,Tomato_mosaic_virus227,0,8,8,Tomato_mosaic_virus227,Tomato_mosaic_virus227,True,0.9999999
data/raw/Mendeley/plantvillage/Preprocessed data/Tomato_mosaic_virus227/Tmv249.jpg,Tomato_mosaic_virus227,0,8,8,Tomato_mosaic_virus227,Tomato_mosaic_virus227,True,1.0
data/raw/Mendeley/plantvillage/Preprocessed data/Tomato_mosaic_virus227/Tmv251.jpg,Tomato_mosaic_virus227,0,8,8,Tomato_mosaic_virus227,Tomato_mosaic_virus227,True,0.9998161
data/raw/Mendeley/plantvillage/Preprocessed data/Tomato_mosaic_virus227/Tmv253.jpg,Tomato_mosaic_virus227,0,8,8,Tomato_mosaic_virus227,Tomato_mosaic_virus227,True,0.9999982
data/raw/Mendeley/plantvillage/Preprocessed data/Tomato_mosaic_virus227/Tmv257.jpg,Tomato_mosaic_virus227,0,8,8,Tomato_mosaic_virus227,Tomato_mosaic_virus227,True,0.9999943
data/raw/Mendeley/plantvillage/Preprocessed data/Tomato_mosaic_virus227/Tmv262.jpg,Tomato_mosaic_virus227,0,8,8,Tomato_mosaic_virus227,Tomato_mosaic_virus227,True,1.0
data/raw/Mendeley/plantvillage/Preprocessed data/Tomato_mosaic_virus227/Tmv265.jpg,Tomato_mosaic_virus227,0,8,8,Tomato_mosaic_virus227,Tomato_mosaic_virus227,True,0.99999964
data/raw/Mendeley/plantvillage/Preprocessed data/Tomato_mosaic_virus227/Tmv266.jpg,Tomato_mosaic_virus227,0,8,8,Tomato_mosaic_virus227,Tomato_mosaic_virus227,True,0.9999999
data/raw/Mendeley/plantvillage/Preprocessed data/Tomato_mosaic_virus227/Tmv268.jpg,Tomato_mosaic_virus227,0,8,8,Tomato_mosaic_virus227,Tomato_mosaic_virus227,True,0.99999976
data/raw/Mendeley/plantvillage/Preprocessed data/Tomato_mosaic_virus227/Tmv270.jpg,Tomato_mosaic_virus227,0,8,8,Tomato_mosaic_virus227,Tomato_mosaic_virus227,True,1.0
data/raw/Mendeley/plantvillage/Preprocessed data/Tomato_mosaic_virus227/Tmv272.jpg,Tomato_mosaic_virus227,0,8,8,Tomato_mosaic_virus227,Tomato_mosaic_virus227,True,1.0
data/raw/Mendeley/plantvillage/Preprocessed data/Tomato_mosaic_virus227/Tmv273.jpg,Tomato_mosaic_virus227,0,8,8,Tomato_mosaic_virus227,Tomato_mosaic_virus227,True,1.0
data/raw/Mendeley/plantvillage/Preprocessed data/Tomato_mosaic_virus227/Tmv277.jpg,Tomato_mosaic_virus227,0,8,8,Tomato_mosaic_virus227,Tomato_mosaic_virus227,True,1.0
data/raw/Mendeley/plantvillage/Preprocessed data/Tomato_mosaic_virus227/Tmv285.jpg,Tomato_mosaic_virus227,0,8,8,Tomato_mosaic_virus227,Tomato_mosaic_virus227,True,0.99999464
data/raw/Mendeley/plantvillage/Preprocessed data/Tomato_mosaic_virus227/Tmv290.jpg,Tomato_mosaic_virus227,0,8,8,Tomato_mosaic_virus227,Tomato_mosaic_virus227,True,0.9999995
data/raw/Mendeley/plantvillage/Preprocessed data/Tomato_mosaic_virus227/Tmv293.jpg,Tomato_mosaic_virus227,0,8,8,Tomato_mosaic_virus227,Tomato_mosaic_virus227,True,1.0
data/raw/Mendeley/plantvillage/Preprocessed data/Tomato_mosaic_virus227/Tmv3.jpg,Tomato_mosaic_virus227,0,8,8,Tomato_mosaic_virus227,Tomato_mosaic_virus227,True,1.0
data/raw/Mendeley/plantvillage/Preprocessed data/Tomato_mosaic_virus227/Tmv34.jpg,Tomato_mosaic_virus227,0,8,8,Tomato_mosaic_virus227,Tomato_mosaic_virus227,True,0.99999535
data/raw/Mendeley/plantvillage/Preprocessed data/Tomato_mosaic_virus227/Tmv42.jpg,Tomato_mosaic_virus227,0,8,8,Tomato_mosaic_virus227,Tomato_mosaic_virus227,True,0.99999
data/raw/Mendeley/plantvillage/Preprocessed data/Tomato_mosaic_virus227/Tmv44.jpg,Tomato_mosaic_virus227,0,8,8,Tomato_mosaic_virus227,Tomato_mosaic_virus227,True,0.99999917
data/raw/Mendeley/plantvillage/Preprocessed data/Tomato_mosaic_virus227/Tmv49.jpg,Tomato_mosaic_virus227,0,8,8,Tomato_mosaic_virus227,Tomato_mosaic_virus227,True,0.9999999
data/raw/Mendeley/plantvillage/Preprocessed data/Tomato_mosaic_virus227/Tmv50.jpg,Tomato_mosaic_virus227,0,8,8,Tomato_mosaic_virus227,Tomato_mosaic_virus227,True,1.0
data/raw/Mendeley/plantvillage/Preprocessed data/Tomato_mosaic_virus227/Tmv58.jpg,Tomato_mosaic_virus227,0,8,8,Tomato_mosaic_virus227,Tomato_mosaic_virus227,True,1.0
data/raw/Mendeley/plantvillage/Preprocessed data/Tomato_mosaic_virus227/Tmv6.jpg,Tomato_mosaic_virus227,0,8,8,Tomato_mosaic_virus227,Tomato_mosaic_virus227,True,1.0
data/raw/Mendeley/plantvillage/Preprocessed data/Tomato_mosaic_virus227/Tmv68.jpg,Tomato_mosaic_virus227,0,8,8,Tomato_mosaic_virus227,Tomato_mosaic_virus227,True,1.0
data/raw/Mendeley/plantvillage/Preprocessed data/Tomato_mosaic_virus227/Tmv70.jpg,Tomato_mosaic_virus227,0,8,8,Tomato_mosaic_virus227,Tomato_mosaic_virus227,True,0.9999999
data/raw/Mendeley/plantvillage/Preprocessed data/Tomato_mosaic_virus227/Tmv73.jpg,Tomato_mosaic_virus227,0,8,8,Tomato_mosaic_virus227,Tomato_mosaic_virus227,True,0.994292
data/raw/Mendeley/plantvillage/Preprocessed data/Tomato_mosaic_virus227/Tmv86.jpg,Tomato_mosaic_virus227,0,8,8,Tomato_mosaic_virus227,Tomato_mosaic_virus227,True,0.99999976
data/raw/Mendeley/plantvillage/Preprocessed data/Tomato_mosaic_virus227/Tmv87.jpg,Tomato_mosaic_virus227,0,8,8,Tomato_mosaic_virus227,Tomato_mosaic_virus227,True,0.9999937
data/raw/Mendeley/plantvillage/Preprocessed data/Tomato_mosaic_virus227/Tmv93.jpg,Tomato_mosaic_virus227,0,8,8,Tomato_mosaic_virus227,Tomato_mosaic_virus227,True,0.9998505
data/raw/Mendeley/plantvillage/Preprocessed data/Tomato_mosaic_virus227/Tmv94.jpg,Tomato_mosaic_virus227,0,8,8,Tomato_mosaic_virus227,Tomato_mosaic_virus227,True,0.9999974
data/raw/Mendeley/plantvillage/Preprocessed data/Two-spotted_spider_mite227/Tssm1000.jpg,Two-spotted_spider_mite227,0,9,9,Two-spotted_spider_mite227,Two-spotted_spider_mite227,True,0.9999864
data/raw/Mendeley/plantvillage/Preprocessed data/Two-spotted_spider_mite227/Tssm1001.jpg,Two-spotted_spider_mite227,0,9,9,Two-spotted_spider_mite227,Two-spotted_spider_mite227,True,0.9999895
data/raw/Mendeley/plantvillage/Preprocessed data/Two-spotted_spider_mite227/Tssm1004.jpg,Two-spotted_spider_mite227,0,9,9,Two-spotted_spider_mite227,Two-spotted_spider_mite227,True,0.9998406
data/raw/Mendeley/plantvillage/Preprocessed data/Two-spotted_spider_mite227/Tssm1005.jpg,Two-spotted_spider_mite227,0,9,9,Two-spotted_spider_mite227,Two-spotted_spider_mite227,True,0.99997497
data/raw/Mendeley/plantvillage/Preprocessed data/Two-spotted_spider_mite227/Tssm1007.jpg,Two-spotted_spider_mite227,0,9,9,Two-spotted_spider_mite227,Two-spotted_spider_mite227,True,0.9998832
data/raw/Mendeley/plantvillage/Preprocessed data/Two-spotted_spider_mite227/Tssm1009.jpg,Two-spotted_spider_mite227,0,9,9,Two-spotted_spider_mite227,Two-spotted_spider_mite227,True,0.99957377
data/raw/Mendeley/plantvillage/Preprocessed data/Two-spotted_spider_mite227/Tssm1010.jpg,Two-spotted_spider_mite227,0,9,9,Two-spotted_spider_mite227,Two-spotted_spider_mite227,True,0.9434743
data/raw/Mendeley/plantvillage/Preprocessed data/Two-spotted_spider_mite227/Tssm1011.jpg,Two-spotted_spider_mite227,0,9,9,Two-spotted_spider_mite227,Two-spotted_spider_mite227,True,0.9999614
data/raw/Mendeley/plantvillage/Preprocessed data/Two-spotted_spider_mite227/Tssm1017.jpg,Two-spotted_spider_mite227,0,9,9,Two-spotted_spider_mite227,Two-spotted_spider_mite227,True,0.99999356
data/raw/Mendeley/plantvillage/Preprocessed data/Two-spotted_spider_mite227/Tssm1019.jpg,Two-spotted_spider_mite227,0,9,9,Two-spotted_spider_mite227,Two-spotted_spider_mite227,True,0.99368423
data/raw/Mendeley/plantvillage/Preprocessed data/Two-spotted_spider_mite227/Tssm1021.jpg,Two-spotted_spider_mite227,0,9,9,Two-spotted_spider_mite227,Two-spotted_spider_mite227,True,0.9999187
data/raw/Mendeley/plantvillage/Preprocessed data/Two-spotted_spider_mite227/Tssm1026.jpg,Two-spotted_spider_mite227,0,9,9,Two-spotted_spider_mite227,Two-spotted_spider_mite227,True,0.99792564
data/raw/Mendeley/plantvillage/Preprocessed data/Two-spotted_spider_mite227/Tssm1029.jpg,Two-spotted_spider_mite227,0,9,9,Two-spotted_spider_mite227,Two-spotted_spider_mite227,True,0.9999988
data/raw/Mendeley/plantvillage/Preprocessed data/Two-spotted_spider_mite227/Tssm1030.jpg,Two-spotted_spider_mite227,0,9,9,Two-spotted_spider_mite227,Two-spotted_spider_mite227,True,0.9999943
data/raw/Mendeley/plantvillage/Preprocessed data/Two-spotted_spider_mite227/Tssm1039.jpg,Two-spotted_spider_mite227,0,9,9,Two-spotted_spider_mite227,Two-spotted_spider_mite227,True,0.9999716
data/raw/Mendeley/plantvillage/Preprocessed data/Two-spotted_spider_mite227/Tssm1040.jpg,Two-spotted_spider_mite227,0,9,9,Two-spotted_spider_mite227,Two-spotted_spider_mite227,True,0.99999845
data/raw/Mendeley/plantvillage/Preprocessed data/Two-spotted_spider_mite227/Tssm1048.jpg,Two-spotted_spider_mite227,0,9,9,Two-spotted_spider_mite227,Two-spotted_spider_mite227,True,0.99975413
data/raw/Mendeley/plantvillage/Preprocessed data/Two-spotted_spider_mite227/Tssm1065.jpg,Two-spotted_spider_mite227,0,9,9,Two-spotted_spider_mite227,Two-spotted_spider_mite227,True,0.9999198
data/raw/Mendeley/plantvillage/Preprocessed data/Two-spotted_spider_mite227/Tssm107.jpg,Two-spotted_spider_mite227,0,9,9,Two-spotted_spider_mite227,Two-spotted_spider_mite227,True,0.99789655
data/raw/Mendeley/plantvillage/Preprocessed data/Two-spotted_spider_mite227/Tssm1071.jpg,Two-spotted_spider_mite227,0,9,9,Two-spotted_spider_mite227,Two-spotted_spider_mite227,True,0.99925965
data/raw/Mendeley/plantvillage/Preprocessed data/Two-spotted_spider_mite227/Tssm1074.jpg,Two-spotted_spider_mite227,0,9,9,Two-spotted_spider_mite227,Two-spotted_spider_mite227,True,0.995204
data/raw/Mendeley/plantvillage/Preprocessed data/Two-spotted_spider_mite227/Tssm1082.jpg,Two-spotted_spider_mite227,0,9,9,Two-spotted_spider_mite227,Two-spotted_spider_mite227,True,0.99998844
data/raw/Mendeley/plantvillage/Preprocessed data/Two-spotted_spider_mite227/Tssm1086.jpg,Two-spotted_spider_mite227,0,9,9,Two-spotted_spider_mite227,Two-spotted_spider_mite227,True,0.99808985
data/raw/Mendeley/plantvillage/Preprocessed data/Two-spotted_spider_mite227/Tssm1101.jpg,Two-spotted_spider_mite227,0,9,9,Two-spotted_spider_mite227,Two-spotted_spider_mite227,True,0.99998474
data/raw/Mendeley/plantvillage/Preprocessed data/Two-spotted_spider_mite227/Tssm1106.jpg,Two-spotted_spider_mite227,0,9,9,Two-spotted_spider_mite227,Two-spotted_spider_mite227,True,0.9997887
data/raw/Mendeley/plantvillage/Preprocessed data/Two-spotted_spider_mite227/Tssm1107.jpg,Two-spotted_spider_mite227,0,9,9,Two-spotted_spider_mite227,Two-spotted_spider_mite227,True,0.9999428
data/raw/Mendeley/plantvillage/Preprocessed data/Two-spotted_spider_mite227/Tssm1121.jpg,Two-spotted_spider_mite227,0,9,9,Two-spotted_spider_mite227,Two-spotted_spider_mite227,True,0.99999034
data/raw/Mendeley/plantvillage/Preprocessed data/Two-spotted_spider_mite227/Tssm1123.jpg,Two-spotted_spider_mite227,0,9,9,Two-spotted_spider_mite227,Two-spotted_spider_mite227,True,0.9981483
data/raw/Mendeley/plantvillage/Preprocessed data/Two-spotted_spider_mite227/Tssm1124.jpg,Two-spotted_spider_mite227,0,9,9,Two-spotted_spider_mite227,Two-spotted_spider_mite227,True,0.99967194
data/raw/Mendeley/plantvillage/Preprocessed data/Two-spotted_spider_mite227/Tssm1135.jpg,Two-spotted_spider_mite227,0,9,9,Two-spotted_spider_mite227,Two-spotted_spider_mite227,True,0.99999845
data/raw/Mendeley/plantvillage/Preprocessed data/Two-spotted_spider_mite227/Tssm1139.jpg,Two-spotted_spider_mite227,0,9,9,Two-spotted_spider_mite227,Two-spotted_spider_mite227,True,0.9999995
data/raw/Mendeley/plantvillage/Preprocessed data/Two-spotted_spider_mite227/Tssm114.jpg,Two-spotted_spider_mite227,0,9,9,Two-spotted_spider_mite227,Two-spotted_spider_mite227,True,0.99998593
data/raw/Mendeley/plantvillage/Preprocessed data/Two-spotted_spider_mite227/Tssm1141.jpg,Two-spotted_spider_mite227,0,9,9,Two-spotted_spider_mite227,Two-spotted_spider_mite227,True,0.9975961
data/raw/Mendeley/plantvillage/Preprocessed data/Two-spotted_spider_mite227/Tssm1143.jpg,Two-spotted_spider_mite227,0,9,9,Two-spotted_spider_mite227,Two-spotted_spider_mite227,True,0.99995923
data/raw/Mendeley/plantvillage/Preprocessed data/Two-spotted_spider_mite227/Tssm1147.jpg,Two-spotted_spider_mite227,0,9,9,Two-spotted_spider_mite227,Two-spotted_spider_mite227,True,0.9994056
data/raw/Mendeley/plantvillage/Preprocessed data/Two-spotted_spider_mite227/Tssm1150.jpg,Two-spotted_spider_mite227,0,9,9,Two-spotted_spider_mite227,Two-spotted_spider_mite227,True,0.9999819
data/raw/Mendeley/plantvillage/Preprocessed data/Two-spotted_spider_mite227/Tssm1151.jpg,Two-spotted_spider_mite227,0,9,9,Two-spotted_spider_mite227,Two-spotted_spider_mite227,True,0.9999716
data/raw/Mendeley/plantvillage/Preprocessed data/Two-spotted_spider_mite227/Tssm1164.jpg,Two-spotted_spider_mite227,0,9,9,Two-spotted_spider_mite227,Two-spotted_spider_mite227,True,0.9997714
data/raw/Mendeley/plantvillage/Preprocessed data/Two-spotted_spider_mite227/Tssm1171.jpg,Two-spotted_spider_mite227,0,9,9,Two-spotted_spider_mite227,Two-spotted_spider_mite227,True,0.9999913
data/raw/Mendeley/plantvillage/Preprocessed data/Two-spotted_spider_mite227/Tssm1174.jpg,Two-spotted_spider_mite227,0,9,9,Two-spotted_spider_mite227,Two-spotted_spider_mite227,True,0.9996474
data/raw/Mendeley/plantvillage/Preprocessed data/Two-spotted_spider_mite227/Tssm1176.jpg,Two-spotted_spider_mite227,0,9,9,Two-spotted_spider_mite227,Two-spotted_spider_mite227,True,0.9996276
data/raw/Mendeley/plantvillage/Preprocessed data/Two-spotted_spider_mite227/Tssm1177.jpg,Two-spotted_spider_mite227,0,9,9,Two-spotted_spider_mite227,Two-spotted_spider_mite227,True,0.9998234
data/raw/Mendeley/plantvillage/Preprocessed data/Two-spotted_spider_mite227/Tssm1182.jpg,Two-spotted_spider_mite227,0,9,9,Two-spotted_spider_mite227,Two-spotted_spider_mite227,True,0.99999225
data/raw/Mendeley/plantvillage/Preprocessed data/Two-spotted_spider_mite227/Tssm1190.jpg,Two-spotted_spider_mite227,0,9,9,Two-spotted_spider_mite227,Two-spotted_spider_mite227,True,0.99915063
data/raw/Mendeley/plantvillage/Preprocessed data/Two-spotted_spider_mite227/Tssm1191.jpg,Two-spotted_spider_mite227,0,9,9,Two-spotted_spider_mite227,Two-spotted_spider_mite227,True,0.90786606
data/raw/Mendeley/plantvillage/Preprocessed data/Two-spotted_spider_mite227/Tssm1197.jpg,Two-spotted_spider_mite227,0,9,9,Two-spotted_spider_mite227,Two-spotted_spider_mite227,True,0.999982
data/raw/Mendeley/plantvillage/Preprocessed data/Two-spotted_spider_mite227/Tssm1203.jpg,Two-spotted_spider_mite227,0,9,9,Two-spotted_spider_mite227,Two-spotted_spider_mite227,True,0.9999846
data/raw/Mendeley/plantvillage/Preprocessed data/Two-spotted_spider_mite227/Tssm121.jpg,Two-spotted_spider_mite227,0,9,9,Two-spotted_spider_mite227,Two-spotted_spider_mite227,True,0.99799466
data/raw/Mendeley/plantvillage/Preprocessed data/Two-spotted_spider_mite227/Tssm1216.jpg,Two-spotted_spider_mite227,0,9,9,Two-spotted_spider_mite227,Two-spotted_spider_mite227,True,0.99999857
data/raw/Mendeley/plantvillage/Preprocessed data/Two-spotted_spider_mite227/Tssm1220.jpg,Two-spotted_spider_mite227,0,9,9,Two-spotted_spider_mite227,Two-spotted_spider_mite227,True,0.9996469
data/raw/Mendeley/plantvillage/Preprocessed data/Two-spotted_spider_mite227/Tssm1228.jpg,Two-spotted_spider_mite227,0,9,9,Two-spotted_spider_mite227,Two-spotted_spider_mite227,True,0.99985087
data/raw/Mendeley/plantvillage/Preprocessed data/Two-spotted_spider_mite227/Tssm1231.jpg,Two-spotted_spider_mite227,0,9,9,Two-spotted_spider_mite227,Two-spotted_spider_mite227,True,0.99974006
data/raw/Mendeley/plantvillage/Preprocessed data/Two-spotted_spider_mite227/Tssm1235.jpg,Two-spotted_spider_mite227,0,9,9,Two-spotted_spider_mite227,Two-spotted_spider_mite227,True,0.9999962
data/raw/Mendeley/plantvillage/Preprocessed data/Two-spotted_spider_mite227/Tssm1236.jpg,Two-spotted_spider_mite227,0,9,9,Two-spotted_spider_mite227,Two-spotted_spider_mite227,True,0.99998415
data/raw/Mendeley/plantvillage/Preprocessed data/Two-spotted_spider_mite227/Tssm1237.jpg,Two-spotted_spider_mite227,0,9,9,Two-spotted_spider_mite227,Two-spotted_spider_mite227,True,0.99980134
data/raw/Mendeley/plantvillage/Preprocessed data/Two-spotted_spider_mite227/Tssm1239.jpg,Two-spotted_spider_mite227,0,9,9,Two-spotted_spider_mite227,Two-spotted_spider_mite227,True,0.99989593
data/raw/Mendeley/plantvillage/Preprocessed data/Two-spotted_spider_mite227/Tssm125.jpg,Two-spotted_spider_mite227,0,9,9,Two-spotted_spider_mite227,Two-spotted_spider_mite227,True,0.99998
data/raw/Mendeley/plantvillage/Preprocessed data/Two-spotted_spider_mite227/Tssm1254.jpg,Two-spotted_spider_mite227,0,9,9,Two-spotted_spider_mite227,Two-spotted_spider_mite227,True,0.9999943
data/raw/Mendeley/plantvillage/Preprocessed data/Two-spotted_spider_mite227/Tssm1255.jpg,Two-spotted_spider_mite227,0,9,9,Two-spotted_spider_mite227,Two-spotted_spider_mite227,True,0.9999924
data/raw/Mendeley/plantvillage/Preprocessed data/Two-spotted_spider_mite227/Tssm1261.jpg,Two-spotted_spider_mite227,0,9,9,Two-spotted_spider_mite227,Two-spotted_spider_mite227,True,0.99990356
data/raw/Mendeley/plantvillage/Preprocessed data/Two-spotted_spider_mite227/Tssm1264.jpg,Two-spotted_spider_mite227,0,9,9,Two-spotted_spider_mite227,Two-spotted_spider_mite227,True,0.9940891
data/raw/Mendeley/plantvillage/Preprocessed data/Two-spotted_spider_mite227/Tssm1267.jpg,Two-spotted_spider_mite227,0,9,9,Two-spotted_spider_mite227,Two-spotted_spider_mite227,True,0.9999486
data/raw/Mendeley/plantvillage/Preprocessed data/Two-spotted_spider_mite227/Tssm1268.jpg,Two-spotted_spider_mite227,0,9,9,Two-spotted_spider_mite227,Two-spotted_spider_mite227,True,0.99998
data/raw/Mendeley/plantvillage/Preprocessed data/Two-spotted_spider_mite227/Tssm1271.jpg,Two-spotted_spider_mite227,0,9,9,Two-spotted_spider_mite227,Two-spotted_spider_mite227,True,0.9773563
data/raw/Mendeley/plantvillage/Preprocessed data/Two-spotted_spider_mite227/Tssm1291.jpg,Two-spotted_spider_mite227,0,9,9,Two-spotted_spider_mite227,Two-spotted_spider_mite227,True,0.9999225
data/raw/Mendeley/plantvillage/Preprocessed data/Two-spotted_spider_mite227/Tssm1297.jpg,Two-spotted_spider_mite227,0,9,9,Two-spotted_spider_mite227,Two-spotted_spider_mite227,True,0.9999716
data/raw/Mendeley/plantvillage/Preprocessed data/Two-spotted_spider_mite227/Tssm1302.jpg,Two-spotted_spider_mite227,0,9,9,Two-spotted_spider_mite227,Two-spotted_spider_mite227,True,0.99870896
data/raw/Mendeley/plantvillage/Preprocessed data/Two-spotted_spider_mite227/Tssm1303.jpg,Two-spotted_spider_mite227,0,9,9,Two-spotted_spider_mite227,Two-spotted_spider_mite227,True,0.9999635
data/raw/Mendeley/plantvillage/Preprocessed data/Two-spotted_spider_mite227/Tssm1315.jpg,Two-spotted_spider_mite227,0,9,9,Two-spotted_spider_mite227,Two-spotted_spider_mite227,True,0.99999285
data/raw/Mendeley/plantvillage/Preprocessed data/Two-spotted_spider_mite227/Tssm1318.jpg,Two-spotted_spider_mite227,0,9,9,Two-spotted_spider_mite227,Two-spotted_spider_mite227,True,0.99998355
data/raw/Mendeley/plantvillage/Preprocessed data/Two-spotted_spider_mite227/Tssm1321.jpg,Two-spotted_spider_mite227,0,9,9,Two-spotted_spider_mite227,Two-spotted_spider_mite227,True,0.999995
data/raw/Mendeley/plantvillage/Preprocessed data/Two-spotted_spider_mite227/Tssm1322.jpg,Two-spotted_spider_mite227,0,9,9,Two-spotted_spider_mite227,Two-spotted_spider_mite227,True,0.9982735
data/raw/Mendeley/plantvillage/Preprocessed data/Two-spotted_spider_mite227/Tssm1329.jpg,Two-spotted_spider_mite227,0,9,9,Two-spotted_spider_mite227,Two-spotted_spider_mite227,True,0.9999832
data/raw/Mendeley/plantvillage/Preprocessed data/Two-spotted_spider_mite227/Tssm133.jpg,Two-spotted_spider_mite227,0,9,9,Two-spotted_spider_mite227,Two-spotted_spider_mite227,True,0.9999988
data/raw/Mendeley/plantvillage/Preprocessed data/Two-spotted_spider_mite227/Tssm1331.jpg,Two-spotted_spider_mite227,0,9,9,Two-spotted_spider_mite227,Two-spotted_spider_mite227,True,0.9716081
data/raw/Mendeley/plantvillage/Preprocessed data/Two-spotted_spider_mite227/Tssm1334.jpg,Two-spotted_spider_mite227,0,9,9,Two-spotted_spider_mite227,Two-spotted_spider_mite227,True,0.9999708
data/raw/Mendeley/plantvillage/Preprocessed data/Two-spotted_spider_mite227/Tssm1335.jpg,Two-spotted_spider_mite227,0,9,9,Two-spotted_spider_mite227,Two-spotted_spider_mite227,True,0.9983577
data/raw/Mendeley/plantvillage/Preprocessed data/Two-spotted_spider_mite227/Tssm134.jpg,Two-spotted_spider_mite227,0,9,9,Two-spotted_spider_mite227,Two-spotted_spider_mite227,True,0.999998
data/raw/Mendeley/plantvillage/Preprocessed data/Two-spotted_spider_mite227/Tssm1340.jpg,Two-spotted_spider_mite227,0,9,9,Two-spotted_spider_mite227,Two-spotted_spider_mite227,True,0.9992086
data/raw/Mendeley/plantvillage/Preprocessed data/Two-spotted_spider_mite227/Tssm137.jpg,Two-spotted_spider_mite227,0,9,9,Two-spotted_spider_mite227,Two-spotted_spider_mite227,True,0.99999654
data/raw/Mendeley/plantvillage/Preprocessed data/Two-spotted_spider_mite227/Tssm149.jpg,Two-spotted_spider_mite227,0,9,9,Two-spotted_spider_mite227,Two-spotted_spider_mite227,True,0.9999856
data/raw/Mendeley/plantvillage/Preprocessed data/Two-spotted_spider_mite227/Tssm15.jpg,Two-spotted_spider_mite227,0,9,9,Two-spotted_spider_mite227,Two-spotted_spider_mite227,True,0.99957293
data/raw/Mendeley/plantvillage/Preprocessed data/Two-spotted_spider_mite227/Tssm150.jpg,Two-spotted_spider_mite227,0,9,9,Two-spotted_spider_mite227,Two-spotted_spider_mite227,True,0.99998367
data/raw/Mendeley/plantvillage/Preprocessed data/Two-spotted_spider_mite227/Tssm152.jpg,Two-spotted_spider_mite227,0,9,9,Two-spotted_spider_mite227,Two-spotted_spider_mite227,True,0.99999607
data/raw/Mendeley/plantvillage/Preprocessed data/Two-spotted_spider_mite227/Tssm165.jpg,Two-spotted_spider_mite227,0,9,9,Two-spotted_spider_mite227,Two-spotted_spider_mite227,True,0.9999813
data/raw/Mendeley/plantvillage/Preprocessed data/Two-spotted_spider_mite227/Tssm168.jpg,Two-spotted_spider_mite227,0,9,9,Two-spotted_spider_mite227,Two-spotted_spider_mite227,True,0.9999796
data/raw/Mendeley/plantvillage/Preprocessed data/Two-spotted_spider_mite227/Tssm174.jpg,Two-spotted_spider_mite227,0,9,9,Two-spotted_spider_mite227,Two-spotted_spider_mite227,True,0.9930275
data/raw/Mendeley/plantvillage/Preprocessed data/Two-spotted_spider_mite227/Tssm181.jpg,Two-spotted_spider_mite227,0,9,9,Two-spotted_spider_mite227,Two-spotted_spider_mite227,True,0.9997534
data/raw/Mendeley/plantvillage/Preprocessed data/Two-spotted_spider_mite227/Tssm185.jpg,Two-spotted_spider_mite227,0,9,9,Two-spotted_spider_mite227,Two-spotted_spider_mite227,True,0.99708945
data/raw/Mendeley/plantvillage/Preprocessed data/Two-spotted_spider_mite227/Tssm188.jpg,Two-spotted_spider_mite227,0,9,9,Two-spotted_spider_mite227,Two-spotted_spider_mite227,True,0.9996357
data/raw/Mendeley/plantvillage/Preprocessed data/Two-spotted_spider_mite227/Tssm19.jpg,Two-spotted_spider_mite227,0,9,9,Two-spotted_spider_mite227,Two-spotted_spider_mite227,True,0.9999851
data/raw/Mendeley/plantvillage/Preprocessed data/Two-spotted_spider_mite227/Tssm208.jpg,Two-spotted_spider_mite227,0,9,9,Two-spotted_spider_mite227,Two-spotted_spider_mite227,True,0.9995364
data/raw/Mendeley/plantvillage/Preprocessed data/Two-spotted_spider_mite227/Tssm217.jpg,Two-spotted_spider_mite227,0,9,9,Two-spotted_spider_mite227,Two-spotted_spider_mite227,True,0.9998209
data/raw/Mendeley/plantvillage/Preprocessed data/Two-spotted_spider_mite227/Tssm219.jpg,Two-spotted_spider_mite227,0,9,9,Two-spotted_spider_mite227,Two-spotted_spider_mite227,True,0.9999964
data/raw/Mendeley/plantvillage/Preprocessed data/Two-spotted_spider_mite227/Tssm221.jpg,Two-spotted_spider_mite227,0,9,9,Two-spotted_spider_mite227,Two-spotted_spider_mite227,True,0.99999857
data/raw/Mendeley/plantvillage/Preprocessed data/Two-spotted_spider_mite227/Tssm225.jpg,Two-spotted_spider_mite227,0,9,9,Two-spotted_spider_mite227,Two-spotted_spider_mite227,True,0.9999418
data/raw/Mendeley/plantvillage/Preprocessed data/Two-spotted_spider_mite227/Tssm226.jpg,Two-spotted_spider_mite227,0,9,9,Two-spotted_spider_mite227,Two-spotted_spider_mite227,True,0.9999994
data/raw/Mendeley/plantvillage/Preprocessed data/Two-spotted_spider_mite227/Tssm228.jpg,Two-spotted_spider_mite227,0,9,9,Two-spotted_spider_mite227,Two-spotted_spider_mite227,True,0.99999833
data/raw/Mendeley/plantvillage/Preprocessed data/Two-spotted_spider_mite227/Tssm230.jpg,Two-spotted_spider_mite227,0,9,9,Two-spotted_spider_mite227,Two-spotted_spider_mite227,True,0.9999571
data/raw/Mendeley/plantvillage/Preprocessed data/Two-spotted_spider_mite227/Tssm235.jpg,Two-spotted_spider_mite227,0,9,9,Two-spotted_spider_mite227,Two-spotted_spider_mite227,True,0.99999917
data/raw/Mendeley/plantvillage/Preprocessed data/Two-spotted_spider_mite227/Tssm236.jpg,Two-spotted_spider_mite227,0,9,9,Two-spotted_spider_mite227,Two-spotted_spider_mite227,True,0.98473984
data/raw/Mendeley/plantvillage/Preprocessed data/Two-spotted_spider_mite227/Tssm237.jpg,Two-spotted_spider_mite227,0,9,9,Two-spotted_spider_mite227,Two-spotted_spider_mite227,True,0.9999926
data/raw/Mendeley/plantvillage/Preprocessed data/Two-spotted_spider_mite227/Tssm241.jpg,Two-spotted_spider_mite227,0,9,9,Two-spotted_spider_mite227,Two-spotted_spider_mite227,True,0.99984
data/raw/Mendeley/plantvillage/Preprocessed data/Two-spotted_spider_mite227/Tssm251.jpg,Two-spotted_spider_mite227,0,9,9,Two-spotted_spider_mite227,Two-spotted_spider_mite227,True,0.9998785
data/raw/Mendeley/plantvillage/Preprocessed data/Two-spotted_spider_mite227/Tssm252.jpg,Two-spotted_spider_mite227,0,9,9,Two-spotted_spider_mite227,Two-spotted_spider_mite227,True,0.9999988
data/raw/Mendeley/plantvillage/Preprocessed data/Two-spotted_spider_mite227/Tssm253.jpg,Two-spotted_spider_mite227,0,9,9,Two-spotted_spider_mite227,Two-spotted_spider_mite227,True,0.99997854
data/raw/Mendeley/plantvillage/Preprocessed data/Two-spotted_spider_mite227/Tssm262.jpg,Two-spotted_spider_mite227,0,9,9,Two-spotted_spider_mite227,Two-spotted_spider_mite227,True,0.9948726
data/raw/Mendeley/plantvillage/Preprocessed data/Two-spotted_spider_mite227/Tssm265.jpg,Two-spotted_spider_mite227,0,9,9,Two-spotted_spider_mite227,Two-spotted_spider_mite227,True,0.99997544
data/raw/Mendeley/plantvillage/Preprocessed data/Two-spotted_spider_mite227/Tssm267.jpg,Two-spotted_spider_mite227,0,9,9,Two-spotted_spider_mite227,Two-spotted_spider_mite227,True,0.9999993
data/raw/Mendeley/plantvillage/Preprocessed data/Two-spotted_spider_mite227/Tssm273.jpg,Two-spotted_spider_mite227,0,9,9,Two-spotted_spider_mite227,Two-spotted_spider_mite227,True,0.9999914
data/raw/Mendeley/plantvillage/Preprocessed data/Two-spotted_spider_mite227/Tssm288.jpg,Two-spotted_spider_mite227,0,9,9,Two-spotted_spider_mite227,Two-spotted_spider_mite227,True,0.9998965
data/raw/Mendeley/plantvillage/Preprocessed data/Two-spotted_spider_mite227/Tssm290.jpg,Two-spotted_spider_mite227,0,9,9,Two-spotted_spider_mite227,Two-spotted_spider_mite227,True,0.9999312
data/raw/Mendeley/plantvillage/Preprocessed data/Two-spotted_spider_mite227/Tssm293.jpg,Two-spotted_spider_mite227,0,9,9,Two-spotted_spider_mite227,Two-spotted_spider_mite227,True,0.99825484
data/raw/Mendeley/plantvillage/Preprocessed data/Two-spotted_spider_mite227/Tssm30.jpg,Two-spotted_spider_mite227,0,9,9,Two-spotted_spider_mite227,Two-spotted_spider_mite227,True,0.99999046
data/raw/Mendeley/plantvillage/Preprocessed data/Two-spotted_spider_mite227/Tssm302.jpg,Two-spotted_spider_mite227,0,9,9,Two-spotted_spider_mite227,Two-spotted_spider_mite227,True,0.99999654
data/raw/Mendeley/plantvillage/Preprocessed data/Two-spotted_spider_mite227/Tssm311.jpg,Two-spotted_spider_mite227,0,9,9,Two-spotted_spider_mite227,Two-spotted_spider_mite227,True,0.9999995
data/raw/Mendeley/plantvillage/Preprocessed data/Two-spotted_spider_mite227/Tssm312.jpg,Two-spotted_spider_mite227,0,9,9,Two-spotted_spider_mite227,Two-spotted_spider_mite227,True,0.99998486
data/raw/Mendeley/plantvillage/Preprocessed data/Two-spotted_spider_mite227/Tssm324.jpg,Two-spotted_spider_mite227,0,9,9,Two-spotted_spider_mite227,Two-spotted_spider_mite227,True,0.9998037
data/raw/Mendeley/plantvillage/Preprocessed data/Two-spotted_spider_mite227/Tssm326.jpg,Two-spotted_spider_mite227,0,9,9,Two-spotted_spider_mite227,Two-spotted_spider_mite227,True,0.99989796
data/raw/Mendeley/plantvillage/Preprocessed data/Two-spotted_spider_mite227/Tssm332.jpg,Two-spotted_spider_mite227,0,9,9,Two-spotted_spider_mite227,Two-spotted_spider_mite227,True,0.9999981
data/raw/Mendeley/plantvillage/Preprocessed data/Two-spotted_spider_mite227/Tssm333.jpg,Two-spotted_spider_mite227,0,9,9,Two-spotted_spider_mite227,Two-spotted_spider_mite227,True,0.9999944
data/raw/Mendeley/plantvillage/Preprocessed data/Two-spotted_spider_mite227/Tssm336.jpg,Two-spotted_spider_mite227,0,9,9,Two-spotted_spider_mite227,Two-spotted_spider_mite227,True,0.99972457
data/raw/Mendeley/plantvillage/Preprocessed data/Two-spotted_spider_mite227/Tssm34.jpg,Two-spotted_spider_mite227,0,9,9,Two-spotted_spider_mite227,Two-spotted_spider_mite227,True,0.99999356
data/raw/Mendeley/plantvillage/Preprocessed data/Two-spotted_spider_mite227/Tssm345.jpg,Two-spotted_spider_mite227,0,9,9,Two-spotted_spider_mite227,Two-spotted_spider_mite227,True,0.99985194
data/raw/Mendeley/plantvillage/Preprocessed data/Two-spotted_spider_mite227/Tssm349.jpg,Two-spotted_spider_mite227,0,9,9,Two-spotted_spider_mite227,Two-spotted_spider_mite227,True,0.9997559
data/raw/Mendeley/plantvillage/Preprocessed data/Two-spotted_spider_mite227/Tssm35.jpg,Two-spotted_spider_mite227,0,9,9,Two-spotted_spider_mite227,Two-spotted_spider_mite227,True,0.99972874
data/raw/Mendeley/plantvillage/Preprocessed data/Two-spotted_spider_mite227/Tssm353.jpg,Two-spotted_spider_mite227,0,9,9,Two-spotted_spider_mite227,Two-spotted_spider_mite227,True,0.9998223
data/raw/Mendeley/plantvillage/Preprocessed data/Two-spotted_spider_mite227/Tssm36.jpg,Two-spotted_spider_mite227,0,9,9,Two-spotted_spider_mite227,Two-spotted_spider_mite227,True,0.9998778
data/raw/Mendeley/plantvillage/Preprocessed data/Two-spotted_spider_mite227/Tssm360.jpg,Two-spotted_spider_mite227,0,9,9,Two-spotted_spider_mite227,Two-spotted_spider_mite227,True,0.9981364
data/raw/Mendeley/plantvillage/Preprocessed data/Two-spotted_spider_mite227/Tssm367.jpg,Two-spotted_spider_mite227,0,9,9,Two-spotted_spider_mite227,Two-spotted_spider_mite227,True,0.99998844
data/raw/Mendeley/plantvillage/Preprocessed data/Two-spotted_spider_mite227/Tssm377.jpg,Two-spotted_spider_mite227,0,9,9,Two-spotted_spider_mite227,Two-spotted_spider_mite227,True,0.99998415
data/raw/Mendeley/plantvillage/Preprocessed data/Two-spotted_spider_mite227/Tssm388.jpg,Two-spotted_spider_mite227,0,9,9,Two-spotted_spider_mite227,Two-spotted_spider_mite227,True,0.9998919
data/raw/Mendeley/plantvillage/Preprocessed data/Two-spotted_spider_mite227/Tssm39.jpg,Two-spotted_spider_mite227,0,9,9,Two-spotted_spider_mite227,Two-spotted_spider_mite227,True,0.99999726
data/raw/Mendeley/plantvillage/Preprocessed data/Two-spotted_spider_mite227/Tssm396.jpg,Two-spotted_spider_mite227,0,9,9,Two-spotted_spider_mite227,Two-spotted_spider_mite227,True,0.668398
data/raw/Mendeley/plantvillage/Preprocessed data/Two-spotted_spider_mite227/Tssm401.jpg,Two-spotted_spider_mite227,0,9,9,Two-spotted_spider_mite227,Two-spotted_spider_mite227,True,0.9999813
data/raw/Mendeley/plantvillage/Preprocessed data/Two-spotted_spider_mite227/Tssm404.jpg,Two-spotted_spider_mite227,0,9,9,Two-spotted_spider_mite227,Two-spotted_spider_mite227,True,0.9999938
data/raw/Mendeley/plantvillage/Preprocessed data/Two-spotted_spider_mite227/Tssm41.jpg,Two-spotted_spider_mite227,0,9,8,Two-spotted_spider_mite227,Tomato_mosaic_virus227,False,0.5816208
data/raw/Mendeley/plantvillage/Preprocessed data/Two-spotted_spider_mite227/Tssm410.jpg,Two-spotted_spider_mite227,0,9,9,Two-spotted_spider_mite227,Two-spotted_spider_mite227,True,0.99987864
data/raw/Mendeley/plantvillage/Preprocessed data/Two-spotted_spider_mite227/Tssm412.jpg,Two-spotted_spider_mite227,0,9,9,Two-spotted_spider_mite227,Two-spotted_spider_mite227,True,0.9997719
data/raw/Mendeley/plantvillage/Preprocessed data/Two-spotted_spider_mite227/Tssm415.jpg,Two-spotted_spider_mite227,0,9,9,Two-spotted_spider_mite227,Two-spotted_spider_mite227,True,0.9999964
data/raw/Mendeley/plantvillage/Preprocessed data/Two-spotted_spider_mite227/Tssm416.jpg,Two-spotted_spider_mite227,0,9,9,Two-spotted_spider_mite227,Two-spotted_spider_mite227,True,0.9999912
data/raw/Mendeley/plantvillage/Preprocessed data/Two-spotted_spider_mite227/Tssm418.jpg,Two-spotted_spider_mite227,0,9,9,Two-spotted_spider_mite227,Two-spotted_spider_mite227,True,0.9999889
data/raw/Mendeley/plantvillage/Preprocessed data/Two-spotted_spider_mite227/Tssm422.jpg,Two-spotted_spider_mite227,0,9,9,Two-spotted_spider_mite227,Two-spotted_spider_mite227,True,0.99999857
data/raw/Mendeley/plantvillage/Preprocessed data/Two-spotted_spider_mite227/Tssm426.jpg,Two-spotted_spider_mite227,0,9,9,Two-spotted_spider_mite227,Two-spotted_spider_mite227,True,0.9999964
data/raw/Mendeley/plantvillage/Preprocessed data/Two-spotted_spider_mite227/Tssm434.jpg,Two-spotted_spider_mite227,0,9,9,Two-spotted_spider_mite227,Two-spotted_spider_mite227,True,0.99998784
data/raw/Mendeley/plantvillage/Preprocessed data/Two-spotted_spider_mite227/Tssm436.jpg,Two-spotted_spider_mite227,0,9,9,Two-spotted_spider_mite227,Two-spotted_spider_mite227,True,0.9999908
data/raw/Mendeley/plantvillage/Preprocessed data/Two-spotted_spider_mite227/Tssm437.jpg,Two-spotted_spider_mite227,0,9,9,Two-spotted_spider_mite227,Two-spotted_spider_mite227,True,0.99910307
data/raw/Mendeley/plantvillage/Preprocessed data/Two-spotted_spider_mite227/Tssm442.jpg,Two-spotted_spider_mite227,0,9,9,Two-spotted_spider_mite227,Two-spotted_spider_mite227,True,0.99998283
data/raw/Mendeley/plantvillage/Preprocessed data/Two-spotted_spider_mite227/Tssm448.jpg,Two-spotted_spider_mite227,0,9,9,Two-spotted_spider_mite227,Two-spotted_spider_mite227,True,0.9998932
data/raw/Mendeley/plantvillage/Preprocessed data/Two-spotted_spider_mite227/Tssm454.jpg,Two-spotted_spider_mite227,0,9,9,Two-spotted_spider_mite227,Two-spotted_spider_mite227,True,0.9999763
data/raw/Mendeley/plantvillage/Preprocessed data/Two-spotted_spider_mite227/Tssm466.jpg,Two-spotted_spider_mite227,0,9,9,Two-spotted_spider_mite227,Two-spotted_spider_mite227,True,0.9995732
data/raw/Mendeley/plantvillage/Preprocessed data/Two-spotted_spider_mite227/Tssm467.jpg,Two-spotted_spider_mite227,0,9,9,Two-spotted_spider_mite227,Two-spotted_spider_mite227,True,0.9999752
data/raw/Mendeley/plantvillage/Preprocessed data/Two-spotted_spider_mite227/Tssm476.jpg,Two-spotted_spider_mite227,0,9,9,Two-spotted_spider_mite227,Two-spotted_spider_mite227,True,0.98896027
data/raw/Mendeley/plantvillage/Preprocessed data/Two-spotted_spider_mite227/Tssm477.jpg,Two-spotted_spider_mite227,0,9,9,Two-spotted_spider_mite227,Two-spotted_spider_mite227,True,0.99999404
data/raw/Mendeley/plantvillage/Preprocessed data/Two-spotted_spider_mite227/Tssm486.jpg,Two-spotted_spider_mite227,0,9,9,Two-spotted_spider_mite227,Two-spotted_spider_mite227,True,0.99997556
data/raw/Mendeley/plantvillage/Preprocessed data/Two-spotted_spider_mite227/Tssm49.jpg,Two-spotted_spider_mite227,0,9,9,Two-spotted_spider_mite227,Two-spotted_spider_mite227,True,0.99993193
data/raw/Mendeley/plantvillage/Preprocessed data/Two-spotted_spider_mite227/Tssm496.jpg,Two-spotted_spider_mite227,0,9,9,Two-spotted_spider_mite227,Two-spotted_spider_mite227,True,0.9998029
data/raw/Mendeley/plantvillage/Preprocessed data/Two-spotted_spider_mite227/Tssm504.jpg,Two-spotted_spider_mite227,0,9,9,Two-spotted_spider_mite227,Two-spotted_spider_mite227,True,0.9999769
data/raw/Mendeley/plantvillage/Preprocessed data/Two-spotted_spider_mite227/Tssm51.jpg,Two-spotted_spider_mite227,0,9,9,Two-spotted_spider_mite227,Two-spotted_spider_mite227,True,0.9998956
data/raw/Mendeley/plantvillage/Preprocessed data/Two-spotted_spider_mite227/Tssm513.jpg,Two-spotted_spider_mite227,0,9,9,Two-spotted_spider_mite227,Two-spotted_spider_mite227,True,0.9999999
data/raw/Mendeley/plantvillage/Preprocessed data/Two-spotted_spider_mite227/Tssm52.jpg,Two-spotted_spider_mite227,0,9,9,Two-spotted_spider_mite227,Two-spotted_spider_mite227,True,0.9999716
data/raw/Mendeley/plantvillage/Preprocessed data/Two-spotted_spider_mite227/Tssm521.jpg,Two-spotted_spider_mite227,0,9,9,Two-spotted_spider_mite227,Two-spotted_spider_mite227,True,0.9999511
data/raw/Mendeley/plantvillage/Preprocessed data/Two-spotted_spider_mite227/Tssm524.jpg,Two-spotted_spider_mite227,0,9,9,Two-spotted_spider_mite227,Two-spotted_spider_mite227,True,0.97565866
data/raw/Mendeley/plantvillage/Preprocessed data/Two-spotted_spider_mite227/Tssm528.jpg,Two-spotted_spider_mite227,0,9,9,Two-spotted_spider_mite227,Two-spotted_spider_mite227,True,0.9999958
data/raw/Mendeley/plantvillage/Preprocessed data/Two-spotted_spider_mite227/Tssm53.jpg,Two-spotted_spider_mite227,0,9,9,Two-spotted_spider_mite227,Two-spotted_spider_mite227,True,0.99931324
data/raw/Mendeley/plantvillage/Preprocessed data/Two-spotted_spider_mite227/Tssm536.jpg,Two-spotted_spider_mite227,0,9,9,Two-spotted_spider_mite227,Two-spotted_spider_mite227,True,0.9999764
data/raw/Mendeley/plantvillage/Preprocessed data/Two-spotted_spider_mite227/Tssm541.jpg,Two-spotted_spider_mite227,0,9,9,Two-spotted_spider_mite227,Two-spotted_spider_mite227,True,0.99995494
data/raw/Mendeley/plantvillage/Preprocessed data/Two-spotted_spider_mite227/Tssm543.jpg,Two-spotted_spider_mite227,0,9,9,Two-spotted_spider_mite227,Two-spotted_spider_mite227,True,0.99997056
data/raw/Mendeley/plantvillage/Preprocessed data/Two-spotted_spider_mite227/Tssm55.jpg,Two-spotted_spider_mite227,0,9,9,Two-spotted_spider_mite227,Two-spotted_spider_mite227,True,0.998611
data/raw/Mendeley/plantvillage/Preprocessed data/Two-spotted_spider_mite227/Tssm554.jpg,Two-spotted_spider_mite227,0,9,9,Two-spotted_spider_mite227,Two-spotted_spider_mite227,True,0.9990355
data/raw/Mendeley/plantvillage/Preprocessed data/Two-spotted_spider_mite227/Tssm561.jpg,Two-spotted_spider_mite227,0,9,9,Two-spotted_spider_mite227,Two-spotted_spider_mite227,True,0.9997825
data/raw/Mendeley/plantvillage/Preprocessed data/Two-spotted_spider_mite227/Tssm567.jpg,Two-spotted_spider_mite227,0,9,9,Two-spotted_spider_mite227,Two-spotted_spider_mite227,True,0.9999701
data/raw/Mendeley/plantvillage/Preprocessed data/Two-spotted_spider_mite227/Tssm569.jpg,Two-spotted_spider_mite227,0,9,9,Two-spotted_spider_mite227,Two-spotted_spider_mite227,True,0.9968991
data/raw/Mendeley/plantvillage/Preprocessed data/Two-spotted_spider_mite227/Tssm571.jpg,Two-spotted_spider_mite227,0,9,9,Two-spotted_spider_mite227,Two-spotted_spider_mite227,True,0.99999523
data/raw/Mendeley/plantvillage/Preprocessed data/Two-spotted_spider_mite227/Tssm576.jpg,Two-spotted_spider_mite227,0,9,9,Two-spotted_spider_mite227,Two-spotted_spider_mite227,True,0.9972133
data/raw/Mendeley/plantvillage/Preprocessed data/Two-spotted_spider_mite227/Tssm58.jpg,Two-spotted_spider_mite227,0,9,9,Two-spotted_spider_mite227,Two-spotted_spider_mite227,True,0.99995744
data/raw/Mendeley/plantvillage/Preprocessed data/Two-spotted_spider_mite227/Tssm583.jpg,Two-spotted_spider_mite227,0,9,9,Two-spotted_spider_mite227,Two-spotted_spider_mite227,True,0.9999982
data/raw/Mendeley/plantvillage/Preprocessed data/Two-spotted_spider_mite227/Tssm592.jpg,Two-spotted_spider_mite227,0,9,9,Two-spotted_spider_mite227,Two-spotted_spider_mite227,True,0.9998865
data/raw/Mendeley/plantvillage/Preprocessed data/Two-spotted_spider_mite227/Tssm606.jpg,Two-spotted_spider_mite227,0,9,9,Two-spotted_spider_mite227,Two-spotted_spider_mite227,True,0.99996185
data/raw/Mendeley/plantvillage/Preprocessed data/Two-spotted_spider_mite227/Tssm609.jpg,Two-spotted_spider_mite227,0,9,9,Two-spotted_spider_mite227,Two-spotted_spider_mite227,True,0.9999087
data/raw/Mendeley/plantvillage/Preprocessed data/Two-spotted_spider_mite227/Tssm610.jpg,Two-spotted_spider_mite227,0,9,9,Two-spotted_spider_mite227,Two-spotted_spider_mite227,True,0.9998683
data/raw/Mendeley/plantvillage/Preprocessed data/Two-spotted_spider_mite227/Tssm616.jpg,Two-spotted_spider_mite227,0,9,9,Two-spotted_spider_mite227,Two-spotted_spider_mite227,True,0.9999957
data/raw/Mendeley/plantvillage/Preprocessed data/Two-spotted_spider_mite227/Tssm618.jpg,Two-spotted_spider_mite227,0,9,9,Two-spotted_spider_mite227,Two-spotted_spider_mite227,True,0.9991374
data/raw/Mendeley/plantvillage/Preprocessed data/Two-spotted_spider_mite227/Tssm622.jpg,Two-spotted_spider_mite227,0,9,9,Two-spotted_spider_mite227,Two-spotted_spider_mite227,True,0.9999776
data/raw/Mendeley/plantvillage/Preprocessed data/Two-spotted_spider_mite227/Tssm628.jpg,Two-spotted_spider_mite227,0,9,9,Two-spotted_spider_mite227,Two-spotted_spider_mite227,True,0.99999976
data/raw/Mendeley/plantvillage/Preprocessed data/Two-spotted_spider_mite227/Tssm635.jpg,Two-spotted_spider_mite227,0,9,9,Two-spotted_spider_mite227,Two-spotted_spider_mite227,True,0.9997528
data/raw/Mendeley/plantvillage/Preprocessed data/Two-spotted_spider_mite227/Tssm642.jpg,Two-spotted_spider_mite227,0,9,9,Two-spotted_spider_mite227,Two-spotted_spider_mite227,True,0.99999607
data/raw/Mendeley/plantvillage/Preprocessed data/Two-spotted_spider_mite227/Tssm645.jpg,Two-spotted_spider_mite227,0,9,9,Two-spotted_spider_mite227,Two-spotted_spider_mite227,True,0.99999464
data/raw/Mendeley/plantvillage/Preprocessed data/Two-spotted_spider_mite227/Tssm663.jpg,Two-spotted_spider_mite227,0,9,9,Two-spotted_spider_mite227,Two-spotted_spider_mite227,True,0.99992764
data/raw/Mendeley/plantvillage/Preprocessed data/Two-spotted_spider_mite227/Tssm669.jpg,Two-spotted_spider_mite227,0,9,9,Two-spotted_spider_mite227,Two-spotted_spider_mite227,True,0.9997955
data/raw/Mendeley/plantvillage/Preprocessed data/Two-spotted_spider_mite227/Tssm670.jpg,Two-spotted_spider_mite227,0,9,9,Two-spotted_spider_mite227,Two-spotted_spider_mite227,True,0.99999344
data/raw/Mendeley/plantvillage/Preprocessed data/Two-spotted_spider_mite227/Tssm674.jpg,Two-spotted_spider_mite227,0,9,9,Two-spotted_spider_mite227,Two-spotted_spider_mite227,True,0.9988067
data/raw/Mendeley/plantvillage/Preprocessed data/Two-spotted_spider_mite227/Tssm677.jpg,Two-spotted_spider_mite227,0,9,9,Two-spotted_spider_mite227,Two-spotted_spider_mite227,True,0.9999758
data/raw/Mendeley/plantvillage/Preprocessed data/Two-spotted_spider_mite227/Tssm679.jpg,Two-spotted_spider_mite227,0,9,9,Two-spotted_spider_mite227,Two-spotted_spider_mite227,True,0.99028325
data/raw/Mendeley/plantvillage/Preprocessed data/Two-spotted_spider_mite227/Tssm688.jpg,Two-spotted_spider_mite227,0,9,9,Two-spotted_spider_mite227,Two-spotted_spider_mite227,True,0.9999994
data/raw/Mendeley/plantvillage/Preprocessed data/Two-spotted_spider_mite227/Tssm693.jpg,Two-spotted_spider_mite227,0,9,9,Two-spotted_spider_mite227,Two-spotted_spider_mite227,True,0.99621516
data/raw/Mendeley/plantvillage/Preprocessed data/Two-spotted_spider_mite227/Tssm695.jpg,Two-spotted_spider_mite227,0,9,9,Two-spotted_spider_mite227,Two-spotted_spider_mite227,True,0.99999094
data/raw/Mendeley/plantvillage/Preprocessed data/Two-spotted_spider_mite227/Tssm700.jpg,Two-spotted_spider_mite227,0,9,9,Two-spotted_spider_mite227,Two-spotted_spider_mite227,True,0.97430533
data/raw/Mendeley/plantvillage/Preprocessed data/Two-spotted_spider_mite227/Tssm705.jpg,Two-spotted_spider_mite227,0,9,9,Two-spotted_spider_mite227,Two-spotted_spider_mite227,True,0.9999759
data/raw/Mendeley/plantvillage/Preprocessed data/Two-spotted_spider_mite227/Tssm713.jpg,Two-spotted_spider_mite227,0,9,9,Two-spotted_spider_mite227,Two-spotted_spider_mite227,True,0.9994803
data/raw/Mendeley/plantvillage/Preprocessed data/Two-spotted_spider_mite227/Tssm715.jpg,Two-spotted_spider_mite227,0,9,9,Two-spotted_spider_mite227,Two-spotted_spider_mite227,True,0.9997547
data/raw/Mendeley/plantvillage/Preprocessed data/Two-spotted_spider_mite227/Tssm719.jpg,Two-spotted_spider_mite227,0,9,9,Two-spotted_spider_mite227,Two-spotted_spider_mite227,True,0.9999629
data/raw/Mendeley/plantvillage/Preprocessed data/Two-spotted_spider_mite227/Tssm72.jpg,Two-spotted_spider_mite227,0,9,9,Two-spotted_spider_mite227,Two-spotted_spider_mite227,True,0.99927753
data/raw/Mendeley/plantvillage/Preprocessed data/Two-spotted_spider_mite227/Tssm721.jpg,Two-spotted_spider_mite227,0,9,9,Two-spotted_spider_mite227,Two-spotted_spider_mite227,True,0.99998975
data/raw/Mendeley/plantvillage/Preprocessed data/Two-spotted_spider_mite227/Tssm722.jpg,Two-spotted_spider_mite227,0,9,9,Two-spotted_spider_mite227,Two-spotted_spider_mite227,True,0.999998
data/raw/Mendeley/plantvillage/Preprocessed data/Two-spotted_spider_mite227/Tssm729.jpg,Two-spotted_spider_mite227,0,9,9,Two-spotted_spider_mite227,Two-spotted_spider_mite227,True,0.999995
data/raw/Mendeley/plantvillage/Preprocessed data/Two-spotted_spider_mite227/Tssm73.jpg,Two-spotted_spider_mite227,0,9,9,Two-spotted_spider_mite227,Two-spotted_spider_mite227,True,0.9973858
data/raw/Mendeley/plantvillage/Preprocessed data/Two-spotted_spider_mite227/Tssm732.jpg,Two-spotted_spider_mite227,0,9,9,Two-spotted_spider_mite227,Two-spotted_spider_mite227,True,0.99999857
data/raw/Mendeley/plantvillage/Preprocessed data/Two-spotted_spider_mite227/Tssm738.jpg,Two-spotted_spider_mite227,0,9,9,Two-spotted_spider_mite227,Two-spotted_spider_mite227,True,0.97333014
data/raw/Mendeley/plantvillage/Preprocessed data/Two-spotted_spider_mite227/Tssm740.jpg,Two-spotted_spider_mite227,0,9,9,Two-spotted_spider_mite227,Two-spotted_spider_mite227,True,0.9989992
data/raw/Mendeley/plantvillage/Preprocessed data/Two-spotted_spider_mite227/Tssm741.jpg,Two-spotted_spider_mite227,0,9,9,Two-spotted_spider_mite227,Two-spotted_spider_mite227,True,0.9999095
data/raw/Mendeley/plantvillage/Preprocessed data/Two-spotted_spider_mite227/Tssm744.jpg,Two-spotted_spider_mite227,0,9,9,Two-spotted_spider_mite227,Two-spotted_spider_mite227,True,0.9999833
data/raw/Mendeley/plantvillage/Preprocessed data/Two-spotted_spider_mite227/Tssm745.jpg,Two-spotted_spider_mite227,0,9,9,Two-spotted_spider_mite227,Two-spotted_spider_mite227,True,0.9999175
data/raw/Mendeley/plantvillage/Preprocessed data/Two-spotted_spider_mite227/Tssm746.jpg,Two-spotted_spider_mite227,0,9,9,Two-spotted_spider_mite227,Two-spotted_spider_mite227,True,0.9999027
data/raw/Mendeley/plantvillage/Preprocessed data/Two-spotted_spider_mite227/Tssm755.jpg,Two-spotted_spider_mite227,0,9,9,Two-spotted_spider_mite227,Two-spotted_spider_mite227,True,0.9999902
data/raw/Mendeley/plantvillage/Preprocessed data/Two-spotted_spider_mite227/Tssm756.jpg,Two-spotted_spider_mite227,0,9,9,Two-spotted_spider_mite227,Two-spotted_spider_mite227,True,0.9999924
data/raw/Mendeley/plantvillage/Preprocessed data/Two-spotted_spider_mite227/Tssm76.jpg,Two-spotted_spider_mite227,0,9,9,Two-spotted_spider_mite227,Two-spotted_spider_mite227,True,1.0
data/raw/Mendeley/plantvillage/Preprocessed data/Two-spotted_spider_mite227/Tssm779.jpg,Two-spotted_spider_mite227,0,9,9,Two-spotted_spider_mite227,Two-spotted_spider_mite227,True,0.99999917
data/raw/Mendeley/plantvillage/Preprocessed data/Two-spotted_spider_mite227/Tssm78.jpg,Two-spotted_spider_mite227,0,9,9,Two-spotted_spider_mite227,Two-spotted_spider_mite227,True,0.93736166
data/raw/Mendeley/plantvillage/Preprocessed data/Two-spotted_spider_mite227/Tssm805.jpg,Two-spotted_spider_mite227,0,9,9,Two-spotted_spider_mite227,Two-spotted_spider_mite227,True,0.99996674
data/raw/Mendeley/plantvillage/Preprocessed data/Two-spotted_spider_mite227/Tssm811.jpg,Two-spotted_spider_mite227,0,9,9,Two-spotted_spider_mite227,Two-spotted_spider_mite227,True,0.99998164
data/raw/Mendeley/plantvillage/Preprocessed data/Two-spotted_spider_mite227/Tssm813.jpg,Two-spotted_spider_mite227,0,9,9,Two-spotted_spider_mite227,Two-spotted_spider_mite227,True,0.9999397
data/raw/Mendeley/plantvillage/Preprocessed data/Two-spotted_spider_mite227/Tssm817.jpg,Two-spotted_spider_mite227,0,9,9,Two-spotted_spider_mite227,Two-spotted_spider_mite227,True,0.9999646
data/raw/Mendeley/plantvillage/Preprocessed data/Two-spotted_spider_mite227/Tssm830.jpg,Two-spotted_spider_mite227,0,9,9,Two-spotted_spider_mite227,Two-spotted_spider_mite227,True,0.9999927
data/raw/Mendeley/plantvillage/Preprocessed data/Two-spotted_spider_mite227/Tssm836.jpg,Two-spotted_spider_mite227,0,9,9,Two-spotted_spider_mite227,Two-spotted_spider_mite227,True,0.99996793
data/raw/Mendeley/plantvillage/Preprocessed data/Two-spotted_spider_mite227/Tssm84.jpg,Two-spotted_spider_mite227,0,9,9,Two-spotted_spider_mite227,Two-spotted_spider_mite227,True,0.98110056
data/raw/Mendeley/plantvillage/Preprocessed data/Two-spotted_spider_mite227/Tssm842.jpg,Two-spotted_spider_mite227,0,9,9,Two-spotted_spider_mite227,Two-spotted_spider_mite227,True,0.76838976
data/raw/Mendeley/plantvillage/Preprocessed data/Two-spotted_spider_mite227/Tssm844.jpg,Two-spotted_spider_mite227,0,9,9,Two-spotted_spider_mite227,Two-spotted_spider_mite227,True,0.999828
data/raw/Mendeley/plantvillage/Preprocessed data/Two-spotted_spider_mite227/Tssm859.jpg,Two-spotted_spider_mite227,0,9,9,Two-spotted_spider_mite227,Two-spotted_spider_mite227,True,0.9999994
data/raw/Mendeley/plantvillage/Preprocessed data/Two-spotted_spider_mite227/Tssm861.jpg,Two-spotted_spider_mite227,0,9,9,Two-spotted_spider_mite227,Two-spotted_spider_mite227,True,0.99998987
data/raw/Mendeley/plantvillage/Preprocessed data/Two-spotted_spider_mite227/Tssm868.jpg,Two-spotted_spider_mite227,0,9,9,Two-spotted_spider_mite227,Two-spotted_spider_mite227,True,0.999984
data/raw/Mendeley/plantvillage/Preprocessed data/Two-spotted_spider_mite227/Tssm87.jpg,Two-spotted_spider_mite227,0,9,9,Two-spotted_spider_mite227,Two-spotted_spider_mite227,True,0.9999876
data/raw/Mendeley/plantvillage/Preprocessed data/Two-spotted_spider_mite227/Tssm872.jpg,Two-spotted_spider_mite227,0,9,9,Two-spotted_spider_mite227,Two-spotted_spider_mite227,True,0.9824285
data/raw/Mendeley/plantvillage/Preprocessed data/Two-spotted_spider_mite227/Tssm875.jpg,Two-spotted_spider_mite227,0,9,9,Two-spotted_spider_mite227,Two-spotted_spider_mite227,True,0.99997365
data/raw/Mendeley/plantvillage/Preprocessed data/Two-spotted_spider_mite227/Tssm876.jpg,Two-spotted_spider_mite227,0,9,9,Two-spotted_spider_mite227,Two-spotted_spider_mite227,True,0.9999949
data/raw/Mendeley/plantvillage/Preprocessed data/Two-spotted_spider_mite227/Tssm877.jpg,Two-spotted_spider_mite227,0,9,9,Two-spotted_spider_mite227,Two-spotted_spider_mite227,True,0.95006055
data/raw/Mendeley/plantvillage/Preprocessed data/Two-spotted_spider_mite227/Tssm878.jpg,Two-spotted_spider_mite227,0,9,9,Two-spotted_spider_mite227,Two-spotted_spider_mite227,True,0.9999993
data/raw/Mendeley/plantvillage/Preprocessed data/Two-spotted_spider_mite227/Tssm883.jpg,Two-spotted_spider_mite227,0,9,9,Two-spotted_spider_mite227,Two-spotted_spider_mite227,True,0.9991916
data/raw/Mendeley/plantvillage/Preprocessed data/Two-spotted_spider_mite227/Tssm884.jpg,Two-spotted_spider_mite227,0,9,9,Two-spotted_spider_mite227,Two-spotted_spider_mite227,True,0.9999087
data/raw/Mendeley/plantvillage/Preprocessed data/Two-spotted_spider_mite227/Tssm886.jpg,Two-spotted_spider_mite227,0,9,9,Two-spotted_spider_mite227,Two-spotted_spider_mite227,True,0.9999974
data/raw/Mendeley/plantvillage/Preprocessed data/Two-spotted_spider_mite227/Tssm892.jpg,Two-spotted_spider_mite227,0,9,9,Two-spotted_spider_mite227,Two-spotted_spider_mite227,True,0.9998006
data/raw/Mendeley/plantvillage/Preprocessed data/Two-spotted_spider_mite227/Tssm893.jpg,Two-spotted_spider_mite227,0,9,9,Two-spotted_spider_mite227,Two-spotted_spider_mite227,True,0.9998944
data/raw/Mendeley/plantvillage/Preprocessed data/Two-spotted_spider_mite227/Tssm896.jpg,Two-spotted_spider_mite227,0,9,9,Two-spotted_spider_mite227,Two-spotted_spider_mite227,True,0.99999785
data/raw/Mendeley/plantvillage/Preprocessed data/Two-spotted_spider_mite227/Tssm899.jpg,Two-spotted_spider_mite227,0,9,9,Two-spotted_spider_mite227,Two-spotted_spider_mite227,True,0.99991965
data/raw/Mendeley/plantvillage/Preprocessed data/Two-spotted_spider_mite227/Tssm902.jpg,Two-spotted_spider_mite227,0,9,9,Two-spotted_spider_mite227,Two-spotted_spider_mite227,True,0.9999832
data/raw/Mendeley/plantvillage/Preprocessed data/Two-spotted_spider_mite227/Tssm905.jpg,Two-spotted_spider_mite227,0,9,9,Two-spotted_spider_mite227,Two-spotted_spider_mite227,True,0.99997497
data/raw/Mendeley/plantvillage/Preprocessed data/Two-spotted_spider_mite227/Tssm908.jpg,Two-spotted_spider_mite227,0,9,9,Two-spotted_spider_mite227,Two-spotted_spider_mite227,True,0.9991467
data/raw/Mendeley/plantvillage/Preprocessed data/Two-spotted_spider_mite227/Tssm92.jpg,Two-spotted_spider_mite227,0,9,9,Two-spotted_spider_mite227,Two-spotted_spider_mite227,True,0.9999943
data/raw/Mendeley/plantvillage/Preprocessed data/Two-spotted_spider_mite227/Tssm920.jpg,Two-spotted_spider_mite227,0,9,9,Two-spotted_spider_mite227,Two-spotted_spider_mite227,True,0.9987815
data/raw/Mendeley/plantvillage/Preprocessed data/Two-spotted_spider_mite227/Tssm921.jpg,Two-spotted_spider_mite227,0,9,9,Two-spotted_spider_mite227,Two-spotted_spider_mite227,True,0.9999615
data/raw/Mendeley/plantvillage/Preprocessed data/Two-spotted_spider_mite227/Tssm924.jpg,Two-spotted_spider_mite227,0,9,9,Two-spotted_spider_mite227,Two-spotted_spider_mite227,True,0.9983986
data/raw/Mendeley/plantvillage/Preprocessed data/Two-spotted_spider_mite227/Tssm928.jpg,Two-spotted_spider_mite227,0,9,9,Two-spotted_spider_mite227,Two-spotted_spider_mite227,True,0.9997465
data/raw/Mendeley/plantvillage/Preprocessed data/Two-spotted_spider_mite227/Tssm931.jpg,Two-spotted_spider_mite227,0,9,9,Two-spotted_spider_mite227,Two-spotted_spider_mite227,True,0.9995468
data/raw/Mendeley/plantvillage/Preprocessed data/Two-spotted_spider_mite227/Tssm933.jpg,Two-spotted_spider_mite227,0,9,9,Two-spotted_spider_mite227,Two-spotted_spider_mite227,True,0.9999846
data/raw/Mendeley/plantvillage/Preprocessed data/Two-spotted_spider_mite227/Tssm939.jpg,Two-spotted_spider_mite227,0,9,9,Two-spotted_spider_mite227,Two-spotted_spider_mite227,True,0.9999944
data/raw/Mendeley/plantvillage/Preprocessed data/Two-spotted_spider_mite227/Tssm951.jpg,Two-spotted_spider_mite227,0,9,9,Two-spotted_spider_mite227,Two-spotted_spider_mite227,True,0.99997187
data/raw/Mendeley/plantvillage/Preprocessed data/Two-spotted_spider_mite227/Tssm960.jpg,Two-spotted_spider_mite227,0,9,9,Two-spotted_spider_mite227,Two-spotted_spider_mite227,True,0.99997735
data/raw/Mendeley/plantvillage/Preprocessed data/Two-spotted_spider_mite227/Tssm968.jpg,Two-spotted_spider_mite227,0,9,9,Two-spotted_spider_mite227,Two-spotted_spider_mite227,True,0.99941444
data/raw/Mendeley/plantvillage/Preprocessed data/Two-spotted_spider_mite227/Tssm969.jpg,Two-spotted_spider_mite227,0,9,9,Two-spotted_spider_mite227,Two-spotted_spider_mite227,True,0.999992
data/raw/Mendeley/plantvillage/Preprocessed data/Two-spotted_spider_mite227/Tssm972.jpg,Two-spotted_spider_mite227,0,9,9,Two-spotted_spider_mite227,Two-spotted_spider_mite227,True,0.99995625
data/raw/Mendeley/plantvillage/Preprocessed data/Two-spotted_spider_mite227/Tssm974.jpg,Two-spotted_spider_mite227,0,9,9,Two-spotted_spider_mite227,Two-spotted_spider_mite227,True,0.99997866
data/raw/Mendeley/plantvillage/Preprocessed data/Two-spotted_spider_mite227/Tssm976.jpg,Two-spotted_spider_mite227,0,9,9,Two-spotted_spider_mite227,Two-spotted_spider_mite227,True,0.99994266
data/raw/Mendeley/plantvillage/Preprocessed data/Two-spotted_spider_mite227/Tssm979.jpg,Two-spotted_spider_mite227,0,9,9,Two-spotted_spider_mite227,Two-spotted_spider_mite227,True,0.99999714
data/raw/Mendeley/plantvillage/Preprocessed data/Two-spotted_spider_mite227/Tssm983.jpg,Two-spotted_spider_mite227,0,9,9,Two-spotted_spider_mite227,Two-spotted_spider_mite227,True,0.9996424
data/raw/Mendeley/plantvillage/Preprocessed data/Two-spotted_spider_mite227/Tssm984.jpg,Two-spotted_spider_mite227,0,9,9,Two-spotted_spider_mite227,Two-spotted_spider_mite227,True,0.99229723
data/raw/Mendeley/plantvillage/Preprocessed data/Two-spotted_spider_mite227/Tssm990.jpg,Two-spotted_spider_mite227,0,9,9,Two-spotted_spider_mite227,Two-spotted_spider_mite227,True,0.99989545
data/raw/Mendeley/plantvillage/Preprocessed data/Two-spotted_spider_mite227/Tssm993.jpg,Two-spotted_spider_mite227,0,9,9,Two-spotted_spider_mite227,Two-spotted_spider_mite227,True,0.99986744
data/raw/Mendeley/plantvillage/Preprocessed data/Two-spotted_spider_mite227/Tssm999.jpg,Two-spotted_spider_mite227,0,9,9,Two-spotted_spider_mite227,Two-spotted_spider_mite227,True,0.9947241
data/raw/Mendeley/plantvillage/Preprocessed data/healthy227/H1010.jpg,healthy227,0,2,2,healthy227,healthy227,True,0.9999492
data/raw/Mendeley/plantvillage/Preprocessed data/healthy227/H1011.jpg,healthy227,0,2,2,healthy227,healthy227,True,0.9999163
data/raw/Mendeley/plantvillage/Preprocessed data/healthy227/H1012.jpg,healthy227,0,2,2,healthy227,healthy227,True,0.99998164
data/raw/Mendeley/plantvillage/Preprocessed data/healthy227/H1018.jpg,healthy227,0,2,2,healthy227,healthy227,True,0.99999774
data/raw/Mendeley/plantvillage/Preprocessed data/healthy227/H102.jpg,healthy227,0,2,2,healthy227,healthy227,True,0.9998727
data/raw/Mendeley/plantvillage/Preprocessed data/healthy227/H1021.jpg,healthy227,0,2,2,healthy227,healthy227,True,0.999951
data/raw/Mendeley/plantvillage/Preprocessed data/healthy227/H1022.jpg,healthy227,0,2,2,healthy227,healthy227,True,0.99969995
data/raw/Mendeley/plantvillage/Preprocessed data/healthy227/H1024.jpg,healthy227,0,2,2,healthy227,healthy227,True,0.9999275
data/raw/Mendeley/plantvillage/Preprocessed data/healthy227/H1028.jpg,healthy227,0,2,2,healthy227,healthy227,True,0.99999666
data/raw/Mendeley/plantvillage/Preprocessed data/healthy227/H1031.jpg,healthy227,0,2,2,healthy227,healthy227,True,0.9999851
data/raw/Mendeley/plantvillage/Preprocessed data/healthy227/H1036.jpg,healthy227,0,2,2,healthy227,healthy227,True,0.99996257
data/raw/Mendeley/plantvillage/Preprocessed data/healthy227/H1039.jpg,healthy227,0,2,2,healthy227,healthy227,True,0.9999926
data/raw/Mendeley/plantvillage/Preprocessed data/healthy227/H1043.jpg,healthy227,0,2,2,healthy227,healthy227,True,0.99995184
data/raw/Mendeley/plantvillage/Preprocessed data/healthy227/H1044.jpg,healthy227,0,2,2,healthy227,healthy227,True,0.99997544
data/raw/Mendeley/plantvillage/Preprocessed data/healthy227/H1059.jpg,healthy227,0,2,2,healthy227,healthy227,True,0.9999608
data/raw/Mendeley/plantvillage/Preprocessed data/healthy227/H1071.jpg,healthy227,0,2,2,healthy227,healthy227,True,0.9999709
data/raw/Mendeley/plantvillage/Preprocessed data/healthy227/H1072.jpg,healthy227,0,2,2,healthy227,healthy227,True,0.99996924
data/raw/Mendeley/plantvillage/Preprocessed data/healthy227/H1074.jpg,healthy227,0,2,2,healthy227,healthy227,True,0.99998677
data/raw/Mendeley/plantvillage/Preprocessed data/healthy227/H1082.jpg,healthy227,0,2,2,healthy227,healthy227,True,0.99998486
data/raw/Mendeley/plantvillage/Preprocessed data/healthy227/H1084.jpg,healthy227,0,2,2,healthy227,healthy227,True,0.9999993
data/raw/Mendeley/plantvillage/Preprocessed data/healthy227/H109.jpg,healthy227,0,2,2,healthy227,healthy227,True,0.9999527
data/raw/Mendeley/plantvillage/Preprocessed data/healthy227/H1099.jpg,healthy227,0,2,2,healthy227,healthy227,True,0.9999969
data/raw/Mendeley/plantvillage/Preprocessed data/healthy227/H110.jpg,healthy227,0,2,2,healthy227,healthy227,True,0.9999821
data/raw/Mendeley/plantvillage/Preprocessed data/healthy227/H1101.jpg,healthy227,0,2,2,healthy227,healthy227,True,0.99995446
data/raw/Mendeley/plantvillage/Preprocessed data/healthy227/H1103.jpg,healthy227,0,2,2,healthy227,healthy227,True,0.99999416
data/raw/Mendeley/plantvillage/Preprocessed data/healthy227/H1106.jpg,healthy227,0,2,2,healthy227,healthy227,True,0.999866
data/raw/Mendeley/plantvillage/Preprocessed data/healthy227/H1112.jpg,healthy227,0,2,2,healthy227,healthy227,True,0.9999813
data/raw/Mendeley/plantvillage/Preprocessed data/healthy227/H1118.jpg,healthy227,0,2,2,healthy227,healthy227,True,0.9999962
data/raw/Mendeley/plantvillage/Preprocessed data/healthy227/H1123.jpg,healthy227,0,2,2,healthy227,healthy227,True,0.99999344
data/raw/Mendeley/plantvillage/Preprocessed data/healthy227/H1131.jpg,healthy227,0,2,2,healthy227,healthy227,True,0.9999672
data/raw/Mendeley/plantvillage/Preprocessed data/healthy227/H1149.jpg,healthy227,0,2,2,healthy227,healthy227,True,0.9999945
data/raw/Mendeley/plantvillage/Preprocessed data/healthy227/H1156.jpg,healthy227,0,2,2,healthy227,healthy227,True,0.999985
data/raw/Mendeley/plantvillage/Preprocessed data/healthy227/H116.jpg,healthy227,0,2,2,healthy227,healthy227,True,0.99998033
data/raw/Mendeley/plantvillage/Preprocessed data/healthy227/H1164.jpg,healthy227,0,2,2,healthy227,healthy227,True,0.99978167
data/raw/Mendeley/plantvillage/Preprocessed data/healthy227/H1172.jpg,healthy227,0,2,2,healthy227,healthy227,True,0.99999607
data/raw/Mendeley/plantvillage/Preprocessed data/healthy227/H1176.jpg,healthy227,0,2,2,healthy227,healthy227,True,0.99999416
data/raw/Mendeley/plantvillage/Preprocessed data/healthy227/H1181.jpg,healthy227,0,2,2,healthy227,healthy227,True,0.99999857
data/raw/Mendeley/plantvillage/Preprocessed data/healthy227/H1188.jpg,healthy227,0,2,2,healthy227,healthy227,True,0.9999325
data/raw/Mendeley/plantvillage/Preprocessed data/healthy227/H1194.jpg,healthy227,0,2,2,healthy227,healthy227,True,0.9994473
data/raw/Mendeley/plantvillage/Preprocessed data/healthy227/H12.jpg,healthy227,0,2,2,healthy227,healthy227,True,0.9999784
data/raw/Mendeley/plantvillage/Preprocessed data/healthy227/H1201.jpg,healthy227,0,2,2,healthy227,healthy227,True,0.99999356
data/raw/Mendeley/plantvillage/Preprocessed data/healthy227/H1206.jpg,healthy227,0,2,2,healthy227,healthy227,True,0.99988973
data/raw/Mendeley/plantvillage/Preprocessed data/healthy227/H1210.jpg,healthy227,0,2,2,healthy227,healthy227,True,0.9999784
data/raw/Mendeley/plantvillage/Preprocessed data/healthy227/H1212.jpg,healthy227,0,2,2,healthy227,healthy227,True,0.99995506
data/raw/Mendeley/plantvillage/Preprocessed data/healthy227/H1216.jpg,healthy227,0,2,2,healthy227,healthy227,True,0.9999919
data/raw/Mendeley/plantvillage/Preprocessed data/healthy227/H1217.jpg,healthy227,0,2,2,healthy227,healthy227,True,0.9993806
data/raw/Mendeley/plantvillage/Preprocessed data/healthy227/H1221.jpg,healthy227,0,2,2,healthy227,healthy227,True,0.9999739
data/raw/Mendeley/plantvillage/Preprocessed data/healthy227/H1222.jpg,healthy227,0,2,2,healthy227,healthy227,True,0.99991715
data/raw/Mendeley/plantvillage/Preprocessed data/healthy227/H1223.jpg,healthy227,0,2,2,healthy227,healthy227,True,0.9999008
data/raw/Mendeley/plantvillage/Preprocessed data/healthy227/H1227.jpg,healthy227,0,2,2,healthy227,healthy227,True,0.99997985
data/raw/Mendeley/plantvillage/Preprocessed data/healthy227/H1237.jpg,healthy227,0,2,2,healthy227,healthy227,True,0.9999962
data/raw/Mendeley/plantvillage/Preprocessed data/healthy227/H1239.jpg,healthy227,0,2,2,healthy227,healthy227,True,0.99979144
data/raw/Mendeley/plantvillage/Preprocessed data/healthy227/H1240.jpg,healthy227,0,2,2,healthy227,healthy227,True,0.999974
data/raw/Mendeley/plantvillage/Preprocessed data/healthy227/H1243.jpg,healthy227,0,2,2,healthy227,healthy227,True,0.99991477
data/raw/Mendeley/plantvillage/Preprocessed data/healthy227/H1247.jpg,healthy227,0,2,2,healthy227,healthy227,True,0.99999654
data/raw/Mendeley/plantvillage/Preprocessed data/healthy227/H1249.jpg,healthy227,0,2,2,healthy227,healthy227,True,0.9999969
data/raw/Mendeley/plantvillage/Preprocessed data/healthy227/H125.jpg,healthy227,0,2,2,healthy227,healthy227,True,0.99983025
data/raw/Mendeley/plantvillage/Preprocessed data/healthy227/H1251.jpg,healthy227,0,2,2,healthy227,healthy227,True,0.9998554
data/raw/Mendeley/plantvillage/Preprocessed data/healthy227/H128.jpg,healthy227,0,2,2,healthy227,healthy227,True,0.9999981
data/raw/Mendeley/plantvillage/Preprocessed data/healthy227/H136.jpg,healthy227,0,2,2,healthy227,healthy227,True,0.9999982
data/raw/Mendeley/plantvillage/Preprocessed data/healthy227/H137.jpg,healthy227,0,2,2,healthy227,healthy227,True,0.9999943
data/raw/Mendeley/plantvillage/Preprocessed data/healthy227/H141.jpg,healthy227,0,2,2,healthy227,healthy227,True,0.99996626
data/raw/Mendeley/plantvillage/Preprocessed data/healthy227/H148.jpg,healthy227,0,2,2,healthy227,healthy227,True,0.9999486
data/raw/Mendeley/plantvillage/Preprocessed data/healthy227/H149.jpg,healthy227,0,2,2,healthy227,healthy227,True,0.99998724
data/raw/Mendeley/plantvillage/Preprocessed data/healthy227/H150.jpg,healthy227,0,2,2,healthy227,healthy227,True,0.999998
data/raw/Mendeley/plantvillage/Preprocessed data/healthy227/H158.jpg,healthy227,0,2,2,healthy227,healthy227,True,0.99998474
data/raw/Mendeley/plantvillage/Preprocessed data/healthy227/H162.jpg,healthy227,0,2,2,healthy227,healthy227,True,0.99999547
data/raw/Mendeley/plantvillage/Preprocessed data/healthy227/H164.jpg,healthy227,0,2,2,healthy227,healthy227,True,0.99997306
data/raw/Mendeley/plantvillage/Preprocessed data/healthy227/H166.jpg,healthy227,0,2,2,healthy227,healthy227,True,0.99998236
data/raw/Mendeley/plantvillage/Preprocessed data/healthy227/H174.jpg,healthy227,0,2,2,healthy227,healthy227,True,0.99994326
data/raw/Mendeley/plantvillage/Preprocessed data/healthy227/H175.jpg,healthy227,0,2,2,healthy227,healthy227,True,0.99997103
data/raw/Mendeley/plantvillage/Preprocessed data/healthy227/H176.jpg,healthy227,0,2,2,healthy227,healthy227,True,0.99999845
data/raw/Mendeley/plantvillage/Preprocessed data/healthy227/H178.jpg,healthy227,0,2,2,healthy227,healthy227,True,0.976824
data/raw/Mendeley/plantvillage/Preprocessed data/healthy227/H19.jpg,healthy227,0,2,2,healthy227,healthy227,True,0.9999993
data/raw/Mendeley/plantvillage/Preprocessed data/healthy227/H194.jpg,healthy227,0,2,2,healthy227,healthy227,True,0.9999839
data/raw/Mendeley/plantvillage/Preprocessed data/healthy227/H196.jpg,healthy227,0,2,2,healthy227,healthy227,True,0.9998723
data/raw/Mendeley/plantvillage/Preprocessed data/healthy227/H2.jpg,healthy227,0,2,2,healthy227,healthy227,True,0.99999416
data/raw/Mendeley/plantvillage/Preprocessed data/healthy227/H20.jpg,healthy227,0,2,2,healthy227,healthy227,True,0.9997701
data/raw/Mendeley/plantvillage/Preprocessed data/healthy227/H207.jpg,healthy227,0,2,2,healthy227,healthy227,True,0.99993026
data/raw/Mendeley/plantvillage/Preprocessed data/healthy227/H209.jpg,healthy227,0,2,2,healthy227,healthy227,True,0.999848
data/raw/Mendeley/plantvillage/Preprocessed data/healthy227/H21.jpg,healthy227,0,2,2,healthy227,healthy227,True,0.9998048
data/raw/Mendeley/plantvillage/Preprocessed data/healthy227/H211.jpg,healthy227,0,2,2,healthy227,healthy227,True,0.99993575
data/raw/Mendeley/plantvillage/Preprocessed data/healthy227/H212.jpg,healthy227,0,2,2,healthy227,healthy227,True,0.9999521
data/raw/Mendeley/plantvillage/Preprocessed data/healthy227/H219.jpg,healthy227,0,2,2,healthy227,healthy227,True,0.99999905
data/raw/Mendeley/plantvillage/Preprocessed data/healthy227/H220.jpg,healthy227,0,2,2,healthy227,healthy227,True,0.99982786
data/raw/Mendeley/plantvillage/Preprocessed data/healthy227/H223.jpg,healthy227,0,2,2,healthy227,healthy227,True,0.9468271
data/raw/Mendeley/plantvillage/Preprocessed data/healthy227/H225.jpg,healthy227,0,2,2,healthy227,healthy227,True,0.99992585
data/raw/Mendeley/plantvillage/Preprocessed data/healthy227/H227.jpg,healthy227,0,2,2,healthy227,healthy227,True,0.99998176
data/raw/Mendeley/plantvillage/Preprocessed data/healthy227/H233.jpg,healthy227,0,2,2,healthy227,healthy227,True,0.9999671
data/raw/Mendeley/plantvillage/Preprocessed data/healthy227/H237.jpg,healthy227,0,2,2,healthy227,healthy227,True,0.99999297
data/raw/Mendeley/plantvillage/Preprocessed data/healthy227/H238.jpg,healthy227,0,2,2,healthy227,healthy227,True,0.9997646
data/raw/Mendeley/plantvillage/Preprocessed data/healthy227/H255.jpg,healthy227,0,2,2,healthy227,healthy227,True,0.9998864
data/raw/Mendeley/plantvillage/Preprocessed data/healthy227/H257.jpg,healthy227,0,2,2,healthy227,healthy227,True,0.99977154
data/raw/Mendeley/plantvillage/Preprocessed data/healthy227/H260.jpg,healthy227,0,2,2,healthy227,healthy227,True,0.99998975
data/raw/Mendeley/plantvillage/Preprocessed data/healthy227/H265.jpg,healthy227,0,2,2,healthy227,healthy227,True,0.99999344
data/raw/Mendeley/plantvillage/Preprocessed data/healthy227/H27.jpg,healthy227,0,2,2,healthy227,healthy227,True,0.9999813
data/raw/Mendeley/plantvillage/Preprocessed data/healthy227/H278.jpg,healthy227,0,2,2,healthy227,healthy227,True,0.9999924
data/raw/Mendeley/plantvillage/Preprocessed data/healthy227/H279.jpg,healthy227,0,2,2,healthy227,healthy227,True,0.99990714
data/raw/Mendeley/plantvillage/Preprocessed data/healthy227/H282.jpg,healthy227,0,2,2,healthy227,healthy227,True,0.99754226
data/raw/Mendeley/plantvillage/Preprocessed data/healthy227/H285.jpg,healthy227,0,2,2,healthy227,healthy227,True,0.9999883
data/raw/Mendeley/plantvillage/Preprocessed data/healthy227/H300.jpg,healthy227,0,2,2,healthy227,healthy227,True,0.9962774
data/raw/Mendeley/plantvillage/Preprocessed data/healthy227/H315.jpg,healthy227,0,2,2,healthy227,healthy227,True,0.9999696
data/raw/Mendeley/plantvillage/Preprocessed data/healthy227/H318.jpg,healthy227,0,2,2,healthy227,healthy227,True,0.9999602
data/raw/Mendeley/plantvillage/Preprocessed data/healthy227/H320.jpg,healthy227,0,2,2,healthy227,healthy227,True,0.99999034
data/raw/Mendeley/plantvillage/Preprocessed data/healthy227/H324.jpg,healthy227,0,2,2,healthy227,healthy227,True,0.99984634
data/raw/Mendeley/plantvillage/Preprocessed data/healthy227/H33.jpg,healthy227,0,2,2,healthy227,healthy227,True,0.99997234
data/raw/Mendeley/plantvillage/Preprocessed data/healthy227/H330.jpg,healthy227,0,2,2,healthy227,healthy227,True,0.9998405
data/raw/Mendeley/plantvillage/Preprocessed data/healthy227/H331.jpg,healthy227,0,2,2,healthy227,healthy227,True,0.99997926
data/raw/Mendeley/plantvillage/Preprocessed data/healthy227/H333.jpg,healthy227,0,2,2,healthy227,healthy227,True,0.9999291
data/raw/Mendeley/plantvillage/Preprocessed data/healthy227/H337.jpg,healthy227,0,2,2,healthy227,healthy227,True,0.99982685
data/raw/Mendeley/plantvillage/Preprocessed data/healthy227/H342.jpg,healthy227,0,2,2,healthy227,healthy227,True,0.99997616
data/raw/Mendeley/plantvillage/Preprocessed data/healthy227/H344.jpg,healthy227,0,2,2,healthy227,healthy227,True,0.99935263
data/raw/Mendeley/plantvillage/Preprocessed data/healthy227/H349.jpg,healthy227,0,2,2,healthy227,healthy227,True,0.999915
data/raw/Mendeley/plantvillage/Preprocessed data/healthy227/H359.jpg,healthy227,0,2,2,healthy227,healthy227,True,0.99997616
data/raw/Mendeley/plantvillage/Preprocessed data/healthy227/H364.jpg,healthy227,0,2,2,healthy227,healthy227,True,0.99763
data/raw/Mendeley/plantvillage/Preprocessed data/healthy227/H376.jpg,healthy227,0,2,2,healthy227,healthy227,True,0.9998903
data/raw/Mendeley/plantvillage/Preprocessed data/healthy227/H38.jpg,healthy227,0,2,2,healthy227,healthy227,True,0.999974
data/raw/Mendeley/plantvillage/Preprocessed data/healthy227/H393.jpg,healthy227,0,2,2,healthy227,healthy227,True,0.99998796
data/raw/Mendeley/plantvillage/Preprocessed data/healthy227/H395.jpg,healthy227,0,2,2,healthy227,healthy227,True,0.9998902
data/raw/Mendeley/plantvillage/Preprocessed data/healthy227/H404.jpg,healthy227,0,2,2,healthy227,healthy227,True,0.99994993
data/raw/Mendeley/plantvillage/Preprocessed data/healthy227/H407.jpg,healthy227,0,2,2,healthy227,healthy227,True,0.9999962
data/raw/Mendeley/plantvillage/Preprocessed data/healthy227/H41.jpg,healthy227,0,2,2,healthy227,healthy227,True,0.99999654
data/raw/Mendeley/plantvillage/Preprocessed data/healthy227/H415.jpg,healthy227,0,2,2,healthy227,healthy227,True,0.9999491
data/raw/Mendeley/plantvillage/Preprocessed data/healthy227/H416.jpg,healthy227,0,2,2,healthy227,healthy227,True,0.9999951
data/raw/Mendeley/plantvillage/Preprocessed data/healthy227/H430.jpg,healthy227,0,2,2,healthy227,healthy227,True,0.9999106
data/raw/Mendeley/plantvillage/Preprocessed data/healthy227/H432.jpg,healthy227,0,2,2,healthy227,healthy227,True,0.9999696
data/raw/Mendeley/plantvillage/Preprocessed data/healthy227/H437.jpg,healthy227,0,2,2,healthy227,healthy227,True,0.9998683
data/raw/Mendeley/plantvillage/Preprocessed data/healthy227/H44.jpg,healthy227,0,2,2,healthy227,healthy227,True,0.99999285
data/raw/Mendeley/plantvillage/Preprocessed data/healthy227/H450.jpg,healthy227,0,2,2,healthy227,healthy227,True,0.9999759
data/raw/Mendeley/plantvillage/Preprocessed data/healthy227/H455.jpg,healthy227,0,2,2,healthy227,healthy227,True,0.99992955
data/raw/Mendeley/plantvillage/Preprocessed data/healthy227/H476.jpg,healthy227,0,2,2,healthy227,healthy227,True,0.99754804
data/raw/Mendeley/plantvillage/Preprocessed data/healthy227/H478.jpg,healthy227,0,2,2,healthy227,healthy227,True,0.9999691
data/raw/Mendeley/plantvillage/Preprocessed data/healthy227/H479.jpg,healthy227,0,2,2,healthy227,healthy227,True,0.9996972
data/raw/Mendeley/plantvillage/Preprocessed data/healthy227/H483.jpg,healthy227,0,2,2,healthy227,healthy227,True,0.99969196
data/raw/Mendeley/plantvillage/Preprocessed data/healthy227/H492.jpg,healthy227,0,2,2,healthy227,healthy227,True,0.9998116
data/raw/Mendeley/plantvillage/Preprocessed data/healthy227/H493.jpg,healthy227,0,2,2,healthy227,healthy227,True,0.9999957
data/raw/Mendeley/plantvillage/Preprocessed data/healthy227/H497.jpg,healthy227,0,2,2,healthy227,healthy227,True,0.99999845
data/raw/Mendeley/plantvillage/Preprocessed data/healthy227/H50.jpg,healthy227,0,2,2,healthy227,healthy227,True,0.999951
data/raw/Mendeley/plantvillage/Preprocessed data/healthy227/H500.jpg,healthy227,0,2,2,healthy227,healthy227,True,0.99998844
data/raw/Mendeley/plantvillage/Preprocessed data/healthy227/H502.jpg,healthy227,0,2,2,healthy227,healthy227,True,0.9999927
data/raw/Mendeley/plantvillage/Preprocessed data/healthy227/H514.jpg,healthy227,0,2,2,healthy227,healthy227,True,0.9999993
data/raw/Mendeley/plantvillage/Preprocessed data/healthy227/H516.jpg,healthy227,0,2,2,healthy227,healthy227,True,0.99941766
data/raw/Mendeley/plantvillage/Preprocessed data/healthy227/H517.jpg,healthy227,0,2,2,healthy227,healthy227,True,0.99992836
data/raw/Mendeley/plantvillage/Preprocessed data/healthy227/H520.jpg,healthy227,0,2,2,healthy227,healthy227,True,0.99982077
data/raw/Mendeley/plantvillage/Preprocessed data/healthy227/H522.jpg,healthy227,0,2,2,healthy227,healthy227,True,0.9999831
data/raw/Mendeley/plantvillage/Preprocessed data/healthy227/H524.jpg,healthy227,0,2,2,healthy227,healthy227,True,0.9999764
data/raw/Mendeley/plantvillage/Preprocessed data/healthy227/H526.jpg,healthy227,0,2,2,healthy227,healthy227,True,0.9997906
data/raw/Mendeley/plantvillage/Preprocessed data/healthy227/H538.jpg,healthy227,0,2,2,healthy227,healthy227,True,0.9999658
data/raw/Mendeley/plantvillage/Preprocessed data/healthy227/H539.jpg,healthy227,0,2,2,healthy227,healthy227,True,0.9999385
data/raw/Mendeley/plantvillage/Preprocessed data/healthy227/H54.jpg,healthy227,0,2,2,healthy227,healthy227,True,0.99995255
data/raw/Mendeley/plantvillage/Preprocessed data/healthy227/H545.jpg,healthy227,0,2,2,healthy227,healthy227,True,0.9999418
data/raw/Mendeley/plantvillage/Preprocessed data/healthy227/H550.jpg,healthy227,0,2,2,healthy227,healthy227,True,0.9999912
data/raw/Mendeley/plantvillage/Preprocessed data/healthy227/H552.jpg,healthy227,0,2,2,healthy227,healthy227,True,0.99962926
data/raw/Mendeley/plantvillage/Preprocessed data/healthy227/H558.jpg,healthy227,0,2,2,healthy227,healthy227,True,0.9998958
data/raw/Mendeley/plantvillage/Preprocessed data/healthy227/H56.jpg,healthy227,0,2,2,healthy227,healthy227,True,0.9999807
data/raw/Mendeley/plantvillage/Preprocessed data/healthy227/H562.jpg,healthy227,0,2,2,healthy227,healthy227,True,0.9999713
data/raw/Mendeley/plantvillage/Preprocessed data/healthy227/H57.jpg,healthy227,0,2,2,healthy227,healthy227,True,0.99999726
data/raw/Mendeley/plantvillage/Preprocessed data/healthy227/H570.jpg,healthy227,0,2,2,healthy227,healthy227,True,0.9999938
data/raw/Mendeley/plantvillage/Preprocessed data/healthy227/H571.jpg,healthy227,0,2,2,healthy227,healthy227,True,0.9999778
data/raw/Mendeley/plantvillage/Preprocessed data/healthy227/H573.jpg,healthy227,0,2,2,healthy227,healthy227,True,0.99939144
data/raw/Mendeley/plantvillage/Preprocessed data/healthy227/H574.jpg,healthy227,0,2,2,healthy227,healthy227,True,0.99993396
data/raw/Mendeley/plantvillage/Preprocessed data/healthy227/H582.jpg,healthy227,0,2,2,healthy227,healthy227,True,0.9999851
data/raw/Mendeley/plantvillage/Preprocessed data/healthy227/H591.jpg,healthy227,0,2,2,healthy227,healthy227,True,0.99981123
data/raw/Mendeley/plantvillage/Preprocessed data/healthy227/H596.jpg,healthy227,0,2,2,healthy227,healthy227,True,0.9996327
data/raw/Mendeley/plantvillage/Preprocessed data/healthy227/H600.jpg,healthy227,0,2,2,healthy227,healthy227,True,0.9999759
data/raw/Mendeley/plantvillage/Preprocessed data/healthy227/H601.jpg,healthy227,0,2,2,healthy227,healthy227,True,0.99971133
data/raw/Mendeley/plantvillage/Preprocessed data/healthy227/H604.jpg,healthy227,0,2,2,healthy227,healthy227,True,0.99877673
data/raw/Mendeley/plantvillage/Preprocessed data/healthy227/H615.jpg,healthy227,0,2,2,healthy227,healthy227,True,0.99961865
data/raw/Mendeley/plantvillage/Preprocessed data/healthy227/H622.jpg,healthy227,0,2,2,healthy227,healthy227,True,0.9998098
data/raw/Mendeley/plantvillage/Preprocessed data/healthy227/H625.jpg,healthy227,0,2,2,healthy227,healthy227,True,0.9999914
data/raw/Mendeley/plantvillage/Preprocessed data/healthy227/H627.jpg,healthy227,0,2,2,healthy227,healthy227,True,0.99993455
data/raw/Mendeley/plantvillage/Preprocessed data/healthy227/H629.jpg,healthy227,0,2,2,healthy227,healthy227,True,0.99999595
data/raw/Mendeley/plantvillage/Preprocessed data/healthy227/H642.jpg,healthy227,0,2,2,healthy227,healthy227,True,0.9999491
data/raw/Mendeley/plantvillage/Preprocessed data/healthy227/H644.jpg,healthy227,0,2,2,healthy227,healthy227,True,0.9999397
data/raw/Mendeley/plantvillage/Preprocessed data/healthy227/H645.jpg,healthy227,0,2,2,healthy227,healthy227,True,0.9999838
data/raw/Mendeley/plantvillage/Preprocessed data/healthy227/H649.jpg,healthy227,0,2,2,healthy227,healthy227,True,0.999871
data/raw/Mendeley/plantvillage/Preprocessed data/healthy227/H652.jpg,healthy227,0,2,2,healthy227,healthy227,True,0.99999917
data/raw/Mendeley/plantvillage/Preprocessed data/healthy227/H656.jpg,healthy227,0,2,2,healthy227,healthy227,True,0.9999864
data/raw/Mendeley/plantvillage/Preprocessed data/healthy227/H657.jpg,healthy227,0,2,2,healthy227,healthy227,True,0.9999827
data/raw/Mendeley/plantvillage/Preprocessed data/healthy227/H66.jpg,healthy227,0,2,2,healthy227,healthy227,True,0.99998176
data/raw/Mendeley/plantvillage/Preprocessed data/healthy227/H663.jpg,healthy227,0,2,2,healthy227,healthy227,True,0.9997646
data/raw/Mendeley/plantvillage/Preprocessed data/healthy227/H666.jpg,healthy227,0,2,2,healthy227,healthy227,True,0.99999213
data/raw/Mendeley/plantvillage/Preprocessed data/healthy227/H673.jpg,healthy227,0,2,2,healthy227,healthy227,True,0.99883956
data/raw/Mendeley/plantvillage/Preprocessed data/healthy227/H677.jpg,healthy227,0,2,2,healthy227,healthy227,True,0.99999416
data/raw/Mendeley/plantvillage/Preprocessed data/healthy227/H678.jpg,healthy227,0,2,2,healthy227,healthy227,True,0.9999316
data/raw/Mendeley/plantvillage/Preprocessed data/healthy227/H686.jpg,healthy227,0,2,2,healthy227,healthy227,True,0.99999857
data/raw/Mendeley/plantvillage/Preprocessed data/healthy227/H687.jpg,healthy227,0,2,2,healthy227,healthy227,True,0.9999765
data/raw/Mendeley/plantvillage/Preprocessed data/healthy227/H692.jpg,healthy227,0,2,2,healthy227,healthy227,True,0.99999106
data/raw/Mendeley/plantvillage/Preprocessed data/healthy227/H695.jpg,healthy227,0,2,2,healthy227,healthy227,True,0.99999166
data/raw/Mendeley/plantvillage/Preprocessed data/healthy227/H697.jpg,healthy227,0,2,2,healthy227,healthy227,True,0.99993145
data/raw/Mendeley/plantvillage/Preprocessed data/healthy227/H711.jpg,healthy227,0,2,2,healthy227,healthy227,True,0.9999995
data/raw/Mendeley/plantvillage/Preprocessed data/healthy227/H716.jpg,healthy227,0,2,2,healthy227,healthy227,True,0.9998934
data/raw/Mendeley/plantvillage/Preprocessed data/healthy227/H721.jpg,healthy227,0,2,2,healthy227,healthy227,True,0.9999349
data/raw/Mendeley/plantvillage/Preprocessed data/healthy227/H728.jpg,healthy227,0,2,2,healthy227,healthy227,True,0.997827
data/raw/Mendeley/plantvillage/Preprocessed data/healthy227/H730.jpg,healthy227,0,2,2,healthy227,healthy227,True,0.99992144
data/raw/Mendeley/plantvillage/Preprocessed data/healthy227/H733.jpg,healthy227,0,2,2,healthy227,healthy227,True,0.9999989
data/raw/Mendeley/plantvillage/Preprocessed data/healthy227/H738.jpg,healthy227,0,2,2,healthy227,healthy227,True,0.9999747
data/raw/Mendeley/plantvillage/Preprocessed data/healthy227/H745.jpg,healthy227,0,2,2,healthy227,healthy227,True,0.9999727
data/raw/Mendeley/plantvillage/Preprocessed data/healthy227/H753.jpg,healthy227,0,2,2,healthy227,healthy227,True,0.99987626
data/raw/Mendeley/plantvillage/Preprocessed data/healthy227/H757.jpg,healthy227,0,2,2,healthy227,healthy227,True,0.9999883
data/raw/Mendeley/plantvillage/Preprocessed data/healthy227/H758.jpg,healthy227,0,2,2,healthy227,healthy227,True,0.99954766
data/raw/Mendeley/plantvillage/Preprocessed data/healthy227/H760.jpg,healthy227,0,2,2,healthy227,healthy227,True,0.99995637
data/raw/Mendeley/plantvillage/Preprocessed data/healthy227/H767.jpg,healthy227,0,2,2,healthy227,healthy227,True,0.9999404
data/raw/Mendeley/plantvillage/Preprocessed data/healthy227/H772.jpg,healthy227,0,2,2,healthy227,healthy227,True,0.9954619
data/raw/Mendeley/plantvillage/Preprocessed data/healthy227/H775.jpg,healthy227,0,2,2,healthy227,healthy227,True,0.9999547
data/raw/Mendeley/plantvillage/Preprocessed data/healthy227/H776.jpg,healthy227,0,2,2,healthy227,healthy227,True,0.9996352
data/raw/Mendeley/plantvillage/Preprocessed data/healthy227/H778.jpg,healthy227,0,2,2,healthy227,healthy227,True,0.9999521
data/raw/Mendeley/plantvillage/Preprocessed data/healthy227/H783.jpg,healthy227,0,2,2,healthy227,healthy227,True,0.99989307
data/raw/Mendeley/plantvillage/Preprocessed data/healthy227/H785.jpg,healthy227,0,2,2,healthy227,healthy227,True,0.9999969
data/raw/Mendeley/plantvillage/Preprocessed data/healthy227/H787.jpg,healthy227,0,2,2,healthy227,healthy227,True,0.99901175
data/raw/Mendeley/plantvillage/Preprocessed data/healthy227/H79.jpg,healthy227,0,2,2,healthy227,healthy227,True,0.99999714
data/raw/Mendeley/plantvillage/Preprocessed data/healthy227/H798.jpg,healthy227,0,2,2,healthy227,healthy227,True,0.9996371
data/raw/Mendeley/plantvillage/Preprocessed data/healthy227/H816.jpg,healthy227,0,2,2,healthy227,healthy227,True,0.9999963
data/raw/Mendeley/plantvillage/Preprocessed data/healthy227/H819.jpg,healthy227,0,2,2,healthy227,healthy227,True,0.99998975
data/raw/Mendeley/plantvillage/Preprocessed data/healthy227/H82.jpg,healthy227,0,2,2,healthy227,healthy227,True,0.9999896
data/raw/Mendeley/plantvillage/Preprocessed data/healthy227/H828.jpg,healthy227,0,2,2,healthy227,healthy227,True,0.99932146
data/raw/Mendeley/plantvillage/Preprocessed data/healthy227/H83.jpg,healthy227,0,2,2,healthy227,healthy227,True,0.9984755
data/raw/Mendeley/plantvillage/Preprocessed data/healthy227/H831.jpg,healthy227,0,2,2,healthy227,healthy227,True,0.99997914
data/raw/Mendeley/plantvillage/Preprocessed data/healthy227/H832.jpg,healthy227,0,2,2,healthy227,healthy227,True,0.99994063
data/raw/Mendeley/plantvillage/Preprocessed data/healthy227/H836.jpg,healthy227,0,2,2,healthy227,healthy227,True,0.99991393
data/raw/Mendeley/plantvillage/Preprocessed data/healthy227/H842.jpg,healthy227,0,2,2,healthy227,healthy227,True,0.9998331
data/raw/Mendeley/plantvillage/Preprocessed data/healthy227/H848.jpg,healthy227,0,2,2,healthy227,healthy227,True,0.99998915
data/raw/Mendeley/plantvillage/Preprocessed data/healthy227/H85.jpg,healthy227,0,2,2,healthy227,healthy227,True,0.9999577
data/raw/Mendeley/plantvillage/Preprocessed data/healthy227/H860.jpg,healthy227,0,2,2,healthy227,healthy227,True,0.9999814
data/raw/Mendeley/plantvillage/Preprocessed data/healthy227/H862.jpg,healthy227,0,2,2,healthy227,healthy227,True,0.99990296
data/raw/Mendeley/plantvillage/Preprocessed data/healthy227/H864.jpg,healthy227,0,2,2,healthy227,healthy227,True,0.9999254
data/raw/Mendeley/plantvillage/Preprocessed data/healthy227/H867.jpg,healthy227,0,2,2,healthy227,healthy227,True,0.99999356
data/raw/Mendeley/plantvillage/Preprocessed data/healthy227/H868.jpg,healthy227,0,2,2,healthy227,healthy227,True,0.9999883
data/raw/Mendeley/plantvillage/Preprocessed data/healthy227/H871.jpg,healthy227,0,2,2,healthy227,healthy227,True,0.99969375
data/raw/Mendeley/plantvillage/Preprocessed data/healthy227/H876.jpg,healthy227,0,2,2,healthy227,healthy227,True,0.999701
data/raw/Mendeley/plantvillage/Preprocessed data/healthy227/H88.jpg,healthy227,0,2,2,healthy227,healthy227,True,0.99996054
data/raw/Mendeley/plantvillage/Preprocessed data/healthy227/H882.jpg,healthy227,0,2,2,healthy227,healthy227,True,0.9999113
data/raw/Mendeley/plantvillage/Preprocessed data/healthy227/H884.jpg,healthy227,0,2,2,healthy227,healthy227,True,0.9999893
data/raw/Mendeley/plantvillage/Preprocessed data/healthy227/H889.jpg,healthy227,0,2,2,healthy227,healthy227,True,0.9999943
data/raw/Mendeley/plantvillage/Preprocessed data/healthy227/H899.jpg,healthy227,0,2,2,healthy227,healthy227,True,0.9999838
data/raw/Mendeley/plantvillage/Preprocessed data/healthy227/H903.jpg,healthy227,0,2,2,healthy227,healthy227,True,0.99984324
data/raw/Mendeley/plantvillage/Preprocessed data/healthy227/H913.jpg,healthy227,0,2,2,healthy227,healthy227,True,0.9999981
data/raw/Mendeley/plantvillage/Preprocessed data/healthy227/H923.jpg,healthy227,0,2,2,healthy227,healthy227,True,0.99999714
data/raw/Mendeley/plantvillage/Preprocessed data/healthy227/H929.jpg,healthy227,0,2,2,healthy227,healthy227,True,0.99971277
data/raw/Mendeley/plantvillage/Preprocessed data/healthy227/H934.jpg,healthy227,0,2,2,healthy227,healthy227,True,0.9999509
data/raw/Mendeley/plantvillage/Preprocessed data/healthy227/H935.jpg,healthy227,0,2,2,healthy227,healthy227,True,0.99999416
data/raw/Mendeley/plantvillage/Preprocessed data/healthy227/H936.jpg,healthy227,0,2,2,healthy227,healthy227,True,0.99959415
data/raw/Mendeley/plantvillage/Preprocessed data/healthy227/H94.jpg,healthy227,0,2,2,healthy227,healthy227,True,0.99973184
data/raw/Mendeley/plantvillage/Preprocessed data/healthy227/H943.jpg,healthy227,0,2,2,healthy227,healthy227,True,0.9999682
data/raw/Mendeley/plantvillage/Preprocessed data/healthy227/H945.jpg,healthy227,0,2,2,healthy227,healthy227,True,0.99978393
data/raw/Mendeley/plantvillage/Preprocessed data/healthy227/H948.jpg,healthy227,0,2,2,healthy227,healthy227,True,0.9999628
data/raw/Mendeley/plantvillage/Preprocessed data/healthy227/H953.jpg,healthy227,0,2,2,healthy227,healthy227,True,0.9999918
data/raw/Mendeley/plantvillage/Preprocessed data/healthy227/H957.jpg,healthy227,0,2,2,healthy227,healthy227,True,0.9997485
data/raw/Mendeley/plantvillage/Preprocessed data/healthy227/H972.jpg,healthy227,0,2,2,healthy227,healthy227,True,0.9999827
data/raw/Mendeley/plantvillage/Preprocessed data/healthy227/H976.jpg,healthy227,0,2,2,healthy227,healthy227,True,0.999931
data/raw/Mendeley/plantvillage/Preprocessed data/healthy227/H984.jpg,healthy227,0,2,2,healthy227,healthy227,True,0.9999969
data/raw/Mendeley/plantvillage/Preprocessed data/healthy227/H992.jpg,healthy227,0,2,2,healthy227,healthy227,True,0.9999877
data/raw/Mendeley/plantvillage/Preprocessed data/healthy227/H993.jpg,healthy227,0,2,2,healthy227,healthy227,True,0.99886715
data/raw/Mendeley/plantvillage/Preprocessed data/healthy227/H998.jpg,healthy227,0,2,2,healthy227,healthy227,True,0.9999957
